#File written by RizomUV 2025.0.96.gd7fd59ee. Compilation :Sep 15 2025,14:05:29
mtllib Ô¶¾°buliding1.mtl
#begin vertices
v 0 0 -2.365
v 0 0 -0
v -3.3173 0 -0
v -3.3173 0 -2.365
v 0 34.6818 2.365
v 0 34.6818 -0
v -3.3173 34.6818 -0
v -3.3173 34.6818 2.365
v 2.9964 18.9073 5.4678
v 0.385 18.9073 5.4678
v 0.385 15.7746 5.4678
v 2.9964 15.7746 5.4678
v 9.783 18.8836 -1.98
v 9.8046 18.8877 -0.385
v 9.8046 15.7941 -0.385
v 9.783 15.7982 -1.98
v -3.3173 19.2552 -7.1487
v 0 19.2552 -7.1487
v 0 15.4266 -7.1487
v -3.3173 15.4266 -7.1487
v -9.8974 18.8939 1.98
v -9.8758 18.8897 0.385
v -9.8758 15.7921 0.385
v -9.8974 15.788 1.98
v 3.3173 34.6818 7.1487
v 0 34.6818 7.1487
v 0 31.0004 7.1487
v 3.3814 31.0004 7.1487
v 2.9964 30.6154 5.4678
v 0.385 30.6154 5.4678
v 0.385 27.4827 5.4678
v 2.9964 27.4827 5.4678
v 2.9964 26.7127 5.4678
v 0.385 26.7127 5.4678
v 0.385 23.58 5.4678
v 2.9964 23.58 5.4678
v 2.9964 22.81 5.4678
v 0.385 22.81 5.4678
v 0.385 19.6773 5.4678
v 2.9964 19.6773 5.4678
v -3.3173 0 7.1487
v 0 0 7.1487
v 0 3.6814 7.1487
v -3.3814 3.6814 7.1487
v -2.9964 4.0664 5.4678
v -0.385 4.0664 5.4678
v -0.385 7.1991 5.4678
v -2.9964 7.1991 5.4678
v -2.9964 7.9692 5.4678
v -0.385 7.9692 5.4678
v -0.385 11.1018 5.4678
v -2.9964 11.1018 5.4678
v -2.9964 11.8719 5.4678
v -0.385 11.8719 5.4678
v -0.385 15.0046 5.4678
v -2.9964 15.0046 5.4678
v 9.783 30.4498 -1.98
v 9.8046 30.4787 -0.385
v 9.8046 27.3852 -0.385
v 9.783 27.3645 -1.98
v 9.783 26.5944 -1.98
v 9.8046 26.6151 -0.385
v 9.8046 23.5215 -0.385
v 9.783 23.5091 -1.98
v 9.783 22.739 -1.98
v 9.8046 22.7514 -0.385
v 9.8046 19.6578 -0.385
v 9.783 19.6536 -1.98
v 9.8367 4.1602 1.98
v 9.8151 4.1892 0.385
v 9.8151 7.2867 0.385
v 9.8367 7.2661 1.98
v 9.8367 8.0361 1.98
v 9.8151 8.0568 0.385
v 9.8151 11.1544 0.385
v 9.8367 11.142 1.98
v 9.8367 11.9121 1.98
v 9.8151 11.9245 0.385
v 9.8151 15.0221 0.385
v 9.8367 15.0179 1.98
v -3.3173 34.6818 -7.1487
v 0 34.6818 -7.1487
v 0 30.7411 -7.1487
v -3.3173 30.7411 -7.1487
v 0 26.9125 -7.1487
v -3.3173 26.9125 -7.1487
v 0 23.0839 -7.1487
v -3.3173 23.0839 -7.1487
v 3.3173 0 -7.1487
v 0 0 -7.1487
v 0 3.9407 -7.1487
v 3.3173 3.9407 -7.1487
v 0 7.7694 -7.1487
v 3.3173 7.7694 -7.1487
v 0 11.598 -7.1487
v 3.3173 11.598 -7.1487
v 3.3173 15.4266 -7.1487
v -9.8974 30.5216 1.98
v -9.8758 30.4927 0.385
v -9.8758 27.3951 0.385
v -9.8974 27.4158 1.98
v -9.8974 26.6457 1.98
v -9.8758 26.625 0.385
v -9.8758 23.5274 0.385
v -9.8974 23.5398 1.98
v -9.8974 22.7698 1.98
v -9.8758 22.7574 0.385
v -9.8758 19.6598 0.385
v -9.8974 19.6639 1.98
v -9.8437 4.2321 -1.98
v -9.8653 4.2031 -0.385
v -9.8653 7.2967 -0.385
v -9.8437 7.3174 -1.98
v -9.8437 8.0874 -1.98
v -9.8653 8.0668 -0.385
v -9.8653 11.1604 -0.385
v -9.8437 11.1728 -1.98
v -9.8437 11.9428 -1.98
v -9.8653 11.9304 -0.385
v -9.8653 15.0241 -0.385
v -9.8437 15.0282 -1.98
v 10.0272 0 -2.365
v 10.0272 0 -0
v 6.6345 0 -0
v 6.6345 0 -2.365
v 3.3173 0 -0
v 3.3173 0 -2.365
v -10.0272 0 2.365
v -10.0272 0 -0
v -6.6345 0 -0
v -6.6345 0 2.365
v -3.3173 0 2.365
v 10.0272 34.6818 2.365
v 10.0272 34.6818 -0
v 6.6345 34.6818 -0
v 6.6345 34.6818 2.365
v 3.3173 34.6818 -0
v 3.3173 34.6818 2.365
v -10.0272 34.6818 -2.365
v -10.0272 34.6818 -0
v -6.6345 34.6818 -0
v -6.6345 34.6818 -2.365
v -3.3173 34.6818 -2.365
v -7.1479 18.9073 5.4678
v -9.8362 18.9073 5.4678
v -9.8362 15.7746 5.4678
v -7.1479 15.7746 5.4678
v -3.7665 18.9073 5.4678
v -6.3779 18.9073 5.4678
v -6.3779 15.7746 5.4678
v -3.7665 15.7746 5.4678
v -0.385 18.9073 5.4678
v -2.9964 18.9073 5.4678
v -2.9964 15.7746 5.4678
v -0.385 15.7746 5.4678
v 7.1479 15.7746 5.4678
v 9.8362 15.7746 5.4678
v 9.8362 18.9073 5.4678
v 7.1479 18.9073 5.4678
v 3.7665 15.7746 5.4678
v 6.3779 15.7746 5.4678
v 6.3779 18.9073 5.4678
v 3.7665 18.9073 5.4678
v 6.6345 19.2552 -7.1487
v 10.0272 19.2552 -7.1487
v 10.0272 15.4266 -7.1487
v 6.6345 15.4266 -7.1487
v 3.3173 19.2552 -7.1487
v -6.6345 15.4266 -7.1487
v -10.0272 15.4266 -7.1487
v -10.0272 19.2552 -7.1487
v -6.6345 19.2552 -7.1487
v -6.6345 34.6818 7.1487
v -10.0272 34.6818 7.1487
v -10.2212 31.0004 7.1487
v -6.7629 31.0004 7.1487
v -3.3173 34.6818 7.1487
v -3.3814 31.0004 7.1487
v 6.7629 31.0004 7.1487
v 10.2212 31.0004 7.1487
v 10.0272 34.6818 7.1487
v 6.6345 34.6818 7.1487
v -7.1479 30.6154 5.4678
v -9.8362 30.6154 5.4678
v -9.8362 27.4827 5.4678
v -7.1479 27.4827 5.4678
v -3.7665 30.6154 5.4678
v -6.3779 30.6154 5.4678
v -6.3779 27.4827 5.4678
v -3.7665 27.4827 5.4678
v -0.385 30.6154 5.4678
v -2.9964 30.6154 5.4678
v -2.9964 27.4827 5.4678
v -0.385 27.4827 5.4678
v 7.1479 27.4827 5.4678
v 9.8362 27.4827 5.4678
v 9.8362 30.6154 5.4678
v 7.1479 30.6154 5.4678
v 3.7665 27.4827 5.4678
v 6.3779 27.4827 5.4678
v 6.3779 30.6154 5.4678
v 3.7665 30.6154 5.4678
v -7.1479 26.7127 5.4678
v -9.8362 26.7127 5.4678
v -9.8362 23.58 5.4678
v -7.1479 23.58 5.4678
v -3.7665 26.7127 5.4678
v -6.3779 26.7127 5.4678
v -6.3779 23.58 5.4678
v -3.7665 23.58 5.4678
v -0.385 26.7127 5.4678
v -2.9964 26.7127 5.4678
v -2.9964 23.58 5.4678
v -0.385 23.58 5.4678
v 7.1479 23.58 5.4678
v 9.8362 23.58 5.4678
v 9.8362 26.7127 5.4678
v 7.1479 26.7127 5.4678
v 3.7665 23.58 5.4678
v 6.3779 23.58 5.4678
v 6.3779 26.7127 5.4678
v 3.7665 26.7127 5.4678
v -7.1479 22.81 5.4678
v -9.8362 22.81 5.4678
v -9.8362 19.6773 5.4678
v -7.1479 19.6773 5.4678
v -3.7665 22.81 5.4678
v -6.3779 22.81 5.4678
v -6.3779 19.6773 5.4678
v -3.7665 19.6773 5.4678
v -0.385 22.81 5.4678
v -2.9964 22.81 5.4678
v -2.9964 19.6773 5.4678
v -0.385 19.6773 5.4678
v 7.1479 19.6773 5.4678
v 9.8362 19.6773 5.4678
v 9.8362 22.81 5.4678
v 7.1479 22.81 5.4678
v 3.7665 19.6773 5.4678
v 6.3779 19.6773 5.4678
v 6.3779 22.81 5.4678
v 3.7665 22.81 5.4678
v 6.6345 0 7.1487
v 10.0272 0 7.1487
v 10.2212 3.6814 7.1487
v 6.7629 3.6814 7.1487
v 3.3173 0 7.1487
v 3.3814 3.6814 7.1487
v -6.7629 3.6814 7.1487
v -10.2212 3.6814 7.1487
v -10.0272 0 7.1487
v -6.6345 0 7.1487
v 7.1479 4.0664 5.4678
v 9.8362 4.0664 5.4678
v 9.8362 7.1991 5.4678
v 7.1479 7.1991 5.4678
v 3.7665 4.0664 5.4678
v 6.3779 4.0664 5.4678
v 6.3779 7.1991 5.4678
v 3.7665 7.1991 5.4678
v 0.385 4.0664 5.4678
v 2.9964 4.0664 5.4678
v 2.9964 7.1991 5.4678
v 0.385 7.1991 5.4678
v -7.1479 7.1991 5.4678
v -9.8362 7.1991 5.4678
v -9.8362 4.0664 5.4678
v -7.1479 4.0664 5.4678
v -3.7665 7.1991 5.4678
v -6.3779 7.1991 5.4678
v -6.3779 4.0664 5.4678
v -3.7665 4.0664 5.4678
v 7.1479 7.9692 5.4678
v 9.8362 7.9692 5.4678
v 9.8362 11.1018 5.4678
v 7.1479 11.1018 5.4678
v 3.7665 7.9692 5.4678
v 6.3779 7.9692 5.4678
v 6.3779 11.1018 5.4678
v 3.7665 11.1018 5.4678
v 0.385 7.9692 5.4678
v 2.9964 7.9692 5.4678
v 2.9964 11.1018 5.4678
v 0.385 11.1018 5.4678
v -7.1479 11.1018 5.4678
v -9.8362 11.1018 5.4678
v -9.8362 7.9692 5.4678
v -7.1479 7.9692 5.4678
v -3.7665 11.1018 5.4678
v -6.3779 11.1018 5.4678
v -6.3779 7.9692 5.4678
v -3.7665 7.9692 5.4678
v 7.1479 11.8719 5.4678
v 9.8362 11.8719 5.4678
v 9.8362 15.0046 5.4678
v 7.1479 15.0046 5.4678
v 3.7665 11.8719 5.4678
v 6.3779 11.8719 5.4678
v 6.3779 15.0046 5.4678
v 3.7665 15.0046 5.4678
v 0.385 11.8719 5.4678
v 2.9964 11.8719 5.4678
v 2.9964 15.0046 5.4678
v 0.385 15.0046 5.4678
v -7.1479 15.0046 5.4678
v -9.8362 15.0046 5.4678
v -9.8362 11.8719 5.4678
v -7.1479 11.8719 5.4678
v -3.7665 15.0046 5.4678
v -6.3779 15.0046 5.4678
v -6.3779 11.8719 5.4678
v -3.7665 11.8719 5.4678
v 6.6345 34.6818 -7.1487
v 10.0272 34.6818 -7.1487
v 10.0272 30.7411 -7.1487
v 6.6345 30.7411 -7.1487
v 3.3173 34.6818 -7.1487
v 3.3173 30.7411 -7.1487
v -6.6345 30.7411 -7.1487
v -10.0272 30.7411 -7.1487
v -10.0272 34.6818 -7.1487
v -6.6345 34.6818 -7.1487
v 10.0272 26.9125 -7.1487
v 6.6345 26.9125 -7.1487
v 3.3173 26.9125 -7.1487
v -6.6345 26.9125 -7.1487
v -10.0272 26.9125 -7.1487
v 10.0272 23.0839 -7.1487
v 6.6345 23.0839 -7.1487
v 3.3173 23.0839 -7.1487
v -6.6345 23.0839 -7.1487
v -10.0272 23.0839 -7.1487
v -6.6345 0 -7.1487
v -10.0272 0 -7.1487
v -10.0272 3.9407 -7.1487
v -6.6345 3.9407 -7.1487
v -3.3173 0 -7.1487
v -3.3173 3.9407 -7.1487
v 6.6345 3.9407 -7.1487
v 10.0272 3.9407 -7.1487
v 10.0272 0 -7.1487
v 6.6345 0 -7.1487
v -10.0272 7.7694 -7.1487
v -6.6345 7.7694 -7.1487
v -3.3173 7.7694 -7.1487
v 6.6345 7.7694 -7.1487
v 10.0272 7.7694 -7.1487
v -10.0272 11.598 -7.1487
v -6.6345 11.598 -7.1487
v -3.3173 11.598 -7.1487
v 6.6345 11.598 -7.1487
v 10.0272 11.598 -7.1487
v 3.3814 19.2923 7.1487
v 0 19.2923 7.1487
v 0.385 18.9073 7.1487
v 2.9964 18.9073 7.1487
v 0 15.3896 7.1487
v 0.385 15.7746 7.1487
v 3.3814 15.3896 7.1487
v 2.9964 15.7746 7.1487
v 0.385 30.6154 7.1487
v 2.9964 30.6154 7.1487
v 0 27.0977 7.1487
v 0.385 27.4827 7.1487
v 3.3814 27.0977 7.1487
v 2.9964 27.4827 7.1487
v 0.385 26.7127 7.1487
v 2.9964 26.7127 7.1487
v 0 23.195 7.1487
v 0.385 23.58 7.1487
v 3.3814 23.195 7.1487
v 2.9964 23.58 7.1487
v 0.385 22.81 7.1487
v 2.9964 22.81 7.1487
v 0.385 19.6773 7.1487
v 2.9964 19.6773 7.1487
v -0.385 4.0664 7.1487
v -2.9964 4.0664 7.1487
v 0 7.5841 7.1487
v -0.385 7.1991 7.1487
v -3.3814 7.5841 7.1487
v -2.9964 7.1991 7.1487
v -0.385 7.9692 7.1487
v -2.9964 7.9692 7.1487
v 0 11.4869 7.1487
v -0.385 11.1018 7.1487
v -3.3814 11.4869 7.1487
v -2.9964 11.1018 7.1487
v -0.385 11.8719 7.1487
v -2.9964 11.8719 7.1487
v -0.385 15.0046 7.1487
v -3.3814 15.3896 7.1487
v -2.9964 15.0046 7.1487
v -6.7629 19.2923 7.1487
v -10.2212 19.2923 7.1487
v -9.8362 18.9073 7.1487
v -7.1479 18.9073 7.1487
v -10.2212 15.3896 7.1487
v -9.8362 15.7746 7.1487
v -6.7629 15.3896 7.1487
v -7.1479 15.7746 7.1487
v -3.3814 19.2923 7.1487
v -6.3779 18.9073 7.1487
v -3.7665 18.9073 7.1487
v -6.3779 15.7746 7.1487
v -3.7665 15.7746 7.1487
v -2.9964 18.9073 7.1487
v -0.385 18.9073 7.1487
v -2.9964 15.7746 7.1487
v -0.385 15.7746 7.1487
v 6.7629 15.3896 7.1487
v 10.2212 15.3896 7.1487
v 9.8362 15.7746 7.1487
v 7.1479 15.7746 7.1487
v 10.2212 19.2923 7.1487
v 9.8362 18.9073 7.1487
v 6.7629 19.2923 7.1487
v 7.1479 18.9073 7.1487
v 6.3779 15.7746 7.1487
v 3.7665 15.7746 7.1487
v 6.3779 18.9073 7.1487
v 3.7665 18.9073 7.1487
v -9.8362 30.6154 7.1487
v -7.1479 30.6154 7.1487
v -10.2212 27.0977 7.1487
v -9.8362 27.4827 7.1487
v -6.7629 27.0977 7.1487
v -7.1479 27.4827 7.1487
v -6.3779 30.6154 7.1487
v -3.7665 30.6154 7.1487
v -6.3779 27.4827 7.1487
v -3.3814 27.0977 7.1487
v -3.7665 27.4827 7.1487
v -2.9964 30.6154 7.1487
v -0.385 30.6154 7.1487
v -2.9964 27.4827 7.1487
v -0.385 27.4827 7.1487
v 6.7629 27.0977 7.1487
v 10.2212 27.0977 7.1487
v 9.8362 27.4827 7.1487
v 7.1479 27.4827 7.1487
v 9.8362 30.6154 7.1487
v 7.1479 30.6154 7.1487
v 6.3779 27.4827 7.1487
v 3.7665 27.4827 7.1487
v 6.3779 30.6154 7.1487
v 3.7665 30.6154 7.1487
v -9.8362 26.7127 7.1487
v -7.1479 26.7127 7.1487
v -10.2212 23.195 7.1487
v -9.8362 23.58 7.1487
v -6.7629 23.195 7.1487
v -7.1479 23.58 7.1487
v -6.3779 26.7127 7.1487
v -3.7665 26.7127 7.1487
v -6.3779 23.58 7.1487
v -3.3814 23.195 7.1487
v -3.7665 23.58 7.1487
v -2.9964 26.7127 7.1487
v -0.385 26.7127 7.1487
v -2.9964 23.58 7.1487
v -0.385 23.58 7.1487
v 6.7629 23.195 7.1487
v 10.2212 23.195 7.1487
v 9.8362 23.58 7.1487
v 7.1479 23.58 7.1487
v 9.8362 26.7127 7.1487
v 7.1479 26.7127 7.1487
v 6.3779 23.58 7.1487
v 3.7665 23.58 7.1487
v 6.3779 26.7127 7.1487
v 3.7665 26.7127 7.1487
v -9.8362 22.81 7.1487
v -7.1479 22.81 7.1487
v -9.8362 19.6773 7.1487
v -7.1479 19.6773 7.1487
v -6.3779 22.81 7.1487
v -3.7665 22.81 7.1487
v -6.3779 19.6773 7.1487
v -3.7665 19.6773 7.1487
v -2.9964 22.81 7.1487
v -0.385 22.81 7.1487
v -2.9964 19.6773 7.1487
v -0.385 19.6773 7.1487
v 9.8362 19.6773 7.1487
v 7.1479 19.6773 7.1487
v 9.8362 22.81 7.1487
v 7.1479 22.81 7.1487
v 6.3779 19.6773 7.1487
v 3.7665 19.6773 7.1487
v 6.3779 22.81 7.1487
v 3.7665 22.81 7.1487
v 9.8362 4.0664 7.1487
v 7.1479 4.0664 7.1487
v 10.2212 7.5841 7.1487
v 9.8362 7.1991 7.1487
v 6.7629 7.5841 7.1487
v 7.1479 7.1991 7.1487
v 6.3779 4.0664 7.1487
v 3.7665 4.0664 7.1487
v 6.3779 7.1991 7.1487
v 3.3814 7.5841 7.1487
v 3.7665 7.1991 7.1487
v 2.9964 4.0664 7.1487
v 0.385 4.0664 7.1487
v 2.9964 7.1991 7.1487
v 0.385 7.1991 7.1487
v -6.7629 7.5841 7.1487
v -10.2212 7.5841 7.1487
v -9.8362 7.1991 7.1487
v -7.1479 7.1991 7.1487
v -9.8362 4.0664 7.1487
v -7.1479 4.0664 7.1487
v -6.3779 7.1991 7.1487
v -3.7665 7.1991 7.1487
v -6.3779 4.0664 7.1487
v -3.7665 4.0664 7.1487
v 9.8362 7.9692 7.1487
v 7.1479 7.9692 7.1487
v 10.2212 11.4869 7.1487
v 9.8362 11.1018 7.1487
v 6.7629 11.4869 7.1487
v 7.1479 11.1018 7.1487
v 6.3779 7.9692 7.1487
v 3.7665 7.9692 7.1487
v 6.3779 11.1018 7.1487
v 3.3814 11.4869 7.1487
v 3.7665 11.1018 7.1487
v 2.9964 7.9692 7.1487
v 0.385 7.9692 7.1487
v 2.9964 11.1018 7.1487
v 0.385 11.1018 7.1487
v -6.7629 11.4869 7.1487
v -10.2212 11.4869 7.1487
v -9.8362 11.1018 7.1487
v -7.1479 11.1018 7.1487
v -9.8362 7.9692 7.1487
v -7.1479 7.9692 7.1487
v -6.3779 11.1018 7.1487
v -3.7665 11.1018 7.1487
v -6.3779 7.9692 7.1487
v -3.7665 7.9692 7.1487
v 9.8362 11.8719 7.1487
v 7.1479 11.8719 7.1487
v 9.8362 15.0046 7.1487
v 7.1479 15.0046 7.1487
v 6.3779 11.8719 7.1487
v 3.7665 11.8719 7.1487
v 6.3779 15.0046 7.1487
v 3.7665 15.0046 7.1487
v 2.9964 11.8719 7.1487
v 0.385 11.8719 7.1487
v 2.9964 15.0046 7.1487
v 0.385 15.0046 7.1487
v -9.8362 15.0046 7.1487
v -7.1479 15.0046 7.1487
v -9.8362 11.8719 7.1487
v -7.1479 11.8719 7.1487
v -6.3779 15.0046 7.1487
v -3.7665 15.0046 7.1487
v -6.3779 11.8719 7.1487
v -3.7665 11.8719 7.1487
v 0 0 4.73
v -3.3173 0 4.73
v 0 0 2.365
v -3.3173 0 -4.73
v 0 0 -4.73
v 0 34.6818 -4.73
v -3.3173 34.6818 -4.73
v 0 34.6818 -2.365
v -3.3173 34.6818 4.73
v 0 34.6818 4.73
v 9.8793 18.902 5.1149
v 9.9017 18.9063 6.7638
v 9.9017 15.7756 6.7638
v 9.8793 15.7799 5.1149
v 9.8472 18.8959 2.75
v 9.8688 18.9 4.345
v 9.8688 15.7818 4.345
v 9.8472 15.786 2.75
v 9.8151 18.8897 0.385
v 9.8367 18.8939 1.98
v 9.8367 15.788 1.98
v 9.8151 15.7921 0.385
v 9.7405 15.8064 -5.1149
v 9.7181 15.8106 -6.7638
v 9.7181 18.8712 -6.7638
v 9.7405 18.8755 -5.1149
v 9.7725 15.8002 -2.75
v 9.7509 15.8044 -4.345
v 9.7509 18.8775 -4.345
v 9.7725 18.8816 -2.75
v -9.8011 18.8755 -5.1149
v -9.7788 18.8712 -6.7638
v -9.7788 15.8106 -6.7638
v -9.8011 15.8064 -5.1149
v -9.8332 18.8816 -2.75
v -9.8116 18.8775 -4.345
v -9.8116 15.8044 -4.345
v -9.8332 15.8002 -2.75
v -9.8653 18.8877 -0.385
v -9.8437 18.8836 -1.98
v -9.8437 15.7982 -1.98
v -9.8653 15.7941 -0.385
v -9.94 15.7799 5.1149
v -9.9623 15.7756 6.7638
v -9.9623 18.9063 6.7638
v -9.94 18.902 5.1149
v -9.9079 15.786 2.75
v -9.9295 15.7818 4.345
v -9.9295 18.9 4.345
v -9.9079 18.8959 2.75
v 9.8793 30.5785 5.1149
v 9.9017 30.6084 6.7638
v 9.9017 27.4778 6.7638
v 9.8793 27.4564 5.1149
v 9.8472 30.5356 2.75
v 9.8688 30.5645 4.345
v 9.8688 27.4464 4.345
v 9.8472 27.4258 2.75
v 9.8151 30.4927 0.385
v 9.8367 30.5216 1.98
v 9.8367 27.4158 1.98
v 9.8151 27.3951 0.385
v 9.7405 27.3239 -5.1149
v 9.7181 27.3025 -6.7638
v 9.7181 30.363 -6.7638
v 9.7405 30.3929 -5.1149
v 9.7725 27.3545 -2.75
v 9.7509 27.3339 -4.345
v 9.7509 30.4069 -4.345
v 9.7725 30.4358 -2.75
v 9.8793 26.6863 5.1149
v 9.9017 26.7077 6.7638
v 9.9017 23.577 6.7638
v 9.8793 23.5642 5.1149
v 9.8472 26.6557 2.75
v 9.8688 26.6763 4.345
v 9.8688 23.5582 4.345
v 9.8472 23.5458 2.75
v 9.8151 26.625 0.385
v 9.8367 26.6457 1.98
v 9.8367 23.5398 1.98
v 9.8151 23.5274 0.385
v 9.7405 23.4847 -5.1149
v 9.7181 23.4719 -6.7638
v 9.7181 26.5324 -6.7638
v 9.7405 26.5538 -5.1149
v 9.7725 23.5031 -2.75
v 9.7509 23.4907 -4.345
v 9.7509 26.5638 -4.345
v 9.7725 26.5844 -2.75
v 9.8793 22.7942 5.1149
v 9.9017 22.807 6.7638
v 9.9017 19.6763 6.7638
v 9.8793 19.672 5.1149
v 9.8472 22.7758 2.75
v 9.8688 22.7882 4.345
v 9.8688 19.67 4.345
v 9.8472 19.6659 2.75
v 9.8151 22.7574 0.385
v 9.8367 22.7698 1.98
v 9.8367 19.6639 1.98
v 9.8151 19.6598 0.385
v 9.7405 19.6455 -5.1149
v 9.7181 19.6412 -6.7638
v 9.7181 22.7018 -6.7638
v 9.7405 22.7146 -5.1149
v 9.7725 19.6516 -2.75
v 9.7509 19.6475 -4.345
v 9.7509 22.7206 -4.345
v 9.7725 22.733 -2.75
v 9.7405 4.2889 -5.1149
v 9.7181 4.3188 -6.7638
v 9.7181 7.3793 -6.7638
v 9.7405 7.358 -5.1149
v 9.7725 4.246 -2.75
v 9.7509 4.275 -4.345
v 9.7509 7.348 -4.345
v 9.7725 7.3273 -2.75
v 9.8046 4.2031 -0.385
v 9.783 4.2321 -1.98
v 9.783 7.3174 -1.98
v 9.8046 7.2967 -0.385
v 9.8793 7.2254 5.1149
v 9.9017 7.2041 6.7638
v 9.9017 4.0735 6.7638
v 9.8793 4.1034 5.1149
v 9.8472 7.2561 2.75
v 9.8688 7.2354 4.345
v 9.8688 4.1174 4.345
v 9.8472 4.1463 2.75
v 9.7405 8.1281 -5.1149
v 9.7181 8.1494 -6.7638
v 9.7181 11.21 -6.7638
v 9.7405 11.1971 -5.1149
v 9.7725 8.0974 -2.75
v 9.7509 8.1181 -4.345
v 9.7509 11.1912 -4.345
v 9.7725 11.1788 -2.75
v 9.8046 8.0668 -0.385
v 9.783 8.0874 -1.98
v 9.783 11.1728 -1.98
v 9.8046 11.1604 -0.385
v 9.8793 11.1176 5.1149
v 9.9017 11.1048 6.7638
v 9.9017 7.9742 6.7638
v 9.8793 7.9955 5.1149
v 9.8472 11.136 2.75
v 9.8688 11.1236 4.345
v 9.8688 8.0055 4.345
v 9.8472 8.0262 2.75
v 9.7405 11.9672 -5.1149
v 9.7181 11.98 -6.7638
v 9.7181 15.0406 -6.7638
v 9.7405 15.0363 -5.1149
v 9.7725 11.9488 -2.75
v 9.7509 11.9612 -4.345
v 9.7509 15.0343 -4.345
v 9.7725 15.0302 -2.75
v 9.8046 11.9304 -0.385
v 9.783 11.9428 -1.98
v 9.783 15.0282 -1.98
v 9.8046 15.0241 -0.385
v 9.8793 15.0098 5.1149
v 9.9017 15.0055 6.7638
v 9.9017 11.8749 6.7638
v 9.8793 11.8877 5.1149
v 9.8472 15.0159 2.75
v 9.8688 15.0118 4.345
v 9.8688 11.8937 4.345
v 9.8472 11.9061 2.75
v -9.8011 30.3929 -5.1149
v -9.7788 30.363 -6.7638
v -9.7788 27.3025 -6.7638
v -9.8011 27.3239 -5.1149
v -9.8332 30.4358 -2.75
v -9.8116 30.4069 -4.345
v -9.8116 27.3339 -4.345
v -9.8332 27.3545 -2.75
v -9.8653 30.4787 -0.385
v -9.8437 30.4498 -1.98
v -9.8437 27.3645 -1.98
v -9.8653 27.3852 -0.385
v -9.94 27.4564 5.1149
v -9.9623 27.4778 6.7638
v -9.9623 30.6084 6.7638
v -9.94 30.5785 5.1149
v -9.9079 27.4258 2.75
v -9.9295 27.4464 4.345
v -9.9295 30.5645 4.345
v -9.9079 30.5356 2.75
v -9.8011 26.5538 -5.1149
v -9.7788 26.5324 -6.7638
v -9.7788 23.4719 -6.7638
v -9.8011 23.4847 -5.1149
v -9.8332 26.5844 -2.75
v -9.8116 26.5638 -4.345
v -9.8116 23.4907 -4.345
v -9.8332 23.5031 -2.75
v -9.8653 26.6151 -0.385
v -9.8437 26.5944 -1.98
v -9.8437 23.5091 -1.98
v -9.8653 23.5215 -0.385
v -9.94 23.5642 5.1149
v -9.9623 23.577 6.7638
v -9.9623 26.7077 6.7638
v -9.94 26.6863 5.1149
v -9.9079 23.5458 2.75
v -9.9295 23.5582 4.345
v -9.9295 26.6763 4.345
v -9.9079 26.6557 2.75
v -9.8011 22.7146 -5.1149
v -9.7788 22.7018 -6.7638
v -9.7788 19.6412 -6.7638
v -9.8011 19.6455 -5.1149
v -9.8332 22.733 -2.75
v -9.8116 22.7206 -4.345
v -9.8116 19.6475 -4.345
v -9.8332 19.6516 -2.75
v -9.8653 22.7514 -0.385
v -9.8437 22.739 -1.98
v -9.8437 19.6536 -1.98
v -9.8653 19.6578 -0.385
v -9.94 19.672 5.1149
v -9.9623 19.6763 6.7638
v -9.9623 22.807 6.7638
v -9.94 22.7942 5.1149
v -9.9079 19.6659 2.75
v -9.9295 19.67 4.345
v -9.9295 22.7882 4.345
v -9.9079 22.7758 2.75
v -9.94 4.1034 5.1149
v -9.9623 4.0735 6.7638
v -9.9623 7.2041 6.7638
v -9.94 7.2254 5.1149
v -9.9079 4.1463 2.75
v -9.9295 4.1174 4.345
v -9.9295 7.2354 4.345
v -9.9079 7.2561 2.75
v -9.8758 4.1892 0.385
v -9.8974 4.1602 1.98
v -9.8974 7.2661 1.98
v -9.8758 7.2867 0.385
v -9.8011 7.358 -5.1149
v -9.7788 7.3793 -6.7638
v -9.7788 4.3188 -6.7638
v -9.8011 4.2889 -5.1149
v -9.8332 7.3273 -2.75
v -9.8116 7.348 -4.345
v -9.8116 4.275 -4.345
v -9.8332 4.246 -2.75
v -9.94 7.9955 5.1149
v -9.9623 7.9742 6.7638
v -9.9623 11.1048 6.7638
v -9.94 11.1176 5.1149
v -9.9079 8.0262 2.75
v -9.9295 8.0055 4.345
v -9.9295 11.1236 4.345
v -9.9079 11.136 2.75
v -9.8758 8.0568 0.385
v -9.8974 8.0361 1.98
v -9.8974 11.142 1.98
v -9.8758 11.1544 0.385
v -9.8011 11.1971 -5.1149
v -9.7788 11.21 -6.7638
v -9.7788 8.1494 -6.7638
v -9.8011 8.1281 -5.1149
v -9.8332 11.1788 -2.75
v -9.8116 11.1912 -4.345
v -9.8116 8.1181 -4.345
v -9.8332 8.0974 -2.75
v -9.94 11.8877 5.1149
v -9.9623 11.8749 6.7638
v -9.9623 15.0055 6.7638
v -9.94 15.0098 5.1149
v -9.9079 11.9061 2.75
v -9.9295 11.8937 4.345
v -9.9295 15.0118 4.345
v -9.9079 15.0159 2.75
v -9.8758 11.9245 0.385
v -9.8974 11.9121 1.98
v -9.8974 15.0179 1.98
v -9.8758 15.0221 0.385
v -9.8011 15.0363 -5.1149
v -9.7788 15.0406 -6.7638
v -9.7788 11.98 -6.7638
v -9.8011 11.9672 -5.1149
v -9.8332 15.0302 -2.75
v -9.8116 15.0343 -4.345
v -9.8116 11.9612 -4.345
v -9.8332 11.9488 -2.75
v 10.0272 0 4.73
v 6.6345 0 4.73
v 10.0272 0 2.365
v 6.6345 0 2.365
v 6.6345 0 -4.73
v 10.0272 0 -4.73
v 3.3173 0 4.73
v 3.3173 0 2.365
v 3.3173 0 -4.73
v -10.0272 0 -4.73
v -6.6345 0 -4.73
v -10.0272 0 -2.365
v -6.6345 0 -2.365
v -6.6345 0 4.73
v -10.0272 0 4.73
v 10.0272 34.6818 -4.73
v 6.6345 34.6818 -4.73
v 10.0272 34.6818 -2.365
v 6.6345 34.6818 -2.365
v 6.6345 34.6818 4.73
v 10.0272 34.6818 4.73
v 3.3173 34.6818 -4.73
v 3.3173 34.6818 -2.365
v 3.3173 34.6818 4.73
v -10.0272 34.6818 4.73
v -6.6345 34.6818 4.73
v -10.0272 34.6818 2.365
v -6.6345 34.6818 2.365
v -6.6345 34.6818 -4.73
v -10.0272 34.6818 -4.73
v 10.0921 19.2676 -2.365
v 10.1242 19.2738 -0
v 10.119 18.8877 -0.385
v 10.0974 18.8836 -1.98
v 10.1242 15.4081 -0
v 10.119 15.7941 -0.385
v 10.0921 15.4142 -2.365
v 10.0974 15.7982 -1.98
v -10.1563 19.2799 2.365
v -10.1242 19.2738 -0
v -10.1294 18.8897 0.385
v -10.1511 18.8939 1.98
v -10.1242 15.4081 -0
v -10.1294 15.7921 0.385
v -10.1563 15.402 2.365
v -10.1511 15.788 1.98
v 10.0921 30.8279 -2.365
v 10.1242 30.8708 -0
v 10.119 30.4787 -0.385
v 10.0974 30.4498 -1.98
v 10.1242 27.0051 -0
v 10.119 27.3852 -0.385
v 10.0921 26.9745 -2.365
v 10.0974 27.3645 -1.98
v 10.119 26.6151 -0.385
v 10.0974 26.5944 -1.98
v 10.1242 23.1394 -0
v 10.119 23.5215 -0.385
v 10.0921 23.121 -2.365
v 10.0974 23.5091 -1.98
v 10.119 22.7514 -0.385
v 10.0974 22.739 -1.98
v 10.119 19.6578 -0.385
v 10.0974 19.6536 -1.98
v 10.1563 3.7682 2.365
v 10.1242 3.8111 -0
v 10.1294 4.1892 0.385
v 10.1511 4.1602 1.98
v 10.1242 7.6767 -0
v 10.1294 7.2867 0.385
v 10.1563 7.6461 2.365
v 10.1511 7.2661 1.98
v 10.1294 8.0568 0.385
v 10.1511 8.0361 1.98
v 10.1242 11.5424 -0
v 10.1294 11.1544 0.385
v 10.1563 11.524 2.365
v 10.1511 11.142 1.98
v 10.1294 11.9245 0.385
v 10.1511 11.9121 1.98
v 10.1294 15.0221 0.385
v 10.1563 15.402 2.365
v 10.1511 15.0179 1.98
v -10.1563 30.9137 2.365
v -10.1242 30.8708 -0
v -10.1294 30.4927 0.385
v -10.1511 30.5216 1.98
v -10.1242 27.0051 -0
v -10.1294 27.3951 0.385
v -10.1563 27.0357 2.365
v -10.1511 27.4158 1.98
v -10.1294 26.625 0.385
v -10.1511 26.6457 1.98
v -10.1242 23.1394 -0
v -10.1294 23.5274 0.385
v -10.1563 23.1578 2.365
v -10.1511 23.5398 1.98
v -10.1294 22.7574 0.385
v -10.1511 22.7698 1.98
v -10.1294 19.6598 0.385
v -10.1511 19.6639 1.98
v -10.0921 3.854 -2.365
v -10.1242 3.8111 -0
v -10.119 4.2031 -0.385
v -10.0974 4.2321 -1.98
v -10.1242 7.6767 -0
v -10.119 7.2967 -0.385
v -10.0921 7.7074 -2.365
v -10.0974 7.3174 -1.98
v -10.119 8.0668 -0.385
v -10.0974 8.0874 -1.98
v -10.1242 11.5424 -0
v -10.119 11.1604 -0.385
v -10.0921 11.5608 -2.365
v -10.0974 11.1728 -1.98
v -10.119 11.9304 -0.385
v -10.0974 11.9428 -1.98
v -10.119 15.0241 -0.385
v -10.0921 15.4142 -2.365
v -10.0974 15.0282 -1.98
v 10.1884 19.286 4.73
v 10.216 18.9063 6.7638
v 10.1936 18.902 5.1149
v 10.216 15.7756 6.7638
v 10.1884 15.3958 4.73
v 10.1936 15.7799 5.1149
v 10.1563 19.2799 2.365
v 10.1832 18.9 4.345
v 10.1615 18.8959 2.75
v 10.1832 15.7818 4.345
v 10.1615 15.786 2.75
v 10.1511 18.8939 1.98
v 10.1294 18.8897 0.385
v 10.1511 15.788 1.98
v 10.1294 15.7921 0.385
v 10.06 15.4203 -4.73
v 10.0324 15.8106 -6.7638
v 10.0548 15.8064 -5.1149
v 10.0324 18.8712 -6.7638
v 10.06 19.2615 -4.73
v 10.0548 18.8755 -5.1149
v 10.0653 15.8044 -4.345
v 10.0869 15.8002 -2.75
v 10.0653 18.8775 -4.345
v 10.0869 18.8816 -2.75
v -10.06 19.2615 -4.73
v -10.0324 18.8712 -6.7638
v -10.0548 18.8755 -5.1149
v -10.0324 15.8106 -6.7638
v -10.06 15.4203 -4.73
v -10.0548 15.8064 -5.1149
v -10.0921 19.2676 -2.365
v -10.0653 18.8775 -4.345
v -10.0869 18.8816 -2.75
v -10.0653 15.8044 -4.345
v -10.0869 15.8002 -2.75
v -10.0974 18.8836 -1.98
v -10.119 18.8877 -0.385
v -10.0974 15.7982 -1.98
v -10.119 15.7941 -0.385
v -10.1884 15.3958 4.73
v -10.216 15.7756 6.7638
v -10.1936 15.7799 5.1149
v -10.216 18.9063 6.7638
v -10.1884 19.286 4.73
v -10.1936 18.902 5.1149
v -10.1832 15.7818 4.345
v -10.1615 15.786 2.75
v -10.1832 18.9 4.345
v -10.1615 18.8959 2.75
v 10.1884 30.9565 4.73
v 10.216 30.6084 6.7638
v 10.1936 30.5785 5.1149
v 10.216 27.4778 6.7638
v 10.1884 27.0664 4.73
v 10.1936 27.4564 5.1149
v 10.1563 30.9137 2.365
v 10.1832 30.5645 4.345
v 10.1615 30.5356 2.75
v 10.1832 27.4464 4.345
v 10.1563 27.0357 2.365
v 10.1615 27.4258 2.75
v 10.1511 30.5216 1.98
v 10.1294 30.4927 0.385
v 10.1511 27.4158 1.98
v 10.1294 27.3951 0.385
v 10.06 26.9438 -4.73
v 10.0324 27.3025 -6.7638
v 10.0548 27.3239 -5.1149
v 10.0324 30.363 -6.7638
v 10.06 30.785 -4.73
v 10.0548 30.3929 -5.1149
v 10.0653 27.3339 -4.345
v 10.0869 27.3545 -2.75
v 10.0653 30.4069 -4.345
v 10.0869 30.4358 -2.75
v 10.216 26.7077 6.7638
v 10.1936 26.6863 5.1149
v 10.216 23.577 6.7638
v 10.1884 23.1762 4.73
v 10.1936 23.5642 5.1149
v 10.1832 26.6763 4.345
v 10.1615 26.6557 2.75
v 10.1832 23.5582 4.345
v 10.1563 23.1578 2.365
v 10.1615 23.5458 2.75
v 10.1511 26.6457 1.98
v 10.1294 26.625 0.385
v 10.1511 23.5398 1.98
v 10.1294 23.5274 0.385
v 10.06 23.1027 -4.73
v 10.0324 23.4719 -6.7638
v 10.0548 23.4847 -5.1149
v 10.0324 26.5324 -6.7638
v 10.0548 26.5538 -5.1149
v 10.0653 23.4907 -4.345
v 10.0869 23.5031 -2.75
v 10.0653 26.5638 -4.345
v 10.0869 26.5844 -2.75
v 10.216 22.807 6.7638
v 10.1936 22.7942 5.1149
v 10.216 19.6763 6.7638
v 10.1936 19.672 5.1149
v 10.1832 22.7882 4.345
v 10.1615 22.7758 2.75
v 10.1832 19.67 4.345
v 10.1615 19.6659 2.75
v 10.1511 22.7698 1.98
v 10.1294 22.7574 0.385
v 10.1511 19.6639 1.98
v 10.1294 19.6598 0.385
v 10.0324 19.6412 -6.7638
v 10.0548 19.6455 -5.1149
v 10.0324 22.7018 -6.7638
v 10.0548 22.7146 -5.1149
v 10.0653 19.6475 -4.345
v 10.0869 19.6516 -2.75
v 10.0653 22.7206 -4.345
v 10.0869 22.733 -2.75
v 10.06 3.8969 -4.73
v 10.0324 4.3188 -6.7638
v 10.0548 4.2889 -5.1149
v 10.0324 7.3793 -6.7638
v 10.06 7.738 -4.73
v 10.0548 7.358 -5.1149
v 10.0921 3.854 -2.365
v 10.0653 4.275 -4.345
v 10.0869 4.246 -2.75
v 10.0653 7.348 -4.345
v 10.0921 7.7074 -2.365
v 10.0869 7.3273 -2.75
v 10.0974 4.2321 -1.98
v 10.119 4.2031 -0.385
v 10.0974 7.3174 -1.98
v 10.119 7.2967 -0.385
v 10.1884 7.6155 4.73
v 10.216 7.2041 6.7638
v 10.1936 7.2254 5.1149
v 10.216 4.0735 6.7638
v 10.1884 3.7253 4.73
v 10.1936 4.1034 5.1149
v 10.1832 7.2354 4.345
v 10.1615 7.2561 2.75
v 10.1832 4.1174 4.345
v 10.1615 4.1463 2.75
v 10.0324 8.1494 -6.7638
v 10.0548 8.1281 -5.1149
v 10.0324 11.21 -6.7638
v 10.06 11.5792 -4.73
v 10.0548 11.1971 -5.1149
v 10.0653 8.1181 -4.345
v 10.0869 8.0974 -2.75
v 10.0653 11.1912 -4.345
v 10.0921 11.5608 -2.365
v 10.0869 11.1788 -2.75
v 10.0974 8.0874 -1.98
v 10.119 8.0668 -0.385
v 10.0974 11.1728 -1.98
v 10.119 11.1604 -0.385
v 10.1884 11.5057 4.73
v 10.216 11.1048 6.7638
v 10.1936 11.1176 5.1149
v 10.216 7.9742 6.7638
v 10.1936 7.9955 5.1149
v 10.1832 11.1236 4.345
v 10.1615 11.136 2.75
v 10.1832 8.0055 4.345
v 10.1615 8.0262 2.75
v 10.0324 11.98 -6.7638
v 10.0548 11.9672 -5.1149
v 10.0324 15.0406 -6.7638
v 10.0548 15.0363 -5.1149
v 10.0653 11.9612 -4.345
v 10.0869 11.9488 -2.75
v 10.0653 15.0343 -4.345
v 10.0869 15.0302 -2.75
v 10.0974 11.9428 -1.98
v 10.119 11.9304 -0.385
v 10.0974 15.0282 -1.98
v 10.119 15.0241 -0.385
v 10.216 15.0055 6.7638
v 10.1936 15.0098 5.1149
v 10.216 11.8749 6.7638
v 10.1936 11.8877 5.1149
v 10.1832 15.0118 4.345
v 10.1615 15.0159 2.75
v 10.1832 11.8937 4.345
v 10.1615 11.9061 2.75
v -10.06 30.785 -4.73
v -10.0324 30.363 -6.7638
v -10.0548 30.3929 -5.1149
v -10.0324 27.3025 -6.7638
v -10.06 26.9438 -4.73
v -10.0548 27.3239 -5.1149
v -10.0921 30.8279 -2.365
v -10.0653 30.4069 -4.345
v -10.0869 30.4358 -2.75
v -10.0653 27.3339 -4.345
v -10.0921 26.9745 -2.365
v -10.0869 27.3545 -2.75
v -10.0974 30.4498 -1.98
v -10.119 30.4787 -0.385
v -10.0974 27.3645 -1.98
v -10.119 27.3852 -0.385
v -10.1884 27.0664 4.73
v -10.216 27.4778 6.7638
v -10.1936 27.4564 5.1149
v -10.216 30.6084 6.7638
v -10.1884 30.9565 4.73
v -10.1936 30.5785 5.1149
v -10.1832 27.4464 4.345
v -10.1615 27.4258 2.75
v -10.1832 30.5645 4.345
v -10.1615 30.5356 2.75
v -10.0324 26.5324 -6.7638
v -10.0548 26.5538 -5.1149
v -10.0324 23.4719 -6.7638
v -10.06 23.1027 -4.73
v -10.0548 23.4847 -5.1149
v -10.0653 26.5638 -4.345
v -10.0869 26.5844 -2.75
v -10.0653 23.4907 -4.345
v -10.0921 23.121 -2.365
v -10.0869 23.5031 -2.75
v -10.0974 26.5944 -1.98
v -10.119 26.6151 -0.385
v -10.0974 23.5091 -1.98
v -10.119 23.5215 -0.385
v -10.1884 23.1762 4.73
v -10.216 23.577 6.7638
v -10.1936 23.5642 5.1149
v -10.216 26.7077 6.7638
v -10.1936 26.6863 5.1149
v -10.1832 23.5582 4.345
v -10.1615 23.5458 2.75
v -10.1832 26.6763 4.345
v -10.1615 26.6557 2.75
v -10.0324 22.7018 -6.7638
v -10.0548 22.7146 -5.1149
v -10.0324 19.6412 -6.7638
v -10.0548 19.6455 -5.1149
v -10.0653 22.7206 -4.345
v -10.0869 22.733 -2.75
v -10.0653 19.6475 -4.345
v -10.0869 19.6516 -2.75
v -10.0974 22.739 -1.98
v -10.119 22.7514 -0.385
v -10.0974 19.6536 -1.98
v -10.119 19.6578 -0.385
v -10.216 19.6763 6.7638
v -10.1936 19.672 5.1149
v -10.216 22.807 6.7638
v -10.1936 22.7942 5.1149
v -10.1832 19.67 4.345
v -10.1615 19.6659 2.75
v -10.1832 22.7882 4.345
v -10.1615 22.7758 2.75
v -10.1884 3.7253 4.73
v -10.216 4.0735 6.7638
v -10.1936 4.1034 5.1149
v -10.216 7.2041 6.7638
v -10.1884 7.6155 4.73
v -10.1936 7.2254 5.1149
v -10.1563 3.7682 2.365
v -10.1832 4.1174 4.345
v -10.1615 4.1463 2.75
v -10.1832 7.2354 4.345
v -10.1563 7.6461 2.365
v -10.1615 7.2561 2.75
v -10.1511 4.1602 1.98
v -10.1294 4.1892 0.385
v -10.1511 7.2661 1.98
v -10.1294 7.2867 0.385
v -10.06 7.738 -4.73
v -10.0324 7.3793 -6.7638
v -10.0548 7.358 -5.1149
v -10.0324 4.3188 -6.7638
v -10.06 3.8969 -4.73
v -10.0548 4.2889 -5.1149
v -10.0653 7.348 -4.345
v -10.0869 7.3273 -2.75
v -10.0653 4.275 -4.345
v -10.0869 4.246 -2.75
v -10.216 7.9742 6.7638
v -10.1936 7.9955 5.1149
v -10.216 11.1048 6.7638
v -10.1884 11.5057 4.73
v -10.1936 11.1176 5.1149
v -10.1832 8.0055 4.345
v -10.1615 8.0262 2.75
v -10.1832 11.1236 4.345
v -10.1563 11.524 2.365
v -10.1615 11.136 2.75
v -10.1511 8.0361 1.98
v -10.1294 8.0568 0.385
v -10.1511 11.142 1.98
v -10.1294 11.1544 0.385
v -10.06 11.5792 -4.73
v -10.0324 11.21 -6.7638
v -10.0548 11.1971 -5.1149
v -10.0324 8.1494 -6.7638
v -10.0548 8.1281 -5.1149
v -10.0653 11.1912 -4.345
v -10.0869 11.1788 -2.75
v -10.0653 8.1181 -4.345
v -10.0869 8.0974 -2.75
v -10.216 11.8749 6.7638
v -10.1936 11.8877 5.1149
v -10.216 15.0055 6.7638
v -10.1936 15.0098 5.1149
v -10.1832 11.8937 4.345
v -10.1615 11.9061 2.75
v -10.1832 15.0118 4.345
v -10.1615 15.0159 2.75
v -10.1511 11.9121 1.98
v -10.1294 11.9245 0.385
v -10.1511 15.0179 1.98
v -10.1294 15.0221 0.385
v -10.0324 15.0406 -6.7638
v -10.0548 15.0363 -5.1149
v -10.0324 11.98 -6.7638
v -10.0548 11.9672 -5.1149
v -10.0653 15.0343 -4.345
v -10.0869 15.0302 -2.75
v -10.0653 11.9612 -4.345
v -10.0869 11.9488 -2.75
#end vertices

#begin 1386 textures vertices 
vt 0.1259741 0.9378586 0
vt 0.1259741 0.9090678 0
vt 0.1663578 0.9090678 0
vt 0.1663578 0.9378586 0
vt 0.1259741 0.6977305 0
vt 0.1259741 0.7265213 0
vt 0.08559038 0.7265213 0
vt 0.08559038 0.6977305 0
vt 0.245753 0.3405356 0
vt 0.2174283 0.3344979 0
vt 0.2233782 0.2993996 0
vt 0.2518124 0.3050561 0
vt 0.4745601 0.6094082 0
vt 0.493108 0.6093006 0
vt 0.4932067 0.6465682 0
vt 0.4746844 0.6465078 0
vt 0.6828294 0.1917046 0
vt 0.7232131 0.1917046 0
vt 0.7232131 0.2383127 0
vt 0.6828294 0.2383127 0
vt 0.7397992 0.6820892 0
vt 0.7211302 0.6818382 0
vt 0.7212394 0.6443154 0
vt 0.7399504 0.6443203 0
vt 0.2222645 0.6246859 0
vt 0.171037 0.6187037 0
vt 0.1778788 0.5647254 0
vt 0.233287 0.5710386 0
vt 0.2189591 0.552666 0
vt 0.1934308 0.5457985 0
vt 0.2037519 0.5116565 0
vt 0.2301913 0.5184766 0
vt 0.2309713 0.4820181 0
vt 0.2042811 0.475301 0
vt 0.2133566 0.4407917 0
vt 0.2408151 0.4473236 0
vt 0.2403178 0.4112629 0
vt 0.2126788 0.4049513 0
vt 0.2199117 0.3699833 0
vt 0.2481326 0.3759919 0
vt 0.1179113 0.02471535 0
vt 0.1789554 0.01959062 0
vt 0.1869317 0.07312746 0
vt 0.1245874 0.07778582 0
vt 0.1455474 0.09145396 0
vt 0.1740977 0.09325386 0
vt 0.1744636 0.1290629 0
vt 0.1457789 0.1270839 0
vt 0.1529919 0.1607119 0
vt 0.1817723 0.1630956 0
vt 0.1805357 0.1987076 0
vt 0.1516816 0.1960588 0
vt 0.1574784 0.2296384 0
vt 0.1864198 0.2327601 0
vt 0.1832365 0.2681713 0
vt 0.1544408 0.2647123 0
vt 0.4715582 0.4566866 0
vt 0.4891829 0.4560817 0
vt 0.4903634 0.4933927 0
vt 0.472293 0.4939033 0
vt 0.4727837 0.5077095 0
vt 0.4909514 0.5072455 0
vt 0.4918397 0.544466 0
vt 0.473432 0.5447952 0
vt 0.473842 0.5585604 0
vt 0.4923054 0.5582659 0
vt 0.4927873 0.5954998 0
vt 0.4742637 0.5956282 0
vt 0.5247594 0.800969 0
vt 0.5072103 0.8001661 0
vt 0.5081402 0.7627209 0
vt 0.526171 0.7633461 0
vt 0.5263515 0.7494514 0
vt 0.5082618 0.7488033 0
vt 0.5088592 0.7113996 0
vt 0.5272288 0.7118244 0
vt 0.5272343 0.6979398 0
vt 0.5088469 0.6975182 0
vt 0.5090949 0.6601038 0
vt 0.5276206 0.6602766 0
vt 0.6828294 0.00390625 0
vt 0.7232131 0.00390625 0
vt 0.7232131 0.05187904 0
vt 0.6828294 0.05187904 0
vt 0.7232131 0.09848716 0
vt 0.6828294 0.09848716 0
vt 0.7232131 0.1450953 0
vt 0.6828294 0.1450953 0
vt 0.7635969 0.4261111 0
vt 0.7232131 0.4261111 0
vt 0.7232131 0.3781383 0
vt 0.7635969 0.3781383 0
vt 0.7232131 0.331529 0
vt 0.7635969 0.331529 0
vt 0.7232131 0.2849209 0
vt 0.7635969 0.2849209 0
vt 0.7635969 0.2383127 0
vt 0.7360392 0.8343202 0
vt 0.7181935 0.8334165 0
vt 0.719394 0.795894 0
vt 0.7376567 0.7966278 0
vt 0.7379667 0.7836139 0
vt 0.7196552 0.782868 0
vt 0.7205129 0.745367 0
vt 0.739057 0.7458935 0
vt 0.7392031 0.732877 0
vt 0.720644 0.7323591 0
vt 0.7211388 0.6948354 0
vt 0.7398125 0.6951053 0
vt 0.6856833 0.4943036 0
vt 0.7036522 0.4936793 0
vt 0.7047238 0.5310622 0
vt 0.6863741 0.5315724 0
vt 0.6867421 0.5444907 0
vt 0.7051699 0.5440201 0
vt 0.7059005 0.5813281 0
vt 0.6872884 0.58164 0
vt 0.6875688 0.5945398 0
vt 0.7062235 0.5942583 0
vt 0.7065379 0.6316014 0
vt 0.6878513 0.6316861 0
vt 0.00390625 0.9378586 0
vt 0.00390625 0.9090678 0
vt 0.04520787 0.9090678 0
vt 0.04520787 0.9378586 0
vt 0.08559037 0.9090678 0
vt 0.08559037 0.9378586 0
vt 0.2480419 0.8802771 0
vt 0.2480419 0.9090678 0
vt 0.2067403 0.9090678 0
vt 0.2067403 0.8802771 0
vt 0.1663578 0.8802771 0
vt 0.2480419 0.6977305 0
vt 0.2480419 0.7265213 0
vt 0.2067403 0.7265213 0
vt 0.2067403 0.6977305 0
vt 0.1663578 0.7265213 0
vt 0.1663578 0.6977305 0
vt 0.003906251 0.755312 0
vt 0.003906251 0.7265213 0
vt 0.04520787 0.7265213 0
vt 0.04520787 0.755312 0
vt 0.08559038 0.755312 0
vt 0.05430197 0.3415323 0
vt 0.02457001 0.3404568 0
vt 0.02846158 0.3061839 0
vt 0.05836356 0.3068927 0
vt 0.1182723 0.3380585 0
vt 0.08975543 0.3352859 0
vt 0.09410816 0.3006844 0
vt 0.1229615 0.3031242 0
vt 0.1820206 0.3376388 0
vt 0.1536413 0.3333872 0
vt 0.15861 0.2985307 0
vt 0.1873898 0.3024456 0
vt 0.3526406 0.308322 0
vt 0.3821637 0.31634 0
vt 0.3754354 0.3544948 0
vt 0.3465889 0.3453174 0
vt 0.2877687 0.3024741 0
vt 0.3164818 0.3086331 0
vt 0.310348 0.3452881 0
vt 0.282094 0.3384509 0
vt 0.8039794 0.1917046 0
vt 0.845281 0.1917046 0
vt 0.845281 0.2383127 0
vt 0.8039794 0.2383127 0
vt 0.7635969 0.1917046 0
vt 0.6424469 0.2383127 0
vt 0.6011453 0.2383127 0
vt 0.6011453 0.1917046 0
vt 0.6424469 0.1917046 0
vt 0.06586775 0.6142835 0
vt 0.01316146 0.6132013 0
vt 0.00659306 0.5600173 0
vt 0.06495843 0.5604231 0
vt 0.1187541 0.6156234 0
vt 0.1217597 0.5615905 0
vt 0.2879966 0.5816702 0
vt 0.3433129 0.5974966 0
vt 0.322451 0.6487843 0
vt 0.2724814 0.6344471 0
vt 0.04746535 0.5445781 0
vt 0.02010175 0.5403224 0
vt 0.02401127 0.5056664 0
vt 0.05307286 0.509639 0
vt 0.1053984 0.545181 0
vt 0.07911518 0.5407643 0
vt 0.08598221 0.506174 0
vt 0.1131894 0.5104607 0
vt 0.1624977 0.5474789 0
vt 0.1365372 0.5421194 0
vt 0.1451876 0.5076958 0
vt 0.1719834 0.5129912 0
vt 0.3202149 0.531603 0
vt 0.3466963 0.5436042 0
vt 0.3312145 0.5766217 0
vt 0.3059426 0.5649621 0
vt 0.2619713 0.5192149 0
vt 0.287997 0.5280964 0
vt 0.2748308 0.561924 0
vt 0.2498408 0.5530273 0
vt 0.04960793 0.4757554 0
vt 0.02057769 0.4723645 0
vt 0.02590202 0.4380695 0
vt 0.05552745 0.441013 0
vt 0.1109317 0.4753643 0
vt 0.08355937 0.4713222 0
vt 0.0900061 0.4367801 0
vt 0.1180314 0.4406113 0
vt 0.1711243 0.4771923 0
vt 0.144113 0.4720201 0
vt 0.1518317 0.4374686 0
vt 0.1795343 0.4424889 0
vt 0.3365078 0.4595127 0
vt 0.3639322 0.4713566 0
vt 0.3519826 0.5065759 0
vt 0.3248805 0.4943197 0
vt 0.2748847 0.4476635 0
vt 0.3020213 0.4562068 0
vt 0.2907487 0.4909852 0
vt 0.2643823 0.4821838 0
vt 0.05254804 0.4081733 0
vt 0.02308864 0.4060139 0
vt 0.02781382 0.3718252 0
vt 0.05764363 0.3735159 0
vt 0.1155171 0.4063839 0
vt 0.0874582 0.4029012 0
vt 0.09295887 0.3683528 0
vt 0.1215092 0.371526 0
vt 0.1778845 0.4073684 0
vt 0.1500328 0.4025484 0
vt 0.156421 0.3678135 0
vt 0.1847276 0.3723988 0
vt 0.3474253 0.3847933 0
vt 0.3758842 0.3951871 0
vt 0.3663499 0.4320169 0
vt 0.3384415 0.4208265 0
vt 0.2837663 0.375352 0
vt 0.3117958 0.3829435 0
vt 0.3029404 0.4187983 0
vt 0.275547 0.4106822 0
vt 0.2965471 0.01196876 0
vt 0.349991 0.003906256 0
vt 0.3688354 0.0577328 0
vt 0.3099673 0.06623374 0
vt 0.2392617 0.01588135 0
vt 0.2491176 0.06985823 0
vt 0.06344235 0.08480289 0
vt 0.004035867 0.09434401 0
vt 0.003906251 0.04055096 0
vt 0.05875094 0.0319436 0
vt 0.3318125 0.0807516 0
vt 0.3607054 0.08100249 0
vt 0.3647796 0.1185038 0
vt 0.334782 0.1175056 0
vt 0.2707808 0.08441794 0
vt 0.2991613 0.08712384 0
vt 0.3005751 0.1235122 0
vt 0.271967 0.120383 0
vt 0.2082046 0.0875225 0
vt 0.2367328 0.09000145 0
vt 0.2376441 0.1260322 0
vt 0.2089094 0.1233764 0
vt 0.04896636 0.1413708 0
vt 0.01934 0.1424127 0
vt 0.02224136 0.1068218 0
vt 0.05055391 0.1059531 0
vt 0.1115057 0.1338609 0
vt 0.08291304 0.1331444 0
vt 0.08353668 0.09764128 0
vt 0.1117267 0.0982605 0
vt 0.3450542 0.1548044 0
vt 0.3755346 0.1570508 0
vt 0.375184 0.1958651 0
vt 0.3450258 0.192221 0
vt 0.280804 0.1564887 0
vt 0.3097979 0.1599176 0
vt 0.3092059 0.1967446 0
vt 0.2801409 0.1927912 0
vt 0.2168719 0.1578736 0
vt 0.2457892 0.1609613 0
vt 0.2447978 0.1970926 0
vt 0.2159182 0.1935916 0
vt 0.0523764 0.2086718 0
vt 0.02247125 0.2091407 0
vt 0.02436906 0.1742688 0
vt 0.05421341 0.1736327 0
vt 0.1164388 0.2023011 0
vt 0.08758235 0.200963 0
vt 0.08932705 0.1658955 0
vt 0.1180258 0.1670073 0
vt 0.3519261 0.2312311 0
vt 0.3821728 0.2363823 0
vt 0.3785183 0.2752355 0
vt 0.3488414 0.2687215 0
vt 0.2867795 0.2293241 0
vt 0.3158305 0.2340055 0
vt 0.3124346 0.2709943 0
vt 0.2835603 0.2656766 0
vt 0.2220963 0.228527 0
vt 0.251087 0.2326356 0
vt 0.2476907 0.2686331 0
vt 0.2189598 0.2640288 0
vt 0.05435319 0.2752392 0
vt 0.02448641 0.274998 0
vt 0.02733799 0.2405431 0
vt 0.05724062 0.2404806 0
vt 0.1187344 0.2702032 0
vt 0.08991169 0.2681695 0
vt 0.09288815 0.233382 0
vt 0.1217973 0.2351419 0
vt 0.8039794 0.00390625 0
vt 0.845281 0.00390625 0
vt 0.845281 0.05187904 0
vt 0.8039794 0.05187904 0
vt 0.7635969 0.00390625 0
vt 0.7635969 0.05187904 0
vt 0.6424469 0.05187904 0
vt 0.6011453 0.05187904 0
vt 0.6011453 0.00390625 0
vt 0.6424469 0.00390625 0
vt 0.845281 0.09848716 0
vt 0.8039794 0.09848716 0
vt 0.7635969 0.09848716 0
vt 0.6424469 0.09848716 0
vt 0.6011453 0.09848716 0
vt 0.845281 0.1450953 0
vt 0.8039794 0.1450953 0
vt 0.7635969 0.1450953 0
vt 0.6424469 0.1450953 0
vt 0.6011453 0.1450953 0
vt 0.6424469 0.4261111 0
vt 0.6011453 0.4261111 0
vt 0.6011453 0.3781383 0
vt 0.6424469 0.3781383 0
vt 0.6828294 0.4261111 0
vt 0.6828294 0.3781383 0
vt 0.8039794 0.3781383 0
vt 0.845281 0.3781383 0
vt 0.845281 0.4261111 0
vt 0.8039794 0.4261111 0
vt 0.6011453 0.331529 0
vt 0.6424469 0.331529 0
vt 0.6828294 0.331529 0
vt 0.8039794 0.331529 0
vt 0.845281 0.331529 0
vt 0.6011453 0.2849209 0
vt 0.6424469 0.2849209 0
vt 0.6828294 0.2849209 0
vt 0.8039794 0.2849209 0
vt 0.845281 0.2849209 0
vt 0.265276 0.3573344 0
vt 0.2011771 0.3534816 0
vt 0.2073974 0.3478099 0
vt 0.2594393 0.350803 0
vt 0.203471 0.2832939 0
vt 0.2094406 0.2895301 0
vt 0.2679283 0.2852778 0
vt 0.2616476 0.2913272 0
vt 0.1838195 0.5591203 0
vt 0.2294449 0.5644239 0
vt 0.1878774 0.4940409 0
vt 0.1923626 0.5005457 0
vt 0.2470197 0.5001743 0
vt 0.2405034 0.5057105 0
vt 0.1941091 0.4884686 0
vt 0.2424855 0.4935144 0
vt 0.196017 0.4236738 0
vt 0.2010516 0.4301114 0
vt 0.2581009 0.4289471 0
vt 0.2514514 0.4345708 0
vt 0.2023254 0.4180741 0
vt 0.2528717 0.422304 0
vt 0.2067459 0.3598202 0
vt 0.2587145 0.3630958 0
vt 0.1818101 0.07938394 0
vt 0.1310422 0.08341676 0
vt 0.1956653 0.1432164 0
vt 0.1890301 0.1374394 0
vt 0.1322254 0.1469556 0
vt 0.1375905 0.1408373 0
vt 0.1901756 0.1493914 0
vt 0.1385655 0.1525646 0
vt 0.2014347 0.2131983 0
vt 0.1949369 0.207365 0
vt 0.1370015 0.2155541 0
vt 0.142735 0.2095882 0
vt 0.1955378 0.21927 0
vt 0.1432043 0.2212135 0
vt 0.1972532 0.2773371 0
vt 0.1388403 0.2838714 0
vt 0.1448627 0.2780528 0
vt 0.0737635 0.3543696 0
vt 0.00830027 0.3594855 0
vt 0.0146389 0.3536877 0
vt 0.06799145 0.3492204 0
vt 0.008730355 0.2944566 0
vt 0.01453108 0.2992693 0
vt 0.07431396 0.2874461 0
vt 0.06803546 0.2935254 0
vt 0.1375657 0.3524387 0
vt 0.07997371 0.3485815 0
vt 0.1318022 0.3468 0
vt 0.08020488 0.2927786 0
vt 0.1325958 0.2898728 0
vt 0.1437472 0.3466944 0
vt 0.1954233 0.3473877 0
vt 0.1447687 0.2896526 0
vt 0.1972124 0.2892391 0
vt 0.3329066 0.2888655 0
vt 0.3986075 0.2956765 0
vt 0.3923302 0.302202 0
vt 0.3389431 0.2962038 0
vt 0.3939261 0.3763873 0
vt 0.3881604 0.3681387 0
vt 0.3293667 0.3641921 0
vt 0.335638 0.3585436 0
vt 0.3265867 0.2950627 0
vt 0.273948 0.2919076 0
vt 0.3235367 0.3569876 0
vt 0.2715749 0.3516447 0
vt 0.01165729 0.554138 0
vt 0.05995965 0.5544959 0
vt 0.003906251 0.4910587 0
vt 0.009966834 0.4968071 0
vt 0.06808881 0.4905916 0
vt 0.06212873 0.4964323 0
vt 0.07045624 0.5545009 0
vt 0.117183 0.5555235 0
vt 0.07328931 0.4965192 0
vt 0.1284138 0.4911909 0
vt 0.1223675 0.4971069 0
vt 0.1274861 0.5557569 0
vt 0.1736652 0.5584431 0
vt 0.1332038 0.4973626 0
vt 0.1816351 0.4998249 0
vt 0.3061742 0.510862 0
vt 0.3675179 0.528873 0
vt 0.3599273 0.5331421 0
vt 0.3101341 0.5184413 0
vt 0.3403595 0.5900931 0
vt 0.2945469 0.5769234 0
vt 0.2992711 0.5160069 0
vt 0.2512197 0.5071442 0
vt 0.2845677 0.5746079 0
vt 0.2394872 0.5657904 0
vt 0.01020613 0.485458 0
vt 0.06263864 0.4849075 0
vt 0.006452096 0.424702 0
vt 0.01210942 0.430033 0
vt 0.07146882 0.421967 0
vt 0.06518217 0.4278463 0
vt 0.0740826 0.4847865 0
vt 0.1233752 0.4852394 0
vt 0.07688466 0.4277078 0
vt 0.1339489 0.4215401 0
vt 0.1276702 0.4274235 0
vt 0.1344657 0.4854412 0
vt 0.1831109 0.4877947 0
vt 0.1391573 0.4276037 0
vt 0.1895925 0.4294523 0
vt 0.3202725 0.438429 0
vt 0.3833164 0.4545108 0
vt 0.3762892 0.4595767 0
vt 0.3250124 0.4461898 0
vt 0.3630475 0.5206906 0
vt 0.3129668 0.5061152 0
vt 0.3133723 0.4438415 0
vt 0.2629752 0.4359102 0
vt 0.3018186 0.503607 0
vt 0.2534977 0.4948881 0
vt 0.01284677 0.4190744 0
vt 0.06588582 0.4165558 0
vt 0.01399127 0.3644909 0
vt 0.06741573 0.3603291 0
vt 0.07766069 0.4162157 0
vt 0.1285265 0.4157227 0
vt 0.07941863 0.3598991 0
vt 0.1312462 0.3583618 0
vt 0.1401396 0.4158294 0
vt 0.1906938 0.4174899 0
vt 0.143148 0.3583883 0
vt 0.1947955 0.3593126 0
vt 0.3872419 0.3821928 0
vt 0.3347809 0.3718618 0
vt 0.3781908 0.4461502 0
vt 0.3268381 0.4332628 0
vt 0.3226848 0.3700023 0
vt 0.2707721 0.3641687 0
vt 0.3151264 0.4311051 0
vt 0.2645842 0.4235144 0
vt 0.3652896 0.06513156 0
vt 0.3167032 0.07195538 0
vt 0.3881567 0.1338483 0
vt 0.3804416 0.1276688 0
vt 0.3228254 0.1389799 0
vt 0.3276015 0.1322407 0
vt 0.3055359 0.07270643 0
vt 0.2558054 0.07580341 0
vt 0.315682 0.1327709 0
vt 0.2592699 0.1408268 0
vt 0.2643101 0.1345663 0
vt 0.2441951 0.07609738 0
vt 0.1935371 0.07900041 0
vt 0.2524315 0.1348198 0
vt 0.2008842 0.1371191 0
vt 0.06900198 0.1532706 0
vt 0.004152449 0.1628724 0
vt 0.0103208 0.1563728 0
vt 0.0629096 0.1483133 0
vt 0.009199957 0.09938837 0
vt 0.05823164 0.09140201 0
vt 0.07458725 0.1470045 0
vt 0.1258169 0.1415464 0
vt 0.06949443 0.09011479 0
vt 0.1194054 0.08418352 0
vt 0.3830135 0.1413693 0
vt 0.3297983 0.1451496 0
vt 0.3968199 0.2142032 0
vt 0.3898462 0.2070492 0
vt 0.3308114 0.213421 0
vt 0.336234 0.2068721 0
vt 0.3176371 0.1455443 0
vt 0.2659841 0.1470191 0
vt 0.3239239 0.2068347 0
vt 0.2659655 0.212811 0
vt 0.2714617 0.2066626 0
vt 0.2539215 0.1471032 0
vt 0.2022027 0.1491285 0
vt 0.2592997 0.2065765 0
vt 0.2070455 0.2072148 0
vt 0.07265463 0.2205883 0
vt 0.007304838 0.2291948 0
vt 0.01333093 0.2229539 0
vt 0.06653742 0.2156613 0
vt 0.01018782 0.1676305 0
vt 0.06310314 0.1596726 0
vt 0.07855155 0.2145338 0
vt 0.1306886 0.2101378 0
vt 0.07512714 0.1584765 0
vt 0.1265782 0.153221 0
vt 0.3910458 0.2213222 0
vt 0.337361 0.2202381 0
vt 0.3922159 0.2878563 0
vt 0.3388193 0.2827285 0
vt 0.3249679 0.2198997 0
vt 0.2723944 0.21924 0
vt 0.3264955 0.2819254 0
vt 0.2738893 0.2792935 0
vt 0.2601263 0.2189849 0
vt 0.2077514 0.2192524 0
vt 0.2616526 0.278817 0
vt 0.2094091 0.2774662 0
vt 0.01492528 0.2884694 0
vt 0.06833971 0.2824582 0
vt 0.01324395 0.2339012 0
vt 0.06655746 0.2268272 0
vt 0.0804107 0.2815492 0
vt 0.1327378 0.2783861 0
vt 0.07872967 0.2258178 0
vt 0.1310051 0.2216639 0
vt 0.1259741 0.8514863 0
vt 0.1663578 0.8514863 0
vt 0.1259741 0.8802771 0
vt 0.1663578 0.9666493 0
vt 0.1259741 0.9666493 0
vt 0.1259741 0.7841027 0
vt 0.08559038 0.7841027 0
vt 0.1259741 0.755312 0
vt 0.08559038 0.6689398 0
vt 0.1259741 0.6689398 0
vt 0.5773968 0.6079372 0
vt 0.5966409 0.6079634 0
vt 0.5966351 0.6467394 0
vt 0.5774466 0.6462982 0
vt 0.5431227 0.6083262 0
vt 0.5616936 0.6082665 0
vt 0.5617139 0.6464323 0
vt 0.5431974 0.6461667 0
vt 0.5088306 0.6088502 0
vt 0.5273999 0.6087401 0
vt 0.5274589 0.6463988 0
vt 0.5089411 0.6462494 0
vt 0.4247697 0.6472077 0
vt 0.4055764 0.6472597 0
vt 0.4054286 0.6106023 0
vt 0.4246347 0.6104532 0
vt 0.4589754 0.6468493 0
vt 0.4404628 0.646829 0
vt 0.440318 0.6099763 0
vt 0.4588603 0.6098545 0
vt 0.6402491 0.6821145 0
vt 0.620896 0.6821446 0
vt 0.6209205 0.6455795 0
vt 0.6402967 0.6453622 0
vt 0.6734238 0.6819521 0
vt 0.6547616 0.6818955 0
vt 0.6547971 0.6450105 0
vt 0.6734961 0.6448819 0
vt 0.706605 0.6819327 0
vt 0.6879452 0.6817827 0
vt 0.6880121 0.6446021 0
vt 0.7067165 0.6445396 0
vt 0.7877254 0.644083 0
vt 0.8071233 0.6442833 0
vt 0.8069043 0.6830611 0
vt 0.787549 0.6825038 0
vt 0.7544814 0.6441183 0
vt 0.773204 0.6441735 0
vt 0.7730111 0.6824296 0
vt 0.7543414 0.682064 0
vt 0.5688736 0.450991 0
vt 0.5870143 0.4494928 0
vt 0.591417 0.4876097 0
vt 0.572441 0.4889678 0
vt 0.5365124 0.453342 0
vt 0.5540792 0.4523418 0
vt 0.5570896 0.490156 0
vt 0.5389487 0.4910408 0
vt 0.5040496 0.4551725 0
vt 0.5216665 0.4544159 0
vt 0.5236782 0.4919645 0
vt 0.5056039 0.4926177 0
vt 0.4235368 0.4954928 0
vt 0.4045305 0.4957576 0
vt 0.4060923 0.4588441 0
vt 0.4242859 0.4586403 0
vt 0.4570295 0.4945721 0
vt 0.4388924 0.4949673 0
vt 0.4391125 0.4579668 0
vt 0.4567018 0.4574891 0
vt 0.5736667 0.5029566 0
vt 0.592788 0.5017125 0
vt 0.5947671 0.5405504 0
vt 0.5756062 0.5412278 0
vt 0.5399032 0.5049222 0
vt 0.5581585 0.5041099 0
vt 0.5599366 0.5421179 0
vt 0.5414778 0.5426635 0
vt 0.5063206 0.5064564 0
vt 0.5244961 0.5058582 0
vt 0.5258514 0.5434048 0
vt 0.5074319 0.5438262 0
vt 0.4237848 0.5461183 0
vt 0.4046266 0.5463438 0
vt 0.4045199 0.509554 0
vt 0.4236385 0.5093172 0
vt 0.4578364 0.545364 0
vt 0.4394067 0.5456234 0
vt 0.4391457 0.5087405 0
vt 0.4573847 0.5083903 0
vt 0.5762764 0.5553761 0
vt 0.5955021 0.5548158 0
vt 0.5962847 0.5937087 0
vt 0.5770819 0.5937752 0
vt 0.5420929 0.5565627 0
vt 0.5606167 0.5560884 0
vt 0.5613424 0.5942544 0
vt 0.5428064 0.5943741 0
vt 0.5079455 0.5576381 0
vt 0.526425 0.5572668 0
vt 0.5270538 0.5948718 0
vt 0.5085138 0.5950183 0
vt 0.4243403 0.5966697 0
vt 0.4051472 0.5968113 0
vt 0.4049061 0.5601562 0
vt 0.4240861 0.5599218 0
vt 0.4585507 0.5960961 0
vt 0.4400307 0.5962228 0
vt 0.4397279 0.5593719 0
vt 0.4582027 0.5591311 0
vt 0.4275962 0.7992478 0
vt 0.4094497 0.798995 0
vt 0.4072974 0.762318 0
vt 0.4263127 0.7622937 0
vt 0.4599486 0.7994871 0
vt 0.4424136 0.7990578 0
vt 0.4416121 0.7620489 0
vt 0.459728 0.7622919 0
vt 0.4923527 0.8000492 0
vt 0.4747956 0.7994448 0
vt 0.4749302 0.7622154 0
vt 0.4929641 0.7626457 0
vt 0.5748091 0.7650306 0
vt 0.5937876 0.7662807 0
vt 0.590064 0.8044977 0
vt 0.5719629 0.8029206 0
vt 0.5413837 0.7636101 0
vt 0.559488 0.7644865 0
vt 0.5571236 0.8023535 0
vt 0.5396128 0.8012756 0
vt 0.4257648 0.7485078 0
vt 0.4066767 0.7484862 0
vt 0.4062748 0.7116333 0
vt 0.425436 0.7116457 0
vt 0.4594444 0.7484782 0
vt 0.441265 0.748202 0
vt 0.4410185 0.7112957 0
vt 0.4594344 0.7114182 0
vt 0.4929163 0.7487879 0
vt 0.4748242 0.7483332 0
vt 0.4749706 0.7112123 0
vt 0.4933448 0.7114707 0
vt 0.5767541 0.7128368 0
vt 0.5959047 0.7137233 0
vt 0.5944808 0.7522573 0
vt 0.5754219 0.7509983 0
vt 0.5427644 0.7119129 0
vt 0.5611679 0.7125414 0
vt 0.5599093 0.7505523 0
vt 0.5417392 0.7496562 0
vt 0.4251364 0.6978213 0
vt 0.4059786 0.6977884 0
vt 0.4058379 0.6610682 0
vt 0.4250371 0.6610061 0
vt 0.4592065 0.6976413 0
vt 0.4407756 0.6975039 0
vt 0.4406952 0.6606079 0
vt 0.4592123 0.6606214 0
vt 0.4932295 0.6976551 0
vt 0.474837 0.69739 0
vt 0.4748917 0.6602899 0
vt 0.4934174 0.6603564 0
vt 0.5775037 0.6604421 0
vt 0.596714 0.6609453 0
vt 0.5960852 0.6995643 0
vt 0.5769409 0.6987232 0
vt 0.5433007 0.6601303 0
vt 0.5618307 0.6604351 0
vt 0.5612814 0.6985594 0
vt 0.5428672 0.6979492 0
vt 0.6409298 0.831482 0
vt 0.6224739 0.8310051 0
vt 0.6210983 0.7942806 0
vt 0.640313 0.7944901 0
vt 0.6726084 0.8321688 0
vt 0.654774 0.8315784 0
vt 0.6545329 0.7945152 0
vt 0.6728722 0.7949193 0
vt 0.7043243 0.8330972 0
vt 0.6864721 0.8323658 0
vt 0.687012 0.7950683 0
vt 0.7052762 0.7956292 0
vt 0.7843701 0.7986433 0
vt 0.8035504 0.7999287 0
vt 0.799989 0.8382276 0
vt 0.7815738 0.8366248 0
vt 0.7518052 0.7970464 0
vt 0.7701362 0.7980001 0
vt 0.7677195 0.8359422 0
vt 0.7499052 0.8347923 0
vt 0.6400638 0.781592 0
vt 0.6207919 0.7813578 0
vt 0.620867 0.7445528 0
vt 0.6402013 0.7447192 0
vt 0.6728266 0.781987 0
vt 0.6544372 0.781566 0
vt 0.6546289 0.7446173 0
vt 0.6732142 0.744862 0
vt 0.7054109 0.7826517 0
vt 0.6870994 0.7820771 0
vt 0.6875987 0.7448721 0
vt 0.7061442 0.745245 0
vt 0.7864577 0.7472821 0
vt 0.8057799 0.7482208 0
vt 0.8042552 0.7867971 0
vt 0.7850079 0.7855109 0
vt 0.7534464 0.7461498 0
vt 0.7720251 0.7468593 0
vt 0.7706315 0.7849511 0
vt 0.7522456 0.7839861 0
vt 0.6401198 0.7318043 0
vt 0.6207961 0.7316407 0
vt 0.6209902 0.6950125 0
vt 0.6403565 0.6949996 0
vt 0.6731858 0.731952 0
vt 0.6545935 0.7317092 0
vt 0.6548364 0.6947834 0
vt 0.6735065 0.6948501 0
vt 0.7061991 0.7322887 0
vt 0.6876393 0.7319187 0
vt 0.6879889 0.6947195 0
vt 0.7066534 0.6948842 0
vt 0.7874806 0.6957351 0
vt 0.8068478 0.6963383 0
vt 0.8060552 0.7349817 0
vt 0.7867357 0.7340807 0
vt 0.7543076 0.695152 0
vt 0.7729867 0.6955532 0
vt 0.772252 0.7337614 0
vt 0.7536645 0.7330714 0
vt 0.7812631 0.4895414 0
vt 0.7997654 0.488306 0
vt 0.8034663 0.5265918 0
vt 0.7842588 0.5276601 0
vt 0.7494713 0.4914241 0
vt 0.7673953 0.4905327 0
vt 0.7699542 0.5284849 0
vt 0.751548 0.5291999 0
vt 0.7175849 0.4929613 0
vt 0.735549 0.4922489 0
vt 0.7373002 0.529883 0
vt 0.7189446 0.5304694 0
vt 0.6394488 0.5330752 0
vt 0.6202235 0.5335177 0
vt 0.6214444 0.4966018 0
vt 0.6399562 0.4961503 0
vt 0.67214 0.5321176 0
vt 0.6537386 0.5325898 0
vt 0.6538323 0.4955224 0
vt 0.6717628 0.494968 0
vt 0.7851536 0.5407831 0
vt 0.8044827 0.5398205 0
vt 0.8059912 0.578726 0
vt 0.7866396 0.5791434 0
vt 0.752248 0.542225 0
vt 0.7707489 0.5415692 0
vt 0.772119 0.5796859 0
vt 0.753468 0.5800605 0
vt 0.7194781 0.543426 0
vt 0.7379171 0.5428848 0
vt 0.7389835 0.5805418 0
vt 0.7203647 0.5808761 0
vt 0.6397082 0.5828275 0
vt 0.6203609 0.5832092 0
vt 0.6202197 0.5464155 0
vt 0.6395339 0.5459997 0
vt 0.6728218 0.5820783 0
vt 0.6541909 0.5823934 0
vt 0.653934 0.545477 0
vt 0.6724156 0.5450397 0
vt 0.7870744 0.5923838 0
vt 0.8064711 0.5920671 0
vt 0.8069528 0.6309617 0
vt 0.787581 0.6308329 0
vt 0.7538705 0.5931156 0
vt 0.7725655 0.592801 0
vt 0.7730209 0.6310433 0
vt 0.7543181 0.6310369 0
vt 0.7207077 0.593839 0
vt 0.7393729 0.5935481 0
vt 0.7397676 0.631285 0
vt 0.7210772 0.6313244 0
vt 0.6401133 0.6324852 0
vt 0.6207508 0.632718 0
vt 0.6205699 0.5961055 0
vt 0.6399319 0.5957247 0
vt 0.6733162 0.6319977 0
vt 0.6546329 0.6321387 0
vt 0.6544173 0.5952583 0
vt 0.6730815 0.5949618 0
vt 0.00390625 0.8514863 0
vt 0.04520787 0.8514863 0
vt 0.00390625 0.8802771 0
vt 0.04520787 0.8802771 0
vt 0.04520787 0.9666493 0
vt 0.00390625 0.9666493 0
vt 0.08559037 0.8514863 0
vt 0.08559037 0.8802771 0
vt 0.08559037 0.9666493 0
vt 0.2480419 0.9666493 0
vt 0.2067403 0.9666493 0
vt 0.2480419 0.9378586 0
vt 0.2067403 0.9378586 0
vt 0.2067403 0.8514863 0
vt 0.2480419 0.8514863 0
vt 0.2480419 0.7841027 0
vt 0.2067403 0.7841027 0
vt 0.2480419 0.755312 0
vt 0.2067403 0.755312 0
vt 0.2067403 0.6689398 0
vt 0.2480419 0.6689398 0
vt 0.1663578 0.7841027 0
vt 0.1663578 0.755312 0
vt 0.1663578 0.6689398 0
vt 0.003906251 0.6689398 0
vt 0.04520787 0.6689398 0
vt 0.003906251 0.6977305 0
vt 0.04520787 0.6977305 0
vt 0.04520787 0.7841027 0
vt 0.003906251 0.7841027 0
vt 0.4665875 0.6027409 0
vt 0.5008485 0.6021638 0
vt 0.4958647 0.6071789 0
vt 0.4716338 0.6076329 0
vt 0.5011989 0.653304 0
vt 0.4961618 0.6483528 0
vt 0.4669607 0.6535616 0
vt 0.4719394 0.6486131 0
vt 0.7471052 0.688587 0
vt 0.7139135 0.68836 0
vt 0.718861 0.6834912 0
vt 0.7421787 0.6835828 0
vt 0.7139309 0.6379346 0
vt 0.7188752 0.6428477 0
vt 0.7471723 0.6376812 0
vt 0.7422229 0.6426408 0
vt 0.463907 0.4501407 0
vt 0.4962572 0.4486815 0
vt 0.4917094 0.4538621 0
vt 0.4687324 0.4549323 0
vt 0.4983462 0.4999443 0
vt 0.493303 0.4951325 0
vt 0.4648938 0.5011593 0
vt 0.469671 0.4960616 0
vt 0.493589 0.5050626 0
vt 0.4698828 0.5059627 0
vt 0.4999232 0.5510548 0
vt 0.4948154 0.5462115 0
vt 0.4658534 0.5519673 0
vt 0.4707405 0.5469279 0
vt 0.4950195 0.556118 0
vt 0.4709096 0.5568068 0
vt 0.4957593 0.5972675 0
vt 0.4715352 0.5977461 0
vt 0.5320112 0.8080755 0
vt 0.4997476 0.8070599 0
vt 0.5045512 0.8022401 0
vt 0.5274807 0.8028852 0
vt 0.5005988 0.7557131 0
vt 0.5053558 0.7608402 0
vt 0.5339541 0.7564868 0
vt 0.5289341 0.7613074 0
vt 0.5055338 0.7508712 0
vt 0.5291813 0.7513389 0
vt 0.5011016 0.7044905 0
vt 0.5060031 0.709553 0
vt 0.5350677 0.704885 0
vt 0.5300173 0.7097679 0
vt 0.5060901 0.6995963 0
vt 0.5301356 0.6997935 0
vt 0.5061918 0.6582954 0
vt 0.5354378 0.6532249 0
vt 0.5304054 0.6581902 0
vt 0.7427443 0.8410615 0
vt 0.7111408 0.8397606 0
vt 0.7159757 0.83504 0
vt 0.7382564 0.8358904 0
vt 0.7124609 0.7892394 0
vt 0.7171356 0.7943499 0
vt 0.7449579 0.7902952 0
vt 0.7399468 0.7950257 0
vt 0.7173943 0.7844908 0
vt 0.7402606 0.7851639 0
vt 0.7134047 0.7387974 0
vt 0.7182041 0.7438478 0
vt 0.7463817 0.7394801 0
vt 0.7413593 0.7442746 0
vt 0.7183689 0.7339941 0
vt 0.7415473 0.7344027 0
vt 0.7187963 0.6933438 0
vt 0.7421085 0.6934618 0
vt 0.6785472 0.4881405 0
vt 0.7103403 0.486823 0
vt 0.7057658 0.4919261 0
vt 0.6833643 0.4928838 0
vt 0.7121139 0.5372508 0
vt 0.7071209 0.5324794 0
vt 0.6794382 0.5383109 0
vt 0.6841997 0.5332838 0
vt 0.7073598 0.542295 0
vt 0.6843766 0.5430712 0
vt 0.7133376 0.587571 0
vt 0.7083131 0.5827587 0
vt 0.6802151 0.5882999 0
vt 0.6850684 0.5833327 0
vt 0.7084635 0.5925595 0
vt 0.6851895 0.5931076 0
vt 0.7089396 0.6330568 0
vt 0.6806983 0.63828 0
vt 0.685605 0.6333634 0
vt 0.5694452 0.6010446 0
vt 0.5993936 0.6058052 0
vt 0.574485 0.6060872 0
vt 0.5995538 0.6486605 0
vt 0.5696807 0.6533785 0
vt 0.5746774 0.6484012 0
vt 0.5351474 0.6015671 0
vt 0.564458 0.6061356 0
vt 0.5401949 0.6065327 0
vt 0.5646543 0.6482798 0
vt 0.5404308 0.6482579 0
vt 0.5301604 0.6066152 0
vt 0.5058996 0.6070762 0
vt 0.5304062 0.6482122 0
vt 0.5061855 0.6483477 0
vt 0.4327496 0.6538998 0
vt 0.4028626 0.6494032 0
vt 0.4277118 0.6490059 0
vt 0.4025169 0.6088068 0
vt 0.4323448 0.6033271 0
vt 0.4273696 0.6083112 0
vt 0.4377256 0.6489431 0
vt 0.4619235 0.6486367 0
vt 0.4373916 0.6082059 0
vt 0.4616093 0.6077343 0
vt 0.6475677 0.6884345 0
vt 0.6186579 0.6838366 0
vt 0.6426289 0.6835837 0
vt 0.6185574 0.6441327 0
vt 0.6474786 0.6387364 0
vt 0.6425428 0.6436587 0
vt 0.680742 0.6883121 0
vt 0.652507 0.6835655 0
vt 0.675808 0.6834147 0
vt 0.6524259 0.6435704 0
vt 0.6757592 0.6432033 0
vt 0.6856837 0.6834452 0
vt 0.708985 0.6834119 0
vt 0.6856437 0.6431495 0
vt 0.7089872 0.6428666 0
vt 0.7804399 0.6375132 0
vt 0.8094037 0.6425977 0
vt 0.7853765 0.642557 0
vt 0.8092615 0.6846373 0
vt 0.7803064 0.6890337 0
vt 0.7852688 0.6841573 0
vt 0.7754868 0.6425005 0
vt 0.7521155 0.6426424 0
vt 0.7753845 0.6839504 0
vt 0.7520617 0.6837101 0
vt 0.5607934 0.4447233 0
vt 0.5893611 0.4470948 0
vt 0.5659539 0.4493302 0
vt 0.5945183 0.4892442 0
vt 0.565428 0.4965739 0
vt 0.5699062 0.491244 0
vt 0.5285886 0.4469358 0
vt 0.5565173 0.4500496 0
vt 0.5336246 0.4516475 0
vt 0.560115 0.4918341 0
vt 0.5318093 0.4984673 0
vt 0.5363818 0.49325 0
vt 0.5241579 0.4521707 0
vt 0.5011916 0.4534436 0
vt 0.5266524 0.4936804 0
vt 0.5030134 0.494798 0
vt 0.4312911 0.5021498 0
vt 0.4017874 0.497867 0
vt 0.426428 0.4972996 0
vt 0.4033853 0.4569803 0
vt 0.4316503 0.4513708 0
vt 0.4268649 0.4564415 0
vt 0.4362223 0.4970982 0
vt 0.4599446 0.4963311 0
vt 0.4363318 0.456187 0
vt 0.4592547 0.4552841 0
vt 0.5953899 0.4993781 0
vt 0.5706734 0.5012732 0
vt 0.5977853 0.5423206 0
vt 0.5681976 0.5486968 0
vt 0.5729495 0.5434586 0
vt 0.5607688 0.5018634 0
vt 0.5369491 0.5032225 0
vt 0.5629574 0.5438393 0
vt 0.5340218 0.5499811 0
vt 0.5388062 0.544835 0
vt 0.5271151 0.50365 0
vt 0.5033994 0.5047294 0
vt 0.5288483 0.5451375 0
vt 0.5047535 0.5459741 0
vt 0.4317558 0.5527608 0
vt 0.4019216 0.548491 0
vt 0.4267307 0.5479098 0
vt 0.401614 0.507744 0
vt 0.4263411 0.5071663 0
vt 0.4366999 0.547746 0
vt 0.460798 0.5471203 0
vt 0.4362511 0.506976 0
vt 0.4600519 0.50623 0
vt 0.598188 0.5525694 0
vt 0.5733274 0.5535932 0
vt 0.5992472 0.5955687 0
vt 0.5743549 0.595938 0
vt 0.563323 0.5538969 0
vt 0.5391344 0.5548299 0
vt 0.5643211 0.5960502 0
vt 0.5400711 0.5965063 0
vt 0.5291358 0.5551012 0
vt 0.5050037 0.555894 0
vt 0.5300341 0.5966429 0
vt 0.5057838 0.5971412 0
vt 0.4024387 0.5989536 0
vt 0.4272917 0.5984607 0
vt 0.4019905 0.5583627 0
vt 0.426804 0.5577714 0
vt 0.4373047 0.598341 0
vt 0.4615171 0.5978622 0
vt 0.4368002 0.5576094 0
vt 0.4609241 0.556995 0
vt 0.4352794 0.8061075 0
vt 0.4069539 0.8011994 0
vt 0.4304026 0.8010957 0
vt 0.4043519 0.7605429 0
vt 0.4337217 0.7552329 0
vt 0.428977 0.7601622 0
vt 0.4674768 0.8064147 0
vt 0.4398418 0.8011983 0
vt 0.4627299 0.8013418 0
vt 0.4387449 0.7602379 0
vt 0.4672458 0.7553024 0
vt 0.4624215 0.7601995 0
vt 0.4721748 0.8015504 0
vt 0.4951059 0.8019326 0
vt 0.4721127 0.7603677 0
vt 0.4956866 0.7605759 0
vt 0.5674836 0.7577332 0
vt 0.5967004 0.7643377 0
vt 0.5720716 0.7630359 0
vt 0.592671 0.8065613 0
vt 0.564191 0.8095964 0
vt 0.5692246 0.8049302 0
vt 0.5623116 0.762494 0
vt 0.538622 0.7616906 0
vt 0.5598023 0.8043153 0
vt 0.536916 0.8033141 0
vt 0.403972 0.7506514 0
vt 0.4286859 0.750308 0
vt 0.4033669 0.7098306 0
vt 0.433089 0.7045513 0
vt 0.4281639 0.7095045 0
vt 0.4385717 0.75032 0
vt 0.4623252 0.7502966 0
vt 0.4381184 0.7095053 0
vt 0.4671299 0.7043973 0
vt 0.4621815 0.7093206 0
vt 0.4721213 0.7504281 0
vt 0.4957653 0.7506401 0
vt 0.4720937 0.7093964 0
vt 0.4961085 0.7093929 0
vt 0.5690971 0.7056411 0
vt 0.5987453 0.7116871 0
vt 0.5739289 0.7108843 0
vt 0.5973185 0.7542653 0
vt 0.5726062 0.7530022 0
vt 0.5639871 0.7105084 0
vt 0.5399224 0.7100291 0
vt 0.5627347 0.7524824 0
vt 0.5389715 0.7516891 0
vt 0.4032618 0.6999346 0
vt 0.428066 0.699627 0
vt 0.4029305 0.6592696 0
vt 0.4277761 0.6588668 0
vt 0.4380433 0.6996169 0
vt 0.4621338 0.6994369 0
vt 0.4377818 0.6588238 0
vt 0.4619732 0.6585157 0
vt 0.4720942 0.6994864 0
vt 0.496142 0.6994757 0
vt 0.4719788 0.658503 0
vt 0.4961895 0.6582611 0
vt 0.5995157 0.6588577 0
vt 0.574632 0.6585353 0
vt 0.5989682 0.7015258 0
vt 0.5741491 0.7007794 0
vt 0.5646292 0.6583568 0
vt 0.5404079 0.6582899 0
vt 0.5641766 0.7004529 0
vt 0.5400894 0.7000068 0
vt 0.6479715 0.8380341 0
vt 0.6203637 0.8327167 0
vt 0.6431999 0.8330126 0
vt 0.6187327 0.7928044 0
vt 0.6473248 0.7880163 0
vt 0.6425361 0.792823 0
vt 0.6795293 0.8387673 0
vt 0.6526122 0.8332465 0
vt 0.6748649 0.8336977 0
vt 0.6522178 0.7930194 0
vt 0.6799673 0.7884923 0
vt 0.6751155 0.7932798 0
vt 0.684279 0.8340114 0
vt 0.7065623 0.8346451 0
vt 0.6847312 0.7935472 0
vt 0.7075384 0.7940047 0
vt 0.777605 0.7917533 0
vt 0.8059397 0.79839 0
vt 0.7821441 0.7970166 0
vt 0.8021274 0.8399047 0
vt 0.7742809 0.8427934 0
vt 0.7793051 0.8382042 0
vt 0.7724678 0.7964313 0
vt 0.749561 0.7954751 0
vt 0.7699087 0.8375441 0
vt 0.747662 0.8363901 0
vt 0.6185438 0.7830441 0
vt 0.6424169 0.7830855 0
vt 0.6185232 0.7430682 0
vt 0.6473898 0.7382008 0
vt 0.6424604 0.743039 0
vt 0.6521967 0.7832213 0
vt 0.6751541 0.7834886 0
vt 0.6522894 0.7431417 0
vt 0.6804287 0.7383845 0
vt 0.6754866 0.7432122 0
vt 0.6848547 0.7837186 0
vt 0.7077169 0.784177 0
vt 0.6852759 0.7433756 0
vt 0.7084285 0.7436095 0
vt 0.779421 0.7404783 0
vt 0.8081185 0.7466153 0
vt 0.7841707 0.7456863 0
vt 0.806555 0.7884327 0
vt 0.7826904 0.7870923 0
vt 0.7743496 0.7452584 0
vt 0.7511462 0.7446043 0
vt 0.7729241 0.7865303 0
vt 0.7499577 0.7855839 0
vt 0.6185455 0.7333205 0
vt 0.642483 0.7332924 0
vt 0.6186391 0.6935476 0
vt 0.642614 0.6933102 0
vt 0.6523332 0.7333691 0
vt 0.6755472 0.7334337 0
vt 0.6524813 0.6933246 0
vt 0.675781 0.6931868 0
vt 0.6853745 0.7335678 0
vt 0.7085503 0.7337906 0
vt 0.6856405 0.6932445 0
vt 0.7089376 0.6932311 0
vt 0.80916 0.6946985 0
vt 0.7851611 0.6941703 0
vt 0.8083877 0.7365838 0
vt 0.784438 0.7357009 0
vt 0.775294 0.6939183 0
vt 0.751971 0.6936386 0
vt 0.7745931 0.7353145 0
vt 0.7513736 0.73469 0
vt 0.7738058 0.48351 0
vt 0.801758 0.4864343 0
vt 0.7788911 0.4881592 0
vt 0.805959 0.5279707 0
vt 0.777611 0.5346406 0
vt 0.7821329 0.5294399 0
vt 0.7421241 0.4853405 0
vt 0.7694531 0.4887341 0
vt 0.7471121 0.4900399 0
vt 0.7724016 0.5298817 0
vt 0.7448053 0.5360533 0
vt 0.7494054 0.5309411 0
vt 0.737643 0.4904826 0
vt 0.7152458 0.4915547 0
vt 0.7397198 0.5312884 0
vt 0.7167879 0.532191 0
vt 0.6466551 0.5392933 0
vt 0.6179845 0.5352139 0
vt 0.6418135 0.534527 0
vt 0.619212 0.4951183 0
vt 0.6468453 0.4893318 0
vt 0.6420895 0.4943875 0
vt 0.6515378 0.5342898 0
vt 0.6745224 0.5335408 0
vt 0.6515436 0.4940877 0
vt 0.6738901 0.4932201 0
vt 0.806656 0.538001 0
vt 0.7827407 0.5393759 0
vt 0.8084195 0.5802049 0
vt 0.7796713 0.5859949 0
vt 0.7844317 0.5808872 0
vt 0.7729274 0.5398098 0
vt 0.7498552 0.5408176 0
vt 0.7745519 0.5811238 0
vt 0.7464756 0.5868113 0
vt 0.7512547 0.5817703 0
vt 0.7400968 0.5411454 0
vt 0.7171012 0.5420135 0
vt 0.741405 0.5819759 0
vt 0.7181499 0.5825751 0
vt 0.6470694 0.5890424 0
vt 0.6181471 0.5849309 0
vt 0.6421056 0.5842712 0
vt 0.6178521 0.5449654 0
vt 0.6417552 0.5442786 0
vt 0.6519652 0.5840853 0
vt 0.6752286 0.583506 0
vt 0.6515709 0.5440537 0
vt 0.6746209 0.543324 0
vt 0.8087065 0.5903203 0
vt 0.7846946 0.5909085 0
vt 0.8093403 0.6325 0
vt 0.7853277 0.6325271 0
vt 0.7748106 0.5910844 0
vt 0.7514847 0.591674 0
vt 0.7754249 0.6325262 0
vt 0.7520644 0.6327165 0
vt 0.7416132 0.5918417 0
vt 0.7183269 0.5924024 0
vt 0.7421693 0.6327543 0
vt 0.7188285 0.6330015 0
vt 0.6185278 0.6344262 0
vt 0.6425077 0.6339367 0
vt 0.6181978 0.5946674 0
vt 0.6421631 0.5940073 0
vt 0.6523919 0.6338212 0
vt 0.6757185 0.6334403 0
vt 0.6520376 0.5938311 0
vt 0.6753233 0.5932664 0
vt 0.1663578 0.6394953 0
vt 0.08559037 0.9960937 0
vt 0.3983013 0.7048887 0
vt 0.08559038 0.8135472 0
vt 0.1663578 0.8220419 0
vt 0.1259741 0.6394953 0
vt 0.1259741 0.9960937 0
vt 0.814182 0.689818 0
vt 0.1259741 0.8135472 0
vt 0.6136113 0.6393462 0
vt 0.1259741 0.8220419 0
vt 0.8059334 0.4810867 0
vt 0.4675721 0.8554877 0
vt 0.4990021 0.8556426 0
vt 0.813225 0.7418332 0
vt 0.04520787 0.8135472 0
vt 0.2480419 0.8220419 0
vt 0.8015868 0.4344502 0
vt 0.7397968 0.4377272 0
vt 0.6030519 0.5472556 0
vt 0.7086235 0.4387071 0
vt 0.5258029 0.3988955 0
vt 0.4942764 0.4001336 0
vt 0.6789077 0.8874145 0
vt 0.2067403 0.9960937 0
vt 0.7098427 0.8879195 0
vt 0.3974779 0.6039376 0
vt 0.6043704 0.6006681 0
vt 0.3978931 0.6543676 0
vt 0.6137162 0.6886997 0
vt 0.04520787 0.6394953 0
vt 0.003906251 0.6394953 0
vt 0.8023385 0.8915683 0
vt 0.8063336 0.8452908 0
vt 0.6158808 0.8375279 0
vt 0.08559038 0.6394953 0
vt 0.00390625 0.8220419 0
vt 0.5928298 0.8585869 0
vt 0.5934209 0.4416035 0
vt 0.596858 0.8119951 0
vt 0.5882718 0.3950773 0
vt 0.2480419 0.6394953 0
vt 0.2067403 0.6394953 0
vt 0.2480419 0.8135472 0
vt 0.4000672 0.4022684 0
vt 0.04520787 0.8220419 0
vt 0.08559037 0.8220419 0
vt 0.1663578 0.8135472 0
vt 0.2067403 0.8220419 0
vt 0.2067403 0.8135472 0
vt 0.3989073 0.4520734 0
vt 0.003906251 0.8135472 0
vt 0.6171401 0.8872227 0
vt 0.3966114 0.5028717 0
vt 0.6136245 0.7878856 0
vt 0.3969479 0.5535152 0
vt 0.6135902 0.7381471 0
vt 0.8143541 0.6375916 0
vt 0.2480419 0.9960938 0
vt 0.6154095 0.4405961 0
vt 0.614691 0.4903294 0
vt 0.1663578 0.9960937 0
vt 0.4025867 0.8061508 0
vt 0.00390625 0.9960937 0
vt 0.4050283 0.8562951 0
vt 0.04520787 0.9960937 0
vt 0.612906 0.5401907 0
vt 0.3990704 0.755637 0
vt 0.6045726 0.6538719 0
vt 0.6132302 0.5899142 0
vt 0.8112762 0.7937748 0
vt 0.6000678 0.4938907 0
vt 0.6021139 0.7596606 0
vt 0.8113544 0.5326678 0
vt 0.6038944 0.7068181 0
vt 0.8135598 0.5851609 0
vt 0.5615537 0.8571063 0
vt 0.5304102 0.856159 0
vt 0.4363694 0.8556768 0
vt 0.6464669 0.4402058 0
vt 0.6774177 0.439535 0
vt 0.7706597 0.4365166 0
vt 0.4313983 0.4016755 0
vt 0.4627094 0.4010665 0
vt 0.5570063 0.3972638 0
vt 0.7714265 0.8899012 0
vt 0.7407462 0.8887234 0
vt 0.6481433 0.8871724 0
#end 1386 textures vertices 

#begin 194 normals 
vn 0 -1 -0
vn 0 1 -0
vn -0.5774 -0.5774 0.5774
vn 0.5774 -0.5774 0.5774
vn 0.5774 0.5774 0.5774
vn -0.5774 0.5774 0.5774
vn 0.5818 -0.5758 0.5744
vn 0.5729 -0.5789 -0.5802
vn 0.5729 0.5789 -0.5802
vn 0.5818 0.5758 0.5744
vn 0 0 -1
vn -0.5729 -0.5789 -0.5802
vn -0.5818 -0.5758 0.5744
vn -0.5818 0.5758 0.5744
vn -0.5729 0.5789 -0.5802
vn 0 0.7071 0.7071
vn 0 0 1
vn 0.5773 0.5774 0.5774
vn -0.5773 -0.5774 0.5774
vn 0 -0.7071 0.7071
vn 0.5826 -0.5709 0.5785
vn 0.5721 -0.5838 -0.5761
vn 0.5737 0.574 -0.5843
vn 0.5809 0.5807 0.5704
vn 0.5823 -0.5726 0.5771
vn 0.5724 -0.5822 -0.5774
vn 0.5735 0.5756 -0.5829
vn 0.5812 0.5791 0.5717
vn 0.582 -0.5742 0.5758
vn 0.5727 -0.5805 -0.5788
vn 0.5732 0.5772 -0.5816
vn 0.5815 0.5775 0.5731
vn 0.5721 0.5838 -0.5761
vn 0.5826 0.5709 0.5785
vn 0.5809 -0.5807 0.5704
vn 0.5737 -0.574 -0.5843
vn 0.5724 0.5822 -0.5774
vn 0.5823 0.5726 0.5771
vn 0.5812 -0.5791 0.5717
vn 0.5735 -0.5756 -0.5829
vn 0.5727 0.5805 -0.5788
vn 0.582 0.5742 0.5758
vn 0.5815 -0.5775 0.5731
vn 0.5732 -0.5772 -0.5816
vn 0 0.7071 -0.7071
vn 0 -0.7071 -0.7071
vn -0.5721 -0.5838 -0.5761
vn -0.5826 -0.5709 0.5785
vn -0.5809 0.5807 0.5704
vn -0.5737 0.574 -0.5843
vn -0.5724 -0.5822 -0.5774
vn -0.5823 -0.5726 0.5771
vn -0.5812 0.5791 0.5717
vn -0.5735 0.5756 -0.5829
vn -0.5727 -0.5805 -0.5788
vn -0.582 -0.5742 0.5758
vn -0.5815 0.5775 0.5731
vn -0.5732 0.5772 -0.5816
vn -0.5826 0.5709 0.5785
vn -0.5721 0.5838 -0.5761
vn -0.5737 -0.574 -0.5843
vn -0.5809 -0.5807 0.5704
vn -0.5823 0.5726 0.5771
vn -0.5724 0.5822 -0.5774
vn -0.5735 -0.5756 -0.5829
vn -0.5812 -0.5791 0.5717
vn -0.582 0.5742 0.5758
vn -0.5727 0.5805 -0.5788
vn -0.5732 -0.5772 -0.5816
vn -0.5815 -0.5775 0.5731
vn 0.701 -0.7131 -0
vn 0.6981 -0.716 -0
vn -0.6949 -0.7191 -0
vn -0.6981 -0.716 -0
vn 0.6949 0.7191 -0
vn 0.6981 0.716 -0
vn -0.701 0.7131 -0
vn -0.6981 0.716 -0
vn 0.7023 -0 -0.7119
vn 0.7023 0 -0.7119
vn -0.7023 -0 -0.7119
vn -0.5606 0.5909 0.5802
vn -0.7176 0.0191 0.6962
vn 0.7176 0.0191 0.6962
vn 0.5606 0.5909 0.5802
vn 0.5606 -0.5909 0.5802
vn 0.7176 -0.0191 0.6962
vn -0.7176 -0.0191 0.6962
vn -0.5606 -0.5909 0.5802
vn 0.5774 0.5774 -0.5774
vn -0.5774 0.5774 -0.5774
vn -0.5774 -0.5774 -0.5774
vn -0.7023 0 -0.7119
vn 0.5774 -0.5774 -0.5774
vn 0.3015 -0.3015 0.9045
vn -0.3015 -0.3015 0.9045
vn 0.3015 0.3015 0.9045
vn -0.3015 0.3015 0.9045
vn -0.7119 -0 0.7023
vn -0.7119 0 0.7023
vn 0.7119 -0 0.7023
vn 0.7119 0 0.7023
vn 0.6917 -0.7222 -0
vn 0.6949 -0.7191 -0
vn 0.7041 -0.7101 -0
vn -0.7041 -0.7101 -0
vn -0.7011 -0.713 -0
vn -0.6917 -0.7222 -0
vn 0.7041 0.7101 -0
vn 0.7011 0.713 -0
vn 0.6917 0.7222 -0
vn -0.6917 0.7222 -0
vn -0.6949 0.7191 -0
vn -0.7041 0.7101 -0
vn 0.9999 -0 -0.0136
vn 0.9021 -0.298 -0.312
vn 0.9068 -0.3051 0.2909
vn 0.9999 0 -0.0136
vn 0.9021 0.298 -0.312
vn 0.9068 0.3051 0.2909
vn -0.9999 0 -0.0136
vn -0.9068 -0.3051 0.2909
vn -0.9021 -0.298 -0.312
vn -0.9999 -0 -0.0136
vn -0.9068 0.3051 0.2909
vn -0.9021 0.298 -0.312
vn 0.9999 0.0084 -0.0137
vn 0.9998 0.0127 -0.0138
vn 0.904 -0.2976 -0.3071
vn 0.905 -0.3054 0.2961
vn 0.9003 0.2983 -0.317
vn 0.9086 0.3046 0.2858
vn 0.9034 -0.2977 -0.3087
vn 0.9056 -0.3053 0.2944
vn 0.9009 0.2982 -0.3154
vn 0.908 0.3048 0.2875
vn 0.9027 -0.2978 -0.3104
vn 0.9062 -0.3052 0.2927
vn 0.9015 0.2981 -0.3137
vn 0.9074 0.3049 0.2892
vn 0.9998 -0.0171 -0.0139
vn 0.9998 -0.0127 -0.0138
vn 0.905 0.3054 0.2961
vn 0.904 0.2976 -0.3071
vn 0.9086 -0.3046 0.2858
vn 0.9003 -0.2983 -0.317
vn 0.9056 0.3053 0.2944
vn 0.9034 0.2977 -0.3087
vn 0.908 -0.3048 0.2875
vn 0.9009 -0.2982 -0.3154
vn 0.9062 0.3052 0.2927
vn 0.9027 0.2978 -0.3104
vn 0.9074 -0.3049 0.2892
vn 0.9015 -0.2981 -0.3137
vn -0.9998 0.0171 -0.0139
vn -0.9998 0.0127 -0.0138
vn -0.905 -0.3054 0.2961
vn -0.904 -0.2976 -0.3071
vn -0.9086 0.3046 0.2858
vn -0.9003 0.2983 -0.317
vn -0.9056 -0.3053 0.2944
vn -0.9034 -0.2977 -0.3087
vn -0.908 0.3048 0.2875
vn -0.9009 0.2982 -0.3154
vn -0.9062 -0.3052 0.2927
vn -0.9027 -0.2978 -0.3104
vn -0.9074 0.3049 0.2892
vn -0.9015 0.2981 -0.3137
vn -0.9999 -0.0084 -0.0137
vn -0.9998 -0.0127 -0.0138
vn -0.904 0.2976 -0.3071
vn -0.905 0.3054 0.2961
vn -0.9003 -0.2983 -0.317
vn -0.9086 -0.3046 0.2858
vn -0.9034 0.2977 -0.3087
vn -0.9056 0.3053 0.2944
vn -0.9009 -0.2982 -0.3154
vn -0.908 -0.3048 0.2875
vn -0.9027 0.2978 -0.3104
vn -0.9062 0.3052 0.2927
vn -0.9015 -0.2981 -0.3137
vn -0.9074 -0.3049 0.2892
vn 0.9997 0.0216 -0.014
vn 0.9998 0.0171 -0.0139
vn 0.9999 0.0042 -0.0136
vn 0.9999 -0.0042 -0.0136
vn 0.9999 -0.0084 -0.0137
vn 0.9997 -0.0216 -0.014
vn -0.9999 0.0042 -0.0136
vn -0.9999 0.0084 -0.0137
vn -0.9997 0.0216 -0.014
vn -0.9997 -0.0216 -0.014
vn -0.9998 -0.0171 -0.0139
vn -0.9999 -0.0042 -0.0136
#end 194 normals 

#begin 1296 faces
o Box017
usemtl wire_032058127
g Box017
s 2
f 1/1/1 2/2/1 3/3/1 4/4/1 
s 4
f 5/5/2 6/6/2 7/7/2 8/8/2 
s 8
f 9/9/3 10/10/4 11/11/5 12/12/6 
s 16
f 13/13/7 14/14/8 15/15/9 16/16/10 
s 32
f 17/17/11 18/18/11 19/19/11 20/20/11 
s 64
f 21/21/12 22/22/13 23/23/14 24/24/15 
s 8
f 25/25/16 26/26/16 27/27/17 28/28/17 
f 29/29/3 30/30/4 31/31/5 32/32/6 
f 33/33/3 34/34/4 35/35/18 36/36/6 
f 37/37/19 38/38/4 39/39/18 40/40/6 
f 41/41/20 42/42/20 43/43/17 44/44/17 
f 45/45/5 46/46/6 47/47/3 48/48/4 
f 49/49/5 50/50/6 51/51/3 52/52/4 
f 53/53/5 54/54/6 55/55/3 56/56/4 
s 16
f 57/57/21 58/58/22 59/59/23 60/60/24 
f 61/61/25 62/62/26 63/63/27 64/64/28 
f 65/65/29 66/66/30 67/67/31 68/68/32 
f 69/69/33 70/70/34 71/71/35 72/72/36 
f 73/73/37 74/74/38 75/75/39 76/76/40 
f 77/77/41 78/78/42 79/79/43 80/80/44 
s 32
f 81/81/45 82/82/45 83/83/11 84/84/11 
f 84/84/11 83/83/11 85/85/11 86/86/11 
f 86/86/11 85/85/11 87/87/11 88/88/11 
f 88/88/11 87/87/11 18/18/11 17/17/11 
f 89/89/46 90/90/46 91/91/11 92/92/11 
f 92/92/11 91/91/11 93/93/11 94/94/11 
f 94/94/11 93/93/11 95/95/11 96/96/11 
f 96/96/11 95/95/11 19/19/11 97/97/11 
s 64
f 98/98/47 99/99/48 100/100/49 101/101/50 
f 102/102/51 103/103/52 104/104/53 105/105/54 
f 106/106/55 107/107/56 108/108/57 109/109/58 
f 110/110/59 111/111/60 112/112/61 113/113/62 
f 114/114/63 115/115/64 116/116/65 117/117/66 
f 118/118/67 119/119/68 120/120/69 121/121/70 
s 2
f 122/122/71 123/123/72 124/124/1 125/125/1 
f 125/125/1 124/124/1 126/126/1 127/127/1 
f 127/127/1 126/126/1 2/2/1 1/1/1 
f 128/128/73 129/129/74 130/130/1 131/131/1 
f 131/131/1 130/130/1 3/3/1 132/132/1 
s 4
f 133/133/75 134/134/76 135/135/2 136/136/2 
f 136/136/2 135/135/2 137/137/2 138/138/2 
f 138/138/2 137/137/2 6/6/2 5/5/2 
f 139/139/77 140/140/78 141/141/2 142/142/2 
f 142/142/2 141/141/2 7/7/2 143/143/2 
s 8
f 144/144/3 145/145/4 146/146/5 147/147/6 
f 148/148/3 149/149/4 150/150/5 151/151/6 
f 152/152/3 153/153/4 154/154/5 155/155/6 
f 156/156/5 157/157/6 158/158/3 159/159/4 
f 160/160/5 161/161/6 162/162/3 163/163/4 
s 32
f 164/164/11 165/165/79 166/166/80 167/167/11 
f 168/168/11 164/164/11 167/167/11 97/97/11 
f 18/18/11 168/168/11 97/97/11 19/19/11 
f 169/169/11 170/170/81 171/171/81 172/172/11 
f 20/20/11 169/169/11 172/172/11 17/17/11 
s 8
f 173/173/16 174/174/82 175/175/83 176/176/17 
f 177/177/16 173/173/16 176/176/17 178/178/17 
f 26/26/16 177/177/16 178/178/17 27/27/17 
f 179/179/17 180/180/84 181/181/85 182/182/16 
f 28/28/17 179/179/17 182/182/16 25/25/16 
f 183/183/3 184/184/4 185/185/5 186/186/6 
f 187/187/3 188/188/4 189/189/5 190/190/6 
f 191/191/3 192/192/4 193/193/5 194/194/6 
f 195/195/5 196/196/6 197/197/3 198/198/4 
f 199/199/5 200/200/6 201/201/3 202/202/4 
f 203/203/3 204/204/4 205/205/5 206/206/6 
f 207/207/3 208/208/4 209/209/5 210/210/6 
f 211/211/3 212/212/4 213/213/5 214/214/6 
f 215/215/5 216/216/6 217/217/3 218/218/4 
f 219/219/5 220/220/6 221/221/3 222/222/4 
f 223/223/3 224/224/4 225/225/5 226/226/6 
f 227/227/3 228/228/4 229/229/5 230/230/6 
f 231/231/3 232/232/4 233/233/5 234/234/6 
f 235/235/5 236/236/6 237/237/3 238/238/4 
f 239/239/5 240/240/6 241/241/3 242/242/4 
f 243/243/20 244/244/86 245/245/87 246/246/17 
f 247/247/20 243/243/20 246/246/17 248/248/17 
f 42/42/20 247/247/20 248/248/17 43/43/17 
f 249/249/17 250/250/88 251/251/89 252/252/20 
f 44/44/17 249/249/17 252/252/20 41/41/20 
f 253/253/5 254/254/6 255/255/3 256/256/4 
f 257/257/5 258/258/6 259/259/3 260/260/4 
f 261/261/5 262/262/6 263/263/3 264/264/4 
f 265/265/3 266/266/4 267/267/5 268/268/6 
f 269/269/3 270/270/4 271/271/5 272/272/6 
f 273/273/5 274/274/6 275/275/3 276/276/4 
f 277/277/5 278/278/6 279/279/3 280/280/4 
f 281/281/5 282/282/6 283/283/3 284/284/4 
f 285/285/3 286/286/4 287/287/5 288/288/6 
f 289/289/3 290/290/4 291/291/5 292/292/6 
f 293/293/5 294/294/6 295/295/3 296/296/4 
f 297/297/5 298/298/6 299/299/3 300/300/4 
f 301/301/5 302/302/6 303/303/3 304/304/4 
f 305/305/3 306/306/4 307/307/5 308/308/6 
f 309/309/3 310/310/4 311/311/5 312/312/6 
s 32
f 313/313/45 314/314/90 315/315/79 316/316/11 
f 317/317/45 313/313/45 316/316/11 318/318/11 
f 82/82/45 317/317/45 318/318/11 83/83/11 
f 319/319/11 320/320/81 321/321/91 322/322/45 
f 84/84/11 319/319/11 322/322/45 81/81/45 
f 316/316/11 315/315/79 323/323/79 324/324/11 
f 318/318/11 316/316/11 324/324/11 325/325/11 
f 83/83/11 318/318/11 325/325/11 85/85/11 
f 326/326/11 327/327/81 320/320/81 319/319/11 
f 86/86/11 326/326/11 319/319/11 84/84/11 
f 324/324/11 323/323/79 328/328/79 329/329/11 
f 325/325/11 324/324/11 329/329/11 330/330/11 
f 85/85/11 325/325/11 330/330/11 87/87/11 
f 331/331/11 332/332/81 327/327/81 326/326/11 
f 88/88/11 331/331/11 326/326/11 86/86/11 
f 329/329/11 328/328/79 165/165/79 164/164/11 
f 330/330/11 329/329/11 164/164/11 168/168/11 
f 87/87/11 330/330/11 168/168/11 18/18/11 
f 172/172/11 171/171/81 332/332/81 331/331/11 
f 17/17/11 172/172/11 331/331/11 88/88/11 
f 333/333/46 334/334/92 335/335/93 336/336/11 
f 337/337/46 333/333/46 336/336/11 338/338/11 
f 90/90/46 337/337/46 338/338/11 91/91/11 
f 339/339/11 340/340/80 341/341/94 342/342/46 
f 92/92/11 339/339/11 342/342/46 89/89/46 
f 336/336/11 335/335/93 343/343/93 344/344/11 
f 338/338/11 336/336/11 344/344/11 345/345/11 
f 91/91/11 338/338/11 345/345/11 93/93/11 
f 346/346/11 347/347/80 340/340/80 339/339/11 
f 94/94/11 346/346/11 339/339/11 92/92/11 
f 344/344/11 343/343/93 348/348/93 349/349/11 
f 345/345/11 344/344/11 349/349/11 350/350/11 
f 93/93/11 345/345/11 350/350/11 95/95/11 
f 351/351/11 352/352/80 347/347/80 346/346/11 
f 96/96/11 351/351/11 346/346/11 94/94/11 
f 349/349/11 348/348/93 170/170/81 169/169/11 
f 350/350/11 349/349/11 169/169/11 20/20/11 
f 95/95/11 350/350/11 20/20/11 19/19/11 
f 167/167/11 166/166/80 352/352/80 351/351/11 
f 97/97/11 167/167/11 351/351/11 96/96/11 
s off
f 353/353/17 354/354/17 355/355/95 356/356/96 
f 354/354/17 357/357/17 358/358/97 355/355/95 
f 357/357/17 359/359/17 360/360/98 358/358/97 
f 359/359/17 353/353/17 356/356/96 360/360/98 
f 28/28/17 27/27/17 361/361/95 362/362/96 
f 27/27/17 363/363/17 364/364/97 361/361/95 
f 363/363/17 365/365/17 366/366/98 364/364/97 
f 365/365/17 28/28/17 362/362/96 366/366/98 
f 365/365/17 363/363/17 367/367/95 368/368/96 
f 363/363/17 369/369/17 370/370/97 367/367/95 
f 369/369/17 371/371/17 372/372/98 370/370/97 
f 371/371/17 365/365/17 368/368/96 372/372/98 
f 371/371/17 369/369/17 373/373/95 374/374/96 
f 369/369/17 354/354/17 375/375/97 373/373/95 
f 354/354/17 353/353/17 376/376/98 375/375/97 
f 353/353/17 371/371/17 374/374/96 376/376/98 
f 44/44/17 43/43/17 377/377/98 378/378/97 
f 43/43/17 379/379/17 380/380/96 377/377/98 
f 379/379/17 381/381/17 382/382/95 380/380/96 
f 381/381/17 44/44/17 378/378/97 382/382/95 
f 381/381/17 379/379/17 383/383/98 384/384/97 
f 379/379/17 385/385/17 386/386/96 383/383/98 
f 385/385/17 387/387/17 388/388/95 386/386/96 
f 387/387/17 381/381/17 384/384/97 388/388/95 
f 387/387/17 385/385/17 389/389/98 390/390/97 
f 385/385/17 357/357/17 391/391/96 389/389/98 
f 357/357/17 392/392/17 393/393/95 391/391/96 
f 392/392/17 387/387/17 390/390/97 393/393/95 
f 394/394/17 395/395/99 396/396/95 397/397/96 
f 395/395/99 398/398/100 399/399/97 396/396/95 
f 398/398/100 400/400/17 401/401/98 399/399/97 
f 400/400/17 394/394/17 397/397/96 401/401/98 
f 402/402/17 394/394/17 403/403/95 404/404/96 
f 394/394/17 400/400/17 405/405/97 403/403/95 
f 400/400/17 392/392/17 406/406/98 405/405/97 
f 392/392/17 402/402/17 404/404/96 406/406/98 
f 354/354/17 402/402/17 407/407/95 408/408/96 
f 402/402/17 392/392/17 409/409/97 407/407/95 
f 392/392/17 357/357/17 410/410/98 409/409/97 
f 357/357/17 354/354/17 408/408/96 410/410/98 
f 411/411/17 412/412/101 413/413/98 414/414/97 
f 412/412/101 415/415/101 416/416/96 413/413/98 
f 415/415/101 417/417/17 418/418/95 416/416/96 
f 417/417/17 411/411/17 414/414/97 418/418/95 
f 359/359/17 411/411/17 419/419/98 420/420/97 
f 411/411/17 417/417/17 421/421/96 419/419/98 
f 417/417/17 353/353/17 422/422/95 421/421/96 
f 353/353/17 359/359/17 420/420/97 422/422/95 
f 176/176/17 175/175/83 423/423/95 424/424/96 
f 175/175/83 425/425/99 426/426/97 423/423/95 
f 425/425/99 427/427/17 428/428/98 426/426/97 
f 427/427/17 176/176/17 424/424/96 428/428/98 
f 178/178/17 176/176/17 429/429/95 430/430/96 
f 176/176/17 427/427/17 431/431/97 429/429/95 
f 427/427/17 432/432/17 433/433/98 431/431/97 
f 432/432/17 178/178/17 430/430/96 433/433/98 
f 27/27/17 178/178/17 434/434/95 435/435/96 
f 178/178/17 432/432/17 436/436/97 434/434/95 
f 432/432/17 363/363/17 437/437/98 436/436/97 
f 363/363/17 27/27/17 435/435/96 437/437/98 
f 438/438/17 439/439/101 440/440/98 441/441/97 
f 439/439/101 180/180/84 442/442/96 440/440/98 
f 180/180/84 179/179/17 443/443/95 442/442/96 
f 179/179/17 438/438/17 441/441/97 443/443/95 
f 365/365/17 438/438/17 444/444/98 445/445/97 
f 438/438/17 179/179/17 446/446/96 444/444/98 
f 179/179/17 28/28/17 447/447/95 446/446/96 
f 28/28/17 365/365/17 445/445/97 447/447/95 
f 427/427/17 425/425/99 448/448/95 449/449/96 
f 425/425/99 450/450/99 451/451/97 448/448/95 
f 450/450/99 452/452/17 453/453/98 451/451/97 
f 452/452/17 427/427/17 449/449/96 453/453/98 
f 432/432/17 427/427/17 454/454/95 455/455/96 
f 427/427/17 452/452/17 456/456/97 454/454/95 
f 452/452/17 457/457/17 458/458/98 456/456/97 
f 457/457/17 432/432/17 455/455/96 458/458/98 
f 363/363/17 432/432/17 459/459/95 460/460/96 
f 432/432/17 457/457/17 461/461/97 459/459/95 
f 457/457/17 369/369/17 462/462/98 461/461/97 
f 369/369/17 363/363/17 460/460/96 462/462/98 
f 463/463/17 464/464/101 465/465/98 466/466/97 
f 464/464/101 439/439/101 467/467/96 465/465/98 
f 439/439/101 438/438/17 468/468/95 467/467/96 
f 438/438/17 463/463/17 466/466/97 468/468/95 
f 371/371/17 463/463/17 469/469/98 470/470/97 
f 463/463/17 438/438/17 471/471/96 469/469/98 
f 438/438/17 365/365/17 472/472/95 471/471/96 
f 365/365/17 371/371/17 470/470/97 472/472/95 
f 452/452/17 450/450/99 473/473/95 474/474/96 
f 450/450/99 395/395/99 475/475/97 473/473/95 
f 395/395/99 394/394/17 476/476/98 475/475/97 
f 394/394/17 452/452/17 474/474/96 476/476/98 
f 457/457/17 452/452/17 477/477/95 478/478/96 
f 452/452/17 394/394/17 479/479/97 477/477/95 
f 394/394/17 402/402/17 480/480/98 479/479/97 
f 402/402/17 457/457/17 478/478/96 480/480/98 
f 369/369/17 457/457/17 481/481/95 482/482/96 
f 457/457/17 402/402/17 483/483/97 481/481/95 
f 402/402/17 354/354/17 484/484/98 483/483/97 
f 354/354/17 369/369/17 482/482/96 484/484/98 
f 417/417/17 415/415/101 485/485/98 486/486/97 
f 415/415/101 464/464/101 487/487/96 485/485/98 
f 464/464/101 463/463/17 488/488/95 487/487/96 
f 463/463/17 417/417/17 486/486/97 488/488/95 
f 353/353/17 417/417/17 489/489/98 490/490/97 
f 417/417/17 463/463/17 491/491/96 489/489/98 
f 463/463/17 371/371/17 492/492/95 491/491/96 
f 371/371/17 353/353/17 490/490/97 492/492/95 
f 246/246/17 245/245/87 493/493/98 494/494/97 
f 245/245/87 495/495/102 496/496/96 493/493/98 
f 495/495/102 497/497/17 498/498/95 496/496/96 
f 497/497/17 246/246/17 494/494/97 498/498/95 
f 248/248/17 246/246/17 499/499/98 500/500/97 
f 246/246/17 497/497/17 501/501/96 499/499/98 
f 497/497/17 502/502/17 503/503/95 501/501/96 
f 502/502/17 248/248/17 500/500/97 503/503/95 
f 43/43/17 248/248/17 504/504/98 505/505/97 
f 248/248/17 502/502/17 506/506/96 504/504/98 
f 502/502/17 379/379/17 507/507/95 506/506/96 
f 379/379/17 43/43/17 505/505/97 507/507/95 
f 508/508/17 509/509/100 510/510/95 511/511/96 
f 509/509/100 250/250/88 512/512/97 510/510/95 
f 250/250/88 249/249/17 513/513/98 512/512/97 
f 249/249/17 508/508/17 511/511/96 513/513/98 
f 381/381/17 508/508/17 514/514/95 515/515/96 
f 508/508/17 249/249/17 516/516/97 514/514/95 
f 249/249/17 44/44/17 517/517/98 516/516/97 
f 44/44/17 381/381/17 515/515/96 517/517/98 
f 497/497/17 495/495/102 518/518/98 519/519/97 
f 495/495/102 520/520/102 521/521/96 518/518/98 
f 520/520/102 522/522/17 523/523/95 521/521/96 
f 522/522/17 497/497/17 519/519/97 523/523/95 
f 502/502/17 497/497/17 524/524/98 525/525/97 
f 497/497/17 522/522/17 526/526/96 524/524/98 
f 522/522/17 527/527/17 528/528/95 526/526/96 
f 527/527/17 502/502/17 525/525/97 528/528/95 
f 379/379/17 502/502/17 529/529/98 530/530/97 
f 502/502/17 527/527/17 531/531/96 529/529/98 
f 527/527/17 385/385/17 532/532/95 531/531/96 
f 385/385/17 379/379/17 530/530/97 532/532/95 
f 533/533/17 534/534/100 535/535/95 536/536/96 
f 534/534/100 509/509/100 537/537/97 535/535/95 
f 509/509/100 508/508/17 538/538/98 537/537/97 
f 508/508/17 533/533/17 536/536/96 538/538/98 
f 387/387/17 533/533/17 539/539/95 540/540/96 
f 533/533/17 508/508/17 541/541/97 539/539/95 
f 508/508/17 381/381/17 542/542/98 541/541/97 
f 381/381/17 387/387/17 540/540/96 542/542/98 
f 522/522/17 520/520/102 543/543/98 544/544/97 
f 520/520/102 412/412/101 545/545/96 543/543/98 
f 412/412/101 411/411/17 546/546/95 545/545/96 
f 411/411/17 522/522/17 544/544/97 546/546/95 
f 527/527/17 522/522/17 547/547/98 548/548/97 
f 522/522/17 411/411/17 549/549/96 547/547/98 
f 411/411/17 359/359/17 550/550/95 549/549/96 
f 359/359/17 527/527/17 548/548/97 550/550/95 
f 385/385/17 527/527/17 551/551/98 552/552/97 
f 527/527/17 359/359/17 553/553/96 551/551/98 
f 359/359/17 357/357/17 554/554/95 553/553/96 
f 357/357/17 385/385/17 552/552/97 554/554/95 
f 400/400/17 398/398/100 555/555/95 556/556/96 
f 398/398/100 534/534/100 557/557/97 555/555/95 
f 534/534/100 533/533/17 558/558/98 557/557/97 
f 533/533/17 400/400/17 556/556/96 558/558/98 
f 392/392/17 400/400/17 559/559/95 560/560/96 
f 400/400/17 533/533/17 561/561/97 559/559/95 
f 533/533/17 387/387/17 562/562/98 561/561/97 
f 387/387/17 392/392/17 560/560/96 562/562/98 
f 356/356/96 355/355/95 10/10/4 9/9/3 
f 355/355/95 358/358/97 11/11/5 10/10/4 
f 358/358/97 360/360/98 12/12/6 11/11/5 
f 360/360/98 356/356/96 9/9/3 12/12/6 
f 362/362/96 361/361/95 30/30/4 29/29/3 
f 361/361/95 364/364/97 31/31/5 30/30/4 
f 364/364/97 366/366/98 32/32/6 31/31/5 
f 366/366/98 362/362/96 29/29/3 32/32/6 
f 368/368/96 367/367/95 34/34/4 33/33/3 
f 367/367/95 370/370/97 35/35/18 34/34/4 
f 370/370/97 372/372/98 36/36/6 35/35/18 
f 372/372/98 368/368/96 33/33/3 36/36/6 
f 374/374/96 373/373/95 38/38/4 37/37/19 
f 373/373/95 375/375/97 39/39/18 38/38/4 
f 375/375/97 376/376/98 40/40/6 39/39/18 
f 376/376/98 374/374/96 37/37/19 40/40/6 
f 378/378/97 377/377/98 46/46/6 45/45/5 
f 377/377/98 380/380/96 47/47/3 46/46/6 
f 380/380/96 382/382/95 48/48/4 47/47/3 
f 382/382/95 378/378/97 45/45/5 48/48/4 
f 384/384/97 383/383/98 50/50/6 49/49/5 
f 383/383/98 386/386/96 51/51/3 50/50/6 
f 386/386/96 388/388/95 52/52/4 51/51/3 
f 388/388/95 384/384/97 49/49/5 52/52/4 
f 390/390/97 389/389/98 54/54/6 53/53/5 
f 389/389/98 391/391/96 55/55/3 54/54/6 
f 391/391/96 393/393/95 56/56/4 55/55/3 
f 393/393/95 390/390/97 53/53/5 56/56/4 
f 397/397/96 396/396/95 145/145/4 144/144/3 
f 396/396/95 399/399/97 146/146/5 145/145/4 
f 399/399/97 401/401/98 147/147/6 146/146/5 
f 401/401/98 397/397/96 144/144/3 147/147/6 
f 404/404/96 403/403/95 149/149/4 148/148/3 
f 403/403/95 405/405/97 150/150/5 149/149/4 
f 405/405/97 406/406/98 151/151/6 150/150/5 
f 406/406/98 404/404/96 148/148/3 151/151/6 
f 408/408/96 407/407/95 153/153/4 152/152/3 
f 407/407/95 409/409/97 154/154/5 153/153/4 
f 409/409/97 410/410/98 155/155/6 154/154/5 
f 410/410/98 408/408/96 152/152/3 155/155/6 
f 414/414/97 413/413/98 157/157/6 156/156/5 
f 413/413/98 416/416/96 158/158/3 157/157/6 
f 416/416/96 418/418/95 159/159/4 158/158/3 
f 418/418/95 414/414/97 156/156/5 159/159/4 
f 420/420/97 419/419/98 161/161/6 160/160/5 
f 419/419/98 421/421/96 162/162/3 161/161/6 
f 421/421/96 422/422/95 163/163/4 162/162/3 
f 422/422/95 420/420/97 160/160/5 163/163/4 
f 424/424/96 423/423/95 184/184/4 183/183/3 
f 423/423/95 426/426/97 185/185/5 184/184/4 
f 426/426/97 428/428/98 186/186/6 185/185/5 
f 428/428/98 424/424/96 183/183/3 186/186/6 
f 430/430/96 429/429/95 188/188/4 187/187/3 
f 429/429/95 431/431/97 189/189/5 188/188/4 
f 431/431/97 433/433/98 190/190/6 189/189/5 
f 433/433/98 430/430/96 187/187/3 190/190/6 
f 435/435/96 434/434/95 192/192/4 191/191/3 
f 434/434/95 436/436/97 193/193/5 192/192/4 
f 436/436/97 437/437/98 194/194/6 193/193/5 
f 437/437/98 435/435/96 191/191/3 194/194/6 
f 441/441/97 440/440/98 196/196/6 195/195/5 
f 440/440/98 442/442/96 197/197/3 196/196/6 
f 442/442/96 443/443/95 198/198/4 197/197/3 
f 443/443/95 441/441/97 195/195/5 198/198/4 
f 445/445/97 444/444/98 200/200/6 199/199/5 
f 444/444/98 446/446/96 201/201/3 200/200/6 
f 446/446/96 447/447/95 202/202/4 201/201/3 
f 447/447/95 445/445/97 199/199/5 202/202/4 
f 449/449/96 448/448/95 204/204/4 203/203/3 
f 448/448/95 451/451/97 205/205/5 204/204/4 
f 451/451/97 453/453/98 206/206/6 205/205/5 
f 453/453/98 449/449/96 203/203/3 206/206/6 
f 455/455/96 454/454/95 208/208/4 207/207/3 
f 454/454/95 456/456/97 209/209/5 208/208/4 
f 456/456/97 458/458/98 210/210/6 209/209/5 
f 458/458/98 455/455/96 207/207/3 210/210/6 
f 460/460/96 459/459/95 212/212/4 211/211/3 
f 459/459/95 461/461/97 213/213/5 212/212/4 
f 461/461/97 462/462/98 214/214/6 213/213/5 
f 462/462/98 460/460/96 211/211/3 214/214/6 
f 466/466/97 465/465/98 216/216/6 215/215/5 
f 465/465/98 467/467/96 217/217/3 216/216/6 
f 467/467/96 468/468/95 218/218/4 217/217/3 
f 468/468/95 466/466/97 215/215/5 218/218/4 
f 470/470/97 469/469/98 220/220/6 219/219/5 
f 469/469/98 471/471/96 221/221/3 220/220/6 
f 471/471/96 472/472/95 222/222/4 221/221/3 
f 472/472/95 470/470/97 219/219/5 222/222/4 
f 474/474/96 473/473/95 224/224/4 223/223/3 
f 473/473/95 475/475/97 225/225/5 224/224/4 
f 475/475/97 476/476/98 226/226/6 225/225/5 
f 476/476/98 474/474/96 223/223/3 226/226/6 
f 478/478/96 477/477/95 228/228/4 227/227/3 
f 477/477/95 479/479/97 229/229/5 228/228/4 
f 479/479/97 480/480/98 230/230/6 229/229/5 
f 480/480/98 478/478/96 227/227/3 230/230/6 
f 482/482/96 481/481/95 232/232/4 231/231/3 
f 481/481/95 483/483/97 233/233/5 232/232/4 
f 483/483/97 484/484/98 234/234/6 233/233/5 
f 484/484/98 482/482/96 231/231/3 234/234/6 
f 486/486/97 485/485/98 236/236/6 235/235/5 
f 485/485/98 487/487/96 237/237/3 236/236/6 
f 487/487/96 488/488/95 238/238/4 237/237/3 
f 488/488/95 486/486/97 235/235/5 238/238/4 
f 490/490/97 489/489/98 240/240/6 239/239/5 
f 489/489/98 491/491/96 241/241/3 240/240/6 
f 491/491/96 492/492/95 242/242/4 241/241/3 
f 492/492/95 490/490/97 239/239/5 242/242/4 
f 494/494/97 493/493/98 254/254/6 253/253/5 
f 493/493/98 496/496/96 255/255/3 254/254/6 
f 496/496/96 498/498/95 256/256/4 255/255/3 
f 498/498/95 494/494/97 253/253/5 256/256/4 
f 500/500/97 499/499/98 258/258/6 257/257/5 
f 499/499/98 501/501/96 259/259/3 258/258/6 
f 501/501/96 503/503/95 260/260/4 259/259/3 
f 503/503/95 500/500/97 257/257/5 260/260/4 
f 505/505/97 504/504/98 262/262/6 261/261/5 
f 504/504/98 506/506/96 263/263/3 262/262/6 
f 506/506/96 507/507/95 264/264/4 263/263/3 
f 507/507/95 505/505/97 261/261/5 264/264/4 
f 511/511/96 510/510/95 266/266/4 265/265/3 
f 510/510/95 512/512/97 267/267/5 266/266/4 
f 512/512/97 513/513/98 268/268/6 267/267/5 
f 513/513/98 511/511/96 265/265/3 268/268/6 
f 515/515/96 514/514/95 270/270/4 269/269/3 
f 514/514/95 516/516/97 271/271/5 270/270/4 
f 516/516/97 517/517/98 272/272/6 271/271/5 
f 517/517/98 515/515/96 269/269/3 272/272/6 
f 519/519/97 518/518/98 274/274/6 273/273/5 
f 518/518/98 521/521/96 275/275/3 274/274/6 
f 521/521/96 523/523/95 276/276/4 275/275/3 
f 523/523/95 519/519/97 273/273/5 276/276/4 
f 525/525/97 524/524/98 278/278/6 277/277/5 
f 524/524/98 526/526/96 279/279/3 278/278/6 
f 526/526/96 528/528/95 280/280/4 279/279/3 
f 528/528/95 525/525/97 277/277/5 280/280/4 
f 530/530/97 529/529/98 282/282/6 281/281/5 
f 529/529/98 531/531/96 283/283/3 282/282/6 
f 531/531/96 532/532/95 284/284/4 283/283/3 
f 532/532/95 530/530/97 281/281/5 284/284/4 
f 536/536/96 535/535/95 286/286/4 285/285/3 
f 535/535/95 537/537/97 287/287/5 286/286/4 
f 537/537/97 538/538/98 288/288/6 287/287/5 
f 538/538/98 536/536/96 285/285/3 288/288/6 
f 540/540/96 539/539/95 290/290/4 289/289/3 
f 539/539/95 541/541/97 291/291/5 290/290/4 
f 541/541/97 542/542/98 292/292/6 291/291/5 
f 542/542/98 540/540/96 289/289/3 292/292/6 
f 544/544/97 543/543/98 294/294/6 293/293/5 
f 543/543/98 545/545/96 295/295/3 294/294/6 
f 545/545/96 546/546/95 296/296/4 295/295/3 
f 546/546/95 544/544/97 293/293/5 296/296/4 
f 548/548/97 547/547/98 298/298/6 297/297/5 
f 547/547/98 549/549/96 299/299/3 298/298/6 
f 549/549/96 550/550/95 300/300/4 299/299/3 
f 550/550/95 548/548/97 297/297/5 300/300/4 
f 552/552/97 551/551/98 302/302/6 301/301/5 
f 551/551/98 553/553/96 303/303/3 302/302/6 
f 553/553/96 554/554/95 304/304/4 303/303/3 
f 554/554/95 552/552/97 301/301/5 304/304/4 
f 556/556/96 555/555/95 306/306/4 305/305/3 
f 555/555/95 557/557/97 307/307/5 306/306/4 
f 557/557/97 558/558/98 308/308/6 307/307/5 
f 558/558/98 556/556/96 305/305/3 308/308/6 
f 560/560/96 559/559/95 310/310/4 309/309/3 
f 559/559/95 561/561/97 311/311/5 310/310/4 
f 561/561/97 562/562/98 312/312/6 311/311/5 
f 562/562/98 560/560/96 309/309/3 312/312/6 
s 2
f 563/563/1 42/1309/20 41/1303/20 564/564/1 
f 565/565/1 563/563/1 564/564/1 132/132/1 
f 2/2/1 565/565/1 132/132/1 3/3/1 
f 566/566/1 337/1360/46 90/1305/46 567/567/1 
f 4/4/1 566/566/1 567/567/1 1/1/1 
s 4
f 568/568/2 82/1307/45 81/1302/45 569/569/2 
f 570/570/2 568/568/2 569/569/2 143/143/2 
f 6/6/2 570/570/2 143/143/2 7/7/2 
f 571/571/2 177/1334/16 26/1304/16 572/572/2 
f 8/8/2 571/571/2 572/572/2 5/5/2 
s 16
f 573/573/7 574/574/8 575/575/9 576/576/10 
f 577/577/7 578/578/8 579/579/9 580/580/10 
f 581/581/7 582/582/8 583/583/9 584/584/10 
f 585/585/9 586/586/10 587/587/7 588/588/8 
f 589/589/9 590/590/10 591/591/7 592/592/8 
s 64
f 593/593/12 594/594/13 595/595/14 596/596/15 
f 597/597/12 598/598/13 599/599/14 600/600/15 
f 601/601/12 602/602/13 603/603/14 604/604/15 
f 605/605/14 606/606/15 607/607/12 608/608/13 
f 609/609/14 610/610/15 611/611/12 612/612/13 
s 16
f 613/613/21 614/614/22 615/615/23 616/616/24 
f 617/617/21 618/618/22 619/619/23 620/620/24 
f 621/621/21 622/622/22 623/623/23 624/624/24 
f 625/625/23 626/626/24 627/627/21 628/628/22 
f 629/629/23 630/630/24 631/631/21 632/632/22 
f 633/633/25 634/634/26 635/635/27 636/636/28 
f 637/637/25 638/638/26 639/639/27 640/640/28 
f 641/641/25 642/642/26 643/643/27 644/644/28 
f 645/645/27 646/646/28 647/647/25 648/648/26 
f 649/649/27 650/650/28 651/651/25 652/652/26 
f 653/653/29 654/654/30 655/655/31 656/656/32 
f 657/657/29 658/658/30 659/659/31 660/660/32 
f 661/661/29 662/662/30 663/663/31 664/664/32 
f 665/665/31 666/666/32 667/667/29 668/668/30 
f 669/669/31 670/670/32 671/671/29 672/672/30 
f 673/673/33 674/674/34 675/675/35 676/676/36 
f 677/677/33 678/678/34 679/679/35 680/680/36 
f 681/681/33 682/682/34 683/683/35 684/684/36 
f 685/685/35 686/686/36 687/687/33 688/688/34 
f 689/689/35 690/690/36 691/691/33 692/692/34 
f 693/693/37 694/694/38 695/695/39 696/696/40 
f 697/697/37 698/698/38 699/699/39 700/700/40 
f 701/701/37 702/702/38 703/703/39 704/704/40 
f 705/705/39 706/706/40 707/707/37 708/708/38 
f 709/709/39 710/710/40 711/711/37 712/712/38 
f 713/713/41 714/714/42 715/715/43 716/716/44 
f 717/717/41 718/718/42 719/719/43 720/720/44 
f 721/721/41 722/722/42 723/723/43 724/724/44 
f 725/725/43 726/726/44 727/727/41 728/728/42 
f 729/729/43 730/730/44 731/731/41 732/732/42 
s 64
f 733/733/47 734/734/48 735/735/49 736/736/50 
f 737/737/47 738/738/48 739/739/49 740/740/50 
f 741/741/47 742/742/48 743/743/49 744/744/50 
f 745/745/49 746/746/50 747/747/47 748/748/48 
f 749/749/49 750/750/50 751/751/47 752/752/48 
f 753/753/51 754/754/52 755/755/53 756/756/54 
f 757/757/51 758/758/52 759/759/53 760/760/54 
f 761/761/51 762/762/52 763/763/53 764/764/54 
f 765/765/53 766/766/54 767/767/51 768/768/52 
f 769/769/53 770/770/54 771/771/51 772/772/52 
f 773/773/55 774/774/56 775/775/57 776/776/58 
f 777/777/55 778/778/56 779/779/57 780/780/58 
f 781/781/55 782/782/56 783/783/57 784/784/58 
f 785/785/57 786/786/58 787/787/55 788/788/56 
f 789/789/57 790/790/58 791/791/55 792/792/56 
f 793/793/59 794/794/60 795/795/61 796/796/62 
f 797/797/59 798/798/60 799/799/61 800/800/62 
f 801/801/59 802/802/60 803/803/61 804/804/62 
f 805/805/61 806/806/62 807/807/59 808/808/60 
f 809/809/61 810/810/62 811/811/59 812/812/60 
f 813/813/63 814/814/64 815/815/65 816/816/66 
f 817/817/63 818/818/64 819/819/65 820/820/66 
f 821/821/63 822/822/64 823/823/65 824/824/66 
f 825/825/65 826/826/66 827/827/63 828/828/64 
f 829/829/65 830/830/66 831/831/63 832/832/64 
f 833/833/67 834/834/68 835/835/69 836/836/70 
f 837/837/67 838/838/68 839/839/69 840/840/70 
f 841/841/67 842/842/68 843/843/69 844/844/70 
f 845/845/69 846/846/70 847/847/67 848/848/68 
f 849/849/69 850/850/70 851/851/67 852/852/68 
s 2
f 853/853/103 244/1335/86 243/1344/20 854/854/1 
f 855/855/104 853/853/103 854/854/1 856/856/1 
f 123/123/72 855/855/104 856/856/1 124/124/1 
f 857/857/1 342/1364/46 341/1362/94 858/858/105 
f 125/125/1 857/857/1 858/858/105 122/122/71 
f 854/854/1 243/1344/20 247/1345/20 859/859/1 
f 856/856/1 854/854/1 859/859/1 860/860/1 
f 124/124/1 856/856/1 860/860/1 126/126/1 
f 861/861/1 89/1300/46 342/1364/46 857/857/1 
f 127/127/1 861/861/1 857/857/1 125/125/1 
f 859/859/1 247/1345/20 42/1309/20 563/563/1 
f 860/860/1 859/859/1 563/563/1 565/565/1 
f 126/126/1 860/860/1 565/565/1 2/2/1 
f 567/567/1 90/1305/46 89/1300/46 861/861/1 
f 1/1/1 567/567/1 861/861/1 127/127/1 
f 862/862/106 334/1357/92 333/1323/46 863/863/1 
f 864/864/107 862/862/106 863/863/1 865/865/1 
f 129/129/74 864/864/107 865/865/1 130/130/1 
f 866/866/1 252/1347/20 251/1315/89 867/867/108 
f 131/131/1 866/866/1 867/867/108 128/128/73 
f 863/863/1 333/1323/46 337/1360/46 566/566/1 
f 865/865/1 863/863/1 566/566/1 4/4/1 
f 130/130/1 865/865/1 4/4/1 3/3/1 
f 564/564/1 41/1303/20 252/1347/20 866/866/1 
f 132/132/1 564/564/1 866/866/1 131/131/1 
s 4
f 868/868/109 314/1342/90 313/1348/45 869/869/2 
f 870/870/110 868/868/109 869/869/2 871/871/2 
f 134/134/76 870/870/110 871/871/2 135/135/2 
f 872/872/2 182/1341/16 181/1340/85 873/873/111 
f 136/136/2 872/872/2 873/873/111 133/133/75 
f 869/869/2 313/1348/45 317/1346/45 874/874/2 
f 871/871/2 869/869/2 874/874/2 875/875/2 
f 135/135/2 871/871/2 875/875/2 137/137/2 
f 876/876/2 25/1299/16 182/1341/16 872/872/2 
f 138/138/2 876/876/2 872/872/2 136/136/2 
f 874/874/2 317/1346/45 82/1307/45 568/568/2 
f 875/875/2 874/874/2 568/568/2 570/570/2 
f 137/137/2 875/875/2 570/570/2 6/6/2 
f 572/572/2 26/1304/16 25/1299/16 876/876/2 
f 5/5/2 572/572/2 876/876/2 138/138/2 
f 877/877/112 174/1330/82 173/1329/16 878/878/2 
f 879/879/113 877/877/112 878/878/2 880/880/2 
f 140/140/78 879/879/113 880/880/2 141/141/2 
f 881/881/2 322/1314/45 321/1350/91 882/882/114 
f 142/142/2 881/881/2 882/882/114 139/139/77 
f 878/878/2 173/1329/16 177/1334/16 571/571/2 
f 880/880/2 878/878/2 571/571/2 8/8/2 
f 141/141/2 880/880/2 8/8/2 7/7/2 
f 569/569/2 81/1302/45 322/1314/45 881/881/2 
f 143/143/2 569/569/2 881/881/2 142/142/2 
s off
f 883/883/115 884/884/115 885/885/116 886/886/117 
f 884/884/115 887/887/118 888/888/119 885/885/116 
f 887/887/118 889/889/115 890/890/120 888/888/119 
f 889/889/115 883/883/115 886/886/117 890/890/120 
f 891/891/121 892/892/121 893/893/122 894/894/123 
f 892/892/121 895/895/124 896/896/125 893/893/122 
f 895/895/124 897/897/121 898/898/126 896/896/125 
f 897/897/121 891/891/121 894/894/123 898/898/126 
f 899/899/127 900/900/128 901/901/129 902/902/130 
f 900/900/128 903/903/115 904/904/131 901/901/129 
f 903/903/115 905/905/115 906/906/132 904/904/131 
f 905/905/115 899/899/127 902/902/130 906/906/132 
f 905/905/115 903/903/115 907/907/133 908/908/134 
f 903/903/115 909/909/115 910/910/135 907/907/133 
f 909/909/115 911/911/115 912/912/136 910/910/135 
f 911/911/115 905/905/115 908/908/134 912/912/136 
f 911/911/115 909/909/115 913/913/137 914/914/138 
f 909/909/115 884/884/115 915/915/139 913/913/137 
f 884/884/115 883/883/115 916/916/140 915/915/139 
f 883/883/115 911/911/115 914/914/138 916/916/140 
f 917/917/141 918/918/142 919/919/143 920/920/144 
f 918/918/142 921/921/118 922/922/145 919/919/143 
f 921/921/118 923/923/118 924/924/146 922/922/145 
f 923/923/118 917/917/141 920/920/144 924/924/146 
f 923/923/118 921/921/118 925/925/147 926/926/148 
f 921/921/118 927/927/118 928/928/149 925/925/147 
f 927/927/118 929/929/118 930/930/150 928/928/149 
f 929/929/118 923/923/118 926/926/148 930/930/150 
f 929/929/118 927/927/118 931/931/151 932/932/152 
f 927/927/118 887/887/118 933/933/153 931/931/151 
f 887/887/118 934/934/115 935/935/154 933/933/153 
f 934/934/115 929/929/118 932/932/152 935/935/154 
f 936/936/155 937/937/156 938/938/157 939/939/158 
f 937/937/156 940/940/124 941/941/159 938/938/157 
f 940/940/124 942/942/124 943/943/160 941/941/159 
f 942/942/124 936/936/155 939/939/158 943/943/160 
f 942/942/124 940/940/124 944/944/161 945/945/162 
f 940/940/124 946/946/124 947/947/163 944/944/161 
f 946/946/124 948/948/124 949/949/164 947/947/163 
f 948/948/124 942/942/124 945/945/162 949/949/164 
f 948/948/124 946/946/124 950/950/165 951/951/166 
f 946/946/124 892/892/121 952/952/167 950/950/165 
f 892/892/121 891/891/121 953/953/168 952/952/167 
f 891/891/121 948/948/124 951/951/166 953/953/168 
f 954/954/169 955/955/170 956/956/171 957/957/172 
f 955/955/170 958/958/121 959/959/173 956/956/171 
f 958/958/121 960/960/121 961/961/174 959/959/173 
f 960/960/121 954/954/169 957/957/172 961/961/174 
f 960/960/121 958/958/121 962/962/175 963/963/176 
f 958/958/121 964/964/121 965/965/177 962/962/175 
f 964/964/121 966/966/121 967/967/178 965/965/177 
f 966/966/121 960/960/121 963/963/176 967/967/178 
f 966/966/121 964/964/121 968/968/179 969/969/180 
f 964/964/121 895/895/124 970/970/181 968/968/179 
f 895/895/124 971/971/121 972/972/182 970/970/181 
f 971/971/121 966/966/121 969/969/180 972/972/182 
f 973/973/118 415/1326/101 974/974/116 975/975/117 
f 415/1326/101 412/1367/101 976/976/119 974/974/116 
f 412/1367/101 977/977/118 978/978/120 976/976/119 
f 977/977/118 973/973/118 975/975/117 978/978/120 
f 979/979/115 973/973/118 980/980/116 981/981/117 
f 973/973/118 977/977/118 982/982/119 980/980/116 
f 977/977/118 934/934/115 983/983/120 982/982/119 
f 934/934/115 979/979/115 981/981/117 983/983/120 
f 884/884/115 979/979/115 984/984/116 985/985/117 
f 979/979/115 934/934/115 986/986/119 984/984/116 
f 934/934/115 887/887/118 987/987/120 986/986/119 
f 887/887/118 884/884/115 985/985/117 987/987/120 
f 988/988/118 166/1327/80 989/989/120 990/990/119 
f 166/1327/80 165/1325/79 991/991/117 989/989/120 
f 165/1325/79 992/992/118 993/993/116 991/991/117 
f 992/992/118 988/988/118 990/990/119 993/993/116 
f 889/889/115 988/988/118 994/994/120 995/995/119 
f 988/988/118 992/992/118 996/996/117 994/994/120 
f 992/992/118 883/883/115 997/997/116 996/996/117 
f 883/883/115 889/889/115 995/995/119 997/997/116 
f 998/998/124 171/1328/81 999/999/122 1000/1000/123 
f 171/1328/81 170/1308/81 1001/1001/125 999/999/122 
f 170/1308/81 1002/1002/124 1003/1003/126 1001/1001/125 
f 1002/1002/124 998/998/124 1000/1000/123 1003/1003/126 
f 1004/1004/124 998/998/124 1005/1005/122 1006/1006/123 
f 998/998/124 1002/1002/124 1007/1007/125 1005/1005/122 
f 1002/1002/124 971/971/121 1008/1008/126 1007/1007/125 
f 971/971/121 1004/1004/124 1006/1006/123 1008/1008/126 
f 892/892/121 1004/1004/124 1009/1009/122 1010/1010/123 
f 1004/1004/124 971/971/121 1011/1011/125 1009/1009/122 
f 971/971/121 895/895/124 1012/1012/126 1011/1011/125 
f 895/895/124 892/892/121 1010/1010/123 1012/1012/126 
f 1013/1013/124 398/1356/100 1014/1014/126 1015/1015/125 
f 398/1356/100 395/1306/99 1016/1016/123 1014/1014/126 
f 395/1306/99 1017/1017/124 1018/1018/122 1016/1016/123 
f 1017/1017/124 1013/1013/124 1015/1015/125 1018/1018/122 
f 897/897/121 1013/1013/124 1019/1019/126 1020/1020/125 
f 1013/1013/124 1017/1017/124 1021/1021/123 1019/1019/126 
f 1017/1017/124 891/891/121 1022/1022/122 1021/1021/123 
f 891/891/121 897/897/121 1020/1020/125 1022/1022/122 
f 1023/1023/183 180/1337/84 1024/1024/129 1025/1025/130 
f 180/1337/84 439/1370/101 1026/1026/131 1024/1024/129 
f 439/1370/101 1027/1027/115 1028/1028/132 1026/1026/131 
f 1027/1027/115 1023/1023/183 1025/1025/130 1028/1028/132 
f 1029/1029/184 1023/1023/183 1030/1030/129 1031/1031/130 
f 1023/1023/183 1027/1027/115 1032/1032/131 1030/1030/129 
f 1027/1027/115 1033/1033/115 1034/1034/132 1032/1032/131 
f 1033/1033/115 1029/1029/184 1031/1031/130 1034/1034/132 
f 900/900/128 1029/1029/184 1035/1035/129 1036/1036/130 
f 1029/1029/184 1033/1033/115 1037/1037/131 1035/1035/129 
f 1033/1033/115 903/903/115 1038/1038/132 1037/1037/131 
f 903/903/115 900/900/128 1036/1036/130 1038/1038/132 
f 1039/1039/115 323/1352/79 1040/1040/132 1041/1041/131 
f 323/1352/79 315/1349/79 1042/1042/130 1040/1040/132 
f 315/1349/79 1043/1043/185 1044/1044/129 1042/1042/130 
f 1043/1043/185 1039/1039/115 1041/1041/131 1044/1044/129 
f 905/905/115 1039/1039/115 1045/1045/132 1046/1046/131 
f 1039/1039/115 1043/1043/185 1047/1047/130 1045/1045/132 
f 1043/1043/185 899/899/127 1048/1048/129 1047/1047/130 
f 899/899/127 905/905/115 1046/1046/131 1048/1048/129 
f 1027/1027/115 439/1370/101 1049/1049/133 1050/1050/134 
f 439/1370/101 464/1318/101 1051/1051/135 1049/1049/133 
f 464/1318/101 1052/1052/115 1053/1053/136 1051/1051/135 
f 1052/1052/115 1027/1027/115 1050/1050/134 1053/1053/136 
f 1033/1033/115 1027/1027/115 1054/1054/133 1055/1055/134 
f 1027/1027/115 1052/1052/115 1056/1056/135 1054/1054/133 
f 1052/1052/115 1057/1057/115 1058/1058/136 1056/1056/135 
f 1057/1057/115 1033/1033/115 1055/1055/134 1058/1058/136 
f 903/903/115 1033/1033/115 1059/1059/133 1060/1060/134 
f 1033/1033/115 1057/1057/115 1061/1061/135 1059/1059/133 
f 1057/1057/115 909/909/115 1062/1062/136 1061/1061/135 
f 909/909/115 903/903/115 1060/1060/134 1062/1062/136 
f 1063/1063/115 328/1354/79 1064/1064/136 1065/1065/135 
f 328/1354/79 323/1352/79 1066/1066/134 1064/1064/136 
f 323/1352/79 1039/1039/115 1067/1067/133 1066/1066/134 
f 1039/1039/115 1063/1063/115 1065/1065/135 1067/1067/133 
f 911/911/115 1063/1063/115 1068/1068/136 1069/1069/135 
f 1063/1063/115 1039/1039/115 1070/1070/134 1068/1068/136 
f 1039/1039/115 905/905/115 1071/1071/133 1070/1070/134 
f 905/905/115 911/911/115 1069/1069/135 1071/1071/133 
f 1052/1052/115 464/1318/101 1072/1072/137 1073/1073/138 
f 464/1318/101 415/1326/101 1074/1074/139 1072/1072/137 
f 415/1326/101 973/973/118 1075/1075/140 1074/1074/139 
f 973/973/118 1052/1052/115 1073/1073/138 1075/1075/140 
f 1057/1057/115 1052/1052/115 1076/1076/137 1077/1077/138 
f 1052/1052/115 973/973/118 1078/1078/139 1076/1076/137 
f 973/973/118 979/979/115 1079/1079/140 1078/1078/139 
f 979/979/115 1057/1057/115 1077/1077/138 1079/1079/140 
f 909/909/115 1057/1057/115 1080/1080/137 1081/1081/138 
f 1057/1057/115 979/979/115 1082/1082/139 1080/1080/137 
f 979/979/115 884/884/115 1083/1083/140 1082/1082/139 
f 884/884/115 909/909/115 1081/1081/138 1083/1083/140 
f 992/992/118 165/1325/79 1084/1084/140 1085/1085/139 
f 165/1325/79 328/1354/79 1086/1086/138 1084/1084/140 
f 328/1354/79 1063/1063/115 1087/1087/137 1086/1086/138 
f 1063/1063/115 992/992/118 1085/1085/139 1087/1087/137 
f 883/883/115 992/992/118 1088/1088/140 1089/1089/139 
f 992/992/118 1063/1063/115 1090/1090/138 1088/1088/140 
f 1063/1063/115 911/911/115 1091/1091/137 1090/1090/138 
f 911/911/115 883/883/115 1089/1089/139 1091/1091/137 
f 1092/1092/186 340/1361/80 1093/1093/143 1094/1094/144 
f 340/1361/80 347/1366/80 1095/1095/145 1093/1093/143 
f 347/1366/80 1096/1096/118 1097/1097/146 1095/1095/145 
f 1096/1096/118 1092/1092/186 1094/1094/144 1097/1097/146 
f 1098/1098/187 1092/1092/186 1099/1099/143 1100/1100/144 
f 1092/1092/186 1096/1096/118 1101/1101/145 1099/1099/143 
f 1096/1096/118 1102/1102/118 1103/1103/146 1101/1101/145 
f 1102/1102/118 1098/1098/187 1100/1100/144 1103/1103/146 
f 918/918/142 1098/1098/187 1104/1104/143 1105/1105/144 
f 1098/1098/187 1102/1102/118 1106/1106/145 1104/1104/143 
f 1102/1102/118 921/921/118 1107/1107/146 1106/1106/145 
f 921/921/118 918/918/142 1105/1105/144 1107/1107/146 
f 1108/1108/118 495/1371/102 1109/1109/146 1110/1110/145 
f 495/1371/102 245/1338/87 1111/1111/144 1109/1109/146 
f 245/1338/87 1112/1112/188 1113/1113/143 1111/1111/144 
f 1112/1112/188 1108/1108/118 1110/1110/145 1113/1113/143 
f 923/923/118 1108/1108/118 1114/1114/146 1115/1115/145 
f 1108/1108/118 1112/1112/188 1116/1116/144 1114/1114/146 
f 1112/1112/188 917/917/141 1117/1117/143 1116/1116/144 
f 917/917/141 923/923/118 1115/1115/145 1117/1117/143 
f 1096/1096/118 347/1366/80 1118/1118/147 1119/1119/148 
f 347/1366/80 352/1301/80 1120/1120/149 1118/1118/147 
f 352/1301/80 1121/1121/118 1122/1122/150 1120/1120/149 
f 1121/1121/118 1096/1096/118 1119/1119/148 1122/1122/150 
f 1102/1102/118 1096/1096/118 1123/1123/147 1124/1124/148 
f 1096/1096/118 1121/1121/118 1125/1125/149 1123/1123/147 
f 1121/1121/118 1126/1126/118 1127/1127/150 1125/1125/149 
f 1126/1126/118 1102/1102/118 1124/1124/148 1127/1127/150 
f 921/921/118 1102/1102/118 1128/1128/147 1129/1129/148 
f 1102/1102/118 1126/1126/118 1130/1130/149 1128/1128/147 
f 1126/1126/118 927/927/118 1131/1131/150 1130/1130/149 
f 927/927/118 921/921/118 1129/1129/148 1131/1131/150 
f 1132/1132/118 520/1373/102 1133/1133/150 1134/1134/149 
f 520/1373/102 495/1371/102 1135/1135/148 1133/1133/150 
f 495/1371/102 1108/1108/118 1136/1136/147 1135/1135/148 
f 1108/1108/118 1132/1132/118 1134/1134/149 1136/1136/147 
f 929/929/118 1132/1132/118 1137/1137/150 1138/1138/149 
f 1132/1132/118 1108/1108/118 1139/1139/148 1137/1137/150 
f 1108/1108/118 923/923/118 1140/1140/147 1139/1139/148 
f 923/923/118 929/929/118 1138/1138/149 1140/1140/147 
f 1121/1121/118 352/1301/80 1141/1141/151 1142/1142/152 
f 352/1301/80 166/1327/80 1143/1143/153 1141/1141/151 
f 166/1327/80 988/988/118 1144/1144/154 1143/1143/153 
f 988/988/118 1121/1121/118 1142/1142/152 1144/1144/154 
f 1126/1126/118 1121/1121/118 1145/1145/151 1146/1146/152 
f 1121/1121/118 988/988/118 1147/1147/153 1145/1145/151 
f 988/988/118 889/889/115 1148/1148/154 1147/1147/153 
f 889/889/115 1126/1126/118 1146/1146/152 1148/1148/154 
f 927/927/118 1126/1126/118 1149/1149/151 1150/1150/152 
f 1126/1126/118 889/889/115 1151/1151/153 1149/1149/151 
f 889/889/115 887/887/118 1152/1152/154 1151/1151/153 
f 887/887/118 927/927/118 1150/1150/152 1152/1152/154 
f 977/977/118 412/1367/101 1153/1153/154 1154/1154/153 
f 412/1367/101 520/1373/102 1155/1155/152 1153/1153/154 
f 520/1373/102 1132/1132/118 1156/1156/151 1155/1155/152 
f 1132/1132/118 977/977/118 1154/1154/153 1156/1156/151 
f 934/934/115 977/977/118 1157/1157/154 1158/1158/153 
f 977/977/118 1132/1132/118 1159/1159/152 1157/1157/154 
f 1132/1132/118 929/929/118 1160/1160/151 1159/1159/152 
f 929/929/118 934/934/115 1158/1158/153 1160/1160/151 
f 1161/1161/189 320/1333/81 1162/1162/157 1163/1163/158 
f 320/1333/81 327/1353/81 1164/1164/159 1162/1162/157 
f 327/1353/81 1165/1165/124 1166/1166/160 1164/1164/159 
f 1165/1165/124 1161/1161/189 1163/1163/158 1166/1166/160 
f 1167/1167/190 1161/1161/189 1168/1168/157 1169/1169/158 
f 1161/1161/189 1165/1165/124 1170/1170/159 1168/1168/157 
f 1165/1165/124 1171/1171/124 1172/1172/160 1170/1170/159 
f 1171/1171/124 1167/1167/190 1169/1169/158 1172/1172/160 
f 937/937/156 1167/1167/190 1173/1173/157 1174/1174/158 
f 1167/1167/190 1171/1171/124 1175/1175/159 1173/1173/157 
f 1171/1171/124 940/940/124 1176/1176/160 1175/1175/159 
f 940/940/124 937/937/156 1174/1174/158 1176/1176/160 
f 1177/1177/124 425/1369/99 1178/1178/160 1179/1179/159 
f 425/1369/99 175/1332/83 1180/1180/158 1178/1178/160 
f 175/1332/83 1181/1181/191 1182/1182/157 1180/1180/158 
f 1181/1181/191 1177/1177/124 1179/1179/159 1182/1182/157 
f 942/942/124 1177/1177/124 1183/1183/160 1184/1184/159 
f 1177/1177/124 1181/1181/191 1185/1185/158 1183/1183/160 
f 1181/1181/191 936/936/155 1186/1186/157 1185/1185/158 
f 936/936/155 942/942/124 1184/1184/159 1186/1186/157 
f 1165/1165/124 327/1353/81 1187/1187/161 1188/1188/162 
f 327/1353/81 332/1355/81 1189/1189/163 1187/1187/161 
f 332/1355/81 1190/1190/124 1191/1191/164 1189/1189/163 
f 1190/1190/124 1165/1165/124 1188/1188/162 1191/1191/164 
f 1171/1171/124 1165/1165/124 1192/1192/161 1193/1193/162 
f 1165/1165/124 1190/1190/124 1194/1194/163 1192/1192/161 
f 1190/1190/124 1195/1195/124 1196/1196/164 1194/1194/163 
f 1195/1195/124 1171/1171/124 1193/1193/162 1196/1196/164 
f 940/940/124 1171/1171/124 1197/1197/161 1198/1198/162 
f 1171/1171/124 1195/1195/124 1199/1199/163 1197/1197/161 
f 1195/1195/124 946/946/124 1200/1200/164 1199/1199/163 
f 946/946/124 940/940/124 1198/1198/162 1200/1200/164 
f 1201/1201/124 450/1313/99 1202/1202/164 1203/1203/163 
f 450/1313/99 425/1369/99 1204/1204/162 1202/1202/164 
f 425/1369/99 1177/1177/124 1205/1205/161 1204/1204/162 
f 1177/1177/124 1201/1201/124 1203/1203/163 1205/1205/161 
f 948/948/124 1201/1201/124 1206/1206/164 1207/1207/163 
f 1201/1201/124 1177/1177/124 1208/1208/162 1206/1206/164 
f 1177/1177/124 942/942/124 1209/1209/161 1208/1208/162 
f 942/942/124 948/948/124 1207/1207/163 1209/1209/161 
f 1190/1190/124 332/1355/81 1210/1210/165 1211/1211/166 
f 332/1355/81 171/1328/81 1212/1212/167 1210/1210/165 
f 171/1328/81 998/998/124 1213/1213/168 1212/1212/167 
f 998/998/124 1190/1190/124 1211/1211/166 1213/1213/168 
f 1195/1195/124 1190/1190/124 1214/1214/165 1215/1215/166 
f 1190/1190/124 998/998/124 1216/1216/167 1214/1214/165 
f 998/998/124 1004/1004/124 1217/1217/168 1216/1216/167 
f 1004/1004/124 1195/1195/124 1215/1215/166 1217/1217/168 
f 946/946/124 1195/1195/124 1218/1218/165 1219/1219/166 
f 1195/1195/124 1004/1004/124 1220/1220/167 1218/1218/165 
f 1004/1004/124 892/892/121 1221/1221/168 1220/1220/167 
f 892/892/121 946/946/124 1219/1219/166 1221/1221/168 
f 1017/1017/124 395/1306/99 1222/1222/168 1223/1223/167 
f 395/1306/99 450/1313/99 1224/1224/166 1222/1222/168 
f 450/1313/99 1201/1201/124 1225/1225/165 1224/1224/166 
f 1201/1201/124 1017/1017/124 1223/1223/167 1225/1225/165 
f 891/891/121 1017/1017/124 1226/1226/168 1227/1227/167 
f 1017/1017/124 1201/1201/124 1228/1228/166 1226/1226/168 
f 1201/1201/124 948/948/124 1229/1229/165 1228/1228/166 
f 948/948/124 891/891/121 1227/1227/167 1229/1229/165 
f 1230/1230/192 250/1310/88 1231/1231/171 1232/1232/172 
f 250/1310/88 509/1372/100 1233/1233/173 1231/1231/171 
f 509/1372/100 1234/1234/121 1235/1235/174 1233/1233/173 
f 1234/1234/121 1230/1230/192 1232/1232/172 1235/1235/174 
f 1236/1236/193 1230/1230/192 1237/1237/171 1238/1238/172 
f 1230/1230/192 1234/1234/121 1239/1239/173 1237/1237/171 
f 1234/1234/121 1240/1240/121 1241/1241/174 1239/1239/173 
f 1240/1240/121 1236/1236/193 1238/1238/172 1241/1241/174 
f 955/955/170 1236/1236/193 1242/1242/171 1243/1243/172 
f 1236/1236/193 1240/1240/121 1244/1244/173 1242/1242/171 
f 1240/1240/121 958/958/121 1245/1245/174 1244/1244/173 
f 958/958/121 955/955/170 1243/1243/172 1245/1245/174 
f 1246/1246/121 343/1365/93 1247/1247/174 1248/1248/173 
f 343/1365/93 335/1359/93 1249/1249/172 1247/1247/174 
f 335/1359/93 1250/1250/194 1251/1251/171 1249/1249/172 
f 1250/1250/194 1246/1246/121 1248/1248/173 1251/1251/171 
f 960/960/121 1246/1246/121 1252/1252/174 1253/1253/173 
f 1246/1246/121 1250/1250/194 1254/1254/172 1252/1252/174 
f 1250/1250/194 954/954/169 1255/1255/171 1254/1254/172 
f 954/954/169 960/960/121 1253/1253/173 1255/1255/171 
f 1234/1234/121 509/1372/100 1256/1256/175 1257/1257/176 
f 509/1372/100 534/1374/100 1258/1258/177 1256/1256/175 
f 534/1374/100 1259/1259/121 1260/1260/178 1258/1258/177 
f 1259/1259/121 1234/1234/121 1257/1257/176 1260/1260/178 
f 1240/1240/121 1234/1234/121 1261/1261/175 1262/1262/176 
f 1234/1234/121 1259/1259/121 1263/1263/177 1261/1261/175 
f 1259/1259/121 1264/1264/121 1265/1265/178 1263/1263/177 
f 1264/1264/121 1240/1240/121 1262/1262/176 1265/1265/178 
f 958/958/121 1240/1240/121 1266/1266/175 1267/1267/176 
f 1240/1240/121 1264/1264/121 1268/1268/177 1266/1266/175 
f 1264/1264/121 964/964/121 1269/1269/178 1268/1268/177 
f 964/964/121 958/958/121 1267/1267/176 1269/1269/178 
f 1270/1270/121 348/1368/93 1271/1271/178 1272/1272/177 
f 348/1368/93 343/1365/93 1273/1273/176 1271/1271/178 
f 343/1365/93 1246/1246/121 1274/1274/175 1273/1273/176 
f 1246/1246/121 1270/1270/121 1272/1272/177 1274/1274/175 
f 966/966/121 1270/1270/121 1275/1275/178 1276/1276/177 
f 1270/1270/121 1246/1246/121 1277/1277/176 1275/1275/178 
f 1246/1246/121 960/960/121 1278/1278/175 1277/1277/176 
f 960/960/121 966/966/121 1276/1276/177 1278/1278/175 
f 1259/1259/121 534/1374/100 1279/1279/179 1280/1280/180 
f 534/1374/100 398/1356/100 1281/1281/181 1279/1279/179 
f 398/1356/100 1013/1013/124 1282/1282/182 1281/1281/181 
f 1013/1013/124 1259/1259/121 1280/1280/180 1282/1282/182 
f 1264/1264/121 1259/1259/121 1283/1283/179 1284/1284/180 
f 1259/1259/121 1013/1013/124 1285/1285/181 1283/1283/179 
f 1013/1013/124 897/897/121 1286/1286/182 1285/1285/181 
f 897/897/121 1264/1264/121 1284/1284/180 1286/1286/182 
f 964/964/121 1264/1264/121 1287/1287/179 1288/1288/180 
f 1264/1264/121 897/897/121 1289/1289/181 1287/1287/179 
f 897/897/121 895/895/124 1290/1290/182 1289/1289/181 
f 895/895/124 964/964/121 1288/1288/180 1290/1290/182 
f 1002/1002/124 170/1308/81 1291/1291/182 1292/1292/181 
f 170/1308/81 348/1368/93 1293/1293/180 1291/1291/182 
f 348/1368/93 1270/1270/121 1294/1294/179 1293/1293/180 
f 1270/1270/121 1002/1002/124 1292/1292/181 1294/1294/179 
f 971/971/121 1002/1002/124 1295/1295/182 1296/1296/181 
f 1002/1002/124 1270/1270/121 1297/1297/180 1295/1295/182 
f 1270/1270/121 966/966/121 1298/1298/179 1297/1297/180 
f 966/966/121 971/971/121 1296/1296/181 1298/1298/179 
s 16
f 870/1382/110 134/1321/76 900/900/128 899/899/127 
f 918/918/142 123/1312/72 122/1311/71 1098/1098/187 
s 64
f 140/1324/78 937/937/156 936/936/155 879/1385/113 
f 1236/1236/193 955/955/170 129/1319/74 128/1317/73 
s 16
f 873/1383/111 181/1339/85 180/1337/84 1023/1023/183 
f 133/1320/75 873/1383/111 1023/1023/183 1029/1029/184 
f 134/1321/76 133/1320/75 1029/1029/184 900/900/128 
f 868/1381/109 1043/1043/185 315/1349/79 314/1343/90 
f 899/899/127 1043/1043/185 868/1381/109 870/1382/110 
f 245/1338/87 244/1336/86 853/1375/103 1112/1112/188 
f 1112/1112/188 853/1375/103 855/1376/104 917/917/141 
f 917/917/141 855/1376/104 123/1312/72 918/918/142 
f 1092/1092/186 858/1377/105 341/1363/94 340/1361/80 
f 858/1377/105 1092/1092/186 1098/1098/187 122/1311/71 
s 64
f 321/1351/91 320/1333/81 1161/1161/189 882/1386/114 
f 882/1386/114 1161/1161/189 1167/1167/190 139/1322/77 
f 139/1322/77 1167/1167/190 937/937/156 140/1324/78 
f 877/1384/112 1181/1181/191 175/1332/83 174/1331/82 
f 1181/1181/191 877/1384/112 879/1385/113 936/936/155 
f 1250/1250/194 335/1359/93 334/1358/92 862/1378/106 
f 954/954/169 1250/1250/194 862/1378/106 864/1379/107 
f 955/955/170 954/954/169 864/1379/107 129/1319/74 
f 1230/1230/192 867/1380/108 251/1316/89 250/1310/88 
f 128/1317/73 867/1380/108 1230/1230/192 1236/1236/193 
s off
f 886/886/117 885/885/116 14/14/8 13/13/7 
f 885/885/116 888/888/119 15/15/9 14/14/8 
f 888/888/119 890/890/120 16/16/10 15/15/9 
f 890/890/120 886/886/117 13/13/7 16/16/10 
f 894/894/123 893/893/122 22/22/13 21/21/12 
f 893/893/122 896/896/125 23/23/14 22/22/13 
f 896/896/125 898/898/126 24/24/15 23/23/14 
f 898/898/126 894/894/123 21/21/12 24/24/15 
f 902/902/130 901/901/129 58/58/22 57/57/21 
f 901/901/129 904/904/131 59/59/23 58/58/22 
f 904/904/131 906/906/132 60/60/24 59/59/23 
f 906/906/132 902/902/130 57/57/21 60/60/24 
f 908/908/134 907/907/133 62/62/26 61/61/25 
f 907/907/133 910/910/135 63/63/27 62/62/26 
f 910/910/135 912/912/136 64/64/28 63/63/27 
f 912/912/136 908/908/134 61/61/25 64/64/28 
f 914/914/138 913/913/137 66/66/30 65/65/29 
f 913/913/137 915/915/139 67/67/31 66/66/30 
f 915/915/139 916/916/140 68/68/32 67/67/31 
f 916/916/140 914/914/138 65/65/29 68/68/32 
f 920/920/144 919/919/143 70/70/34 69/69/33 
f 919/919/143 922/922/145 71/71/35 70/70/34 
f 922/922/145 924/924/146 72/72/36 71/71/35 
f 924/924/146 920/920/144 69/69/33 72/72/36 
f 926/926/148 925/925/147 74/74/38 73/73/37 
f 925/925/147 928/928/149 75/75/39 74/74/38 
f 928/928/149 930/930/150 76/76/40 75/75/39 
f 930/930/150 926/926/148 73/73/37 76/76/40 
f 932/932/152 931/931/151 78/78/42 77/77/41 
f 931/931/151 933/933/153 79/79/43 78/78/42 
f 933/933/153 935/935/154 80/80/44 79/79/43 
f 935/935/154 932/932/152 77/77/41 80/80/44 
f 939/939/158 938/938/157 99/99/48 98/98/47 
f 938/938/157 941/941/159 100/100/49 99/99/48 
f 941/941/159 943/943/160 101/101/50 100/100/49 
f 943/943/160 939/939/158 98/98/47 101/101/50 
f 945/945/162 944/944/161 103/103/52 102/102/51 
f 944/944/161 947/947/163 104/104/53 103/103/52 
f 947/947/163 949/949/164 105/105/54 104/104/53 
f 949/949/164 945/945/162 102/102/51 105/105/54 
f 951/951/166 950/950/165 107/107/56 106/106/55 
f 950/950/165 952/952/167 108/108/57 107/107/56 
f 952/952/167 953/953/168 109/109/58 108/108/57 
f 953/953/168 951/951/166 106/106/55 109/109/58 
f 957/957/172 956/956/171 111/111/60 110/110/59 
f 956/956/171 959/959/173 112/112/61 111/111/60 
f 959/959/173 961/961/174 113/113/62 112/112/61 
f 961/961/174 957/957/172 110/110/59 113/113/62 
f 963/963/176 962/962/175 115/115/64 114/114/63 
f 962/962/175 965/965/177 116/116/65 115/115/64 
f 965/965/177 967/967/178 117/117/66 116/116/65 
f 967/967/178 963/963/176 114/114/63 117/117/66 
f 969/969/180 968/968/179 119/119/68 118/118/67 
f 968/968/179 970/970/181 120/120/69 119/119/68 
f 970/970/181 972/972/182 121/121/70 120/120/69 
f 972/972/182 969/969/180 118/118/67 121/121/70 
f 975/975/117 974/974/116 574/574/8 573/573/7 
f 974/974/116 976/976/119 575/575/9 574/574/8 
f 976/976/119 978/978/120 576/576/10 575/575/9 
f 978/978/120 975/975/117 573/573/7 576/576/10 
f 981/981/117 980/980/116 578/578/8 577/577/7 
f 980/980/116 982/982/119 579/579/9 578/578/8 
f 982/982/119 983/983/120 580/580/10 579/579/9 
f 983/983/120 981/981/117 577/577/7 580/580/10 
f 985/985/117 984/984/116 582/582/8 581/581/7 
f 984/984/116 986/986/119 583/583/9 582/582/8 
f 986/986/119 987/987/120 584/584/10 583/583/9 
f 987/987/120 985/985/117 581/581/7 584/584/10 
f 990/990/119 989/989/120 586/586/10 585/585/9 
f 989/989/120 991/991/117 587/587/7 586/586/10 
f 991/991/117 993/993/116 588/588/8 587/587/7 
f 993/993/116 990/990/119 585/585/9 588/588/8 
f 995/995/119 994/994/120 590/590/10 589/589/9 
f 994/994/120 996/996/117 591/591/7 590/590/10 
f 996/996/117 997/997/116 592/592/8 591/591/7 
f 997/997/116 995/995/119 589/589/9 592/592/8 
f 1000/1000/123 999/999/122 594/594/13 593/593/12 
f 999/999/122 1001/1001/125 595/595/14 594/594/13 
f 1001/1001/125 1003/1003/126 596/596/15 595/595/14 
f 1003/1003/126 1000/1000/123 593/593/12 596/596/15 
f 1006/1006/123 1005/1005/122 598/598/13 597/597/12 
f 1005/1005/122 1007/1007/125 599/599/14 598/598/13 
f 1007/1007/125 1008/1008/126 600/600/15 599/599/14 
f 1008/1008/126 1006/1006/123 597/597/12 600/600/15 
f 1010/1010/123 1009/1009/122 602/602/13 601/601/12 
f 1009/1009/122 1011/1011/125 603/603/14 602/602/13 
f 1011/1011/125 1012/1012/126 604/604/15 603/603/14 
f 1012/1012/126 1010/1010/123 601/601/12 604/604/15 
f 1015/1015/125 1014/1014/126 606/606/15 605/605/14 
f 1014/1014/126 1016/1016/123 607/607/12 606/606/15 
f 1016/1016/123 1018/1018/122 608/608/13 607/607/12 
f 1018/1018/122 1015/1015/125 605/605/14 608/608/13 
f 1020/1020/125 1019/1019/126 610/610/15 609/609/14 
f 1019/1019/126 1021/1021/123 611/611/12 610/610/15 
f 1021/1021/123 1022/1022/122 612/612/13 611/611/12 
f 1022/1022/122 1020/1020/125 609/609/14 612/612/13 
f 1025/1025/130 1024/1024/129 614/614/22 613/613/21 
f 1024/1024/129 1026/1026/131 615/615/23 614/614/22 
f 1026/1026/131 1028/1028/132 616/616/24 615/615/23 
f 1028/1028/132 1025/1025/130 613/613/21 616/616/24 
f 1031/1031/130 1030/1030/129 618/618/22 617/617/21 
f 1030/1030/129 1032/1032/131 619/619/23 618/618/22 
f 1032/1032/131 1034/1034/132 620/620/24 619/619/23 
f 1034/1034/132 1031/1031/130 617/617/21 620/620/24 
f 1036/1036/130 1035/1035/129 622/622/22 621/621/21 
f 1035/1035/129 1037/1037/131 623/623/23 622/622/22 
f 1037/1037/131 1038/1038/132 624/624/24 623/623/23 
f 1038/1038/132 1036/1036/130 621/621/21 624/624/24 
f 1041/1041/131 1040/1040/132 626/626/24 625/625/23 
f 1040/1040/132 1042/1042/130 627/627/21 626/626/24 
f 1042/1042/130 1044/1044/129 628/628/22 627/627/21 
f 1044/1044/129 1041/1041/131 625/625/23 628/628/22 
f 1046/1046/131 1045/1045/132 630/630/24 629/629/23 
f 1045/1045/132 1047/1047/130 631/631/21 630/630/24 
f 1047/1047/130 1048/1048/129 632/632/22 631/631/21 
f 1048/1048/129 1046/1046/131 629/629/23 632/632/22 
f 1050/1050/134 1049/1049/133 634/634/26 633/633/25 
f 1049/1049/133 1051/1051/135 635/635/27 634/634/26 
f 1051/1051/135 1053/1053/136 636/636/28 635/635/27 
f 1053/1053/136 1050/1050/134 633/633/25 636/636/28 
f 1055/1055/134 1054/1054/133 638/638/26 637/637/25 
f 1054/1054/133 1056/1056/135 639/639/27 638/638/26 
f 1056/1056/135 1058/1058/136 640/640/28 639/639/27 
f 1058/1058/136 1055/1055/134 637/637/25 640/640/28 
f 1060/1060/134 1059/1059/133 642/642/26 641/641/25 
f 1059/1059/133 1061/1061/135 643/643/27 642/642/26 
f 1061/1061/135 1062/1062/136 644/644/28 643/643/27 
f 1062/1062/136 1060/1060/134 641/641/25 644/644/28 
f 1065/1065/135 1064/1064/136 646/646/28 645/645/27 
f 1064/1064/136 1066/1066/134 647/647/25 646/646/28 
f 1066/1066/134 1067/1067/133 648/648/26 647/647/25 
f 1067/1067/133 1065/1065/135 645/645/27 648/648/26 
f 1069/1069/135 1068/1068/136 650/650/28 649/649/27 
f 1068/1068/136 1070/1070/134 651/651/25 650/650/28 
f 1070/1070/134 1071/1071/133 652/652/26 651/651/25 
f 1071/1071/133 1069/1069/135 649/649/27 652/652/26 
f 1073/1073/138 1072/1072/137 654/654/30 653/653/29 
f 1072/1072/137 1074/1074/139 655/655/31 654/654/30 
f 1074/1074/139 1075/1075/140 656/656/32 655/655/31 
f 1075/1075/140 1073/1073/138 653/653/29 656/656/32 
f 1077/1077/138 1076/1076/137 658/658/30 657/657/29 
f 1076/1076/137 1078/1078/139 659/659/31 658/658/30 
f 1078/1078/139 1079/1079/140 660/660/32 659/659/31 
f 1079/1079/140 1077/1077/138 657/657/29 660/660/32 
f 1081/1081/138 1080/1080/137 662/662/30 661/661/29 
f 1080/1080/137 1082/1082/139 663/663/31 662/662/30 
f 1082/1082/139 1083/1083/140 664/664/32 663/663/31 
f 1083/1083/140 1081/1081/138 661/661/29 664/664/32 
f 1085/1085/139 1084/1084/140 666/666/32 665/665/31 
f 1084/1084/140 1086/1086/138 667/667/29 666/666/32 
f 1086/1086/138 1087/1087/137 668/668/30 667/667/29 
f 1087/1087/137 1085/1085/139 665/665/31 668/668/30 
f 1089/1089/139 1088/1088/140 670/670/32 669/669/31 
f 1088/1088/140 1090/1090/138 671/671/29 670/670/32 
f 1090/1090/138 1091/1091/137 672/672/30 671/671/29 
f 1091/1091/137 1089/1089/139 669/669/31 672/672/30 
f 1094/1094/144 1093/1093/143 674/674/34 673/673/33 
f 1093/1093/143 1095/1095/145 675/675/35 674/674/34 
f 1095/1095/145 1097/1097/146 676/676/36 675/675/35 
f 1097/1097/146 1094/1094/144 673/673/33 676/676/36 
f 1100/1100/144 1099/1099/143 678/678/34 677/677/33 
f 1099/1099/143 1101/1101/145 679/679/35 678/678/34 
f 1101/1101/145 1103/1103/146 680/680/36 679/679/35 
f 1103/1103/146 1100/1100/144 677/677/33 680/680/36 
f 1105/1105/144 1104/1104/143 682/682/34 681/681/33 
f 1104/1104/143 1106/1106/145 683/683/35 682/682/34 
f 1106/1106/145 1107/1107/146 684/684/36 683/683/35 
f 1107/1107/146 1105/1105/144 681/681/33 684/684/36 
f 1110/1110/145 1109/1109/146 686/686/36 685/685/35 
f 1109/1109/146 1111/1111/144 687/687/33 686/686/36 
f 1111/1111/144 1113/1113/143 688/688/34 687/687/33 
f 1113/1113/143 1110/1110/145 685/685/35 688/688/34 
f 1115/1115/145 1114/1114/146 690/690/36 689/689/35 
f 1114/1114/146 1116/1116/144 691/691/33 690/690/36 
f 1116/1116/144 1117/1117/143 692/692/34 691/691/33 
f 1117/1117/143 1115/1115/145 689/689/35 692/692/34 
f 1119/1119/148 1118/1118/147 694/694/38 693/693/37 
f 1118/1118/147 1120/1120/149 695/695/39 694/694/38 
f 1120/1120/149 1122/1122/150 696/696/40 695/695/39 
f 1122/1122/150 1119/1119/148 693/693/37 696/696/40 
f 1124/1124/148 1123/1123/147 698/698/38 697/697/37 
f 1123/1123/147 1125/1125/149 699/699/39 698/698/38 
f 1125/1125/149 1127/1127/150 700/700/40 699/699/39 
f 1127/1127/150 1124/1124/148 697/697/37 700/700/40 
f 1129/1129/148 1128/1128/147 702/702/38 701/701/37 
f 1128/1128/147 1130/1130/149 703/703/39 702/702/38 
f 1130/1130/149 1131/1131/150 704/704/40 703/703/39 
f 1131/1131/150 1129/1129/148 701/701/37 704/704/40 
f 1134/1134/149 1133/1133/150 706/706/40 705/705/39 
f 1133/1133/150 1135/1135/148 707/707/37 706/706/40 
f 1135/1135/148 1136/1136/147 708/708/38 707/707/37 
f 1136/1136/147 1134/1134/149 705/705/39 708/708/38 
f 1138/1138/149 1137/1137/150 710/710/40 709/709/39 
f 1137/1137/150 1139/1139/148 711/711/37 710/710/40 
f 1139/1139/148 1140/1140/147 712/712/38 711/711/37 
f 1140/1140/147 1138/1138/149 709/709/39 712/712/38 
f 1142/1142/152 1141/1141/151 714/714/42 713/713/41 
f 1141/1141/151 1143/1143/153 715/715/43 714/714/42 
f 1143/1143/153 1144/1144/154 716/716/44 715/715/43 
f 1144/1144/154 1142/1142/152 713/713/41 716/716/44 
f 1146/1146/152 1145/1145/151 718/718/42 717/717/41 
f 1145/1145/151 1147/1147/153 719/719/43 718/718/42 
f 1147/1147/153 1148/1148/154 720/720/44 719/719/43 
f 1148/1148/154 1146/1146/152 717/717/41 720/720/44 
f 1150/1150/152 1149/1149/151 722/722/42 721/721/41 
f 1149/1149/151 1151/1151/153 723/723/43 722/722/42 
f 1151/1151/153 1152/1152/154 724/724/44 723/723/43 
f 1152/1152/154 1150/1150/152 721/721/41 724/724/44 
f 1154/1154/153 1153/1153/154 726/726/44 725/725/43 
f 1153/1153/154 1155/1155/152 727/727/41 726/726/44 
f 1155/1155/152 1156/1156/151 728/728/42 727/727/41 
f 1156/1156/151 1154/1154/153 725/725/43 728/728/42 
f 1158/1158/153 1157/1157/154 730/730/44 729/729/43 
f 1157/1157/154 1159/1159/152 731/731/41 730/730/44 
f 1159/1159/152 1160/1160/151 732/732/42 731/731/41 
f 1160/1160/151 1158/1158/153 729/729/43 732/732/42 
f 1163/1163/158 1162/1162/157 734/734/48 733/733/47 
f 1162/1162/157 1164/1164/159 735/735/49 734/734/48 
f 1164/1164/159 1166/1166/160 736/736/50 735/735/49 
f 1166/1166/160 1163/1163/158 733/733/47 736/736/50 
f 1169/1169/158 1168/1168/157 738/738/48 737/737/47 
f 1168/1168/157 1170/1170/159 739/739/49 738/738/48 
f 1170/1170/159 1172/1172/160 740/740/50 739/739/49 
f 1172/1172/160 1169/1169/158 737/737/47 740/740/50 
f 1174/1174/158 1173/1173/157 742/742/48 741/741/47 
f 1173/1173/157 1175/1175/159 743/743/49 742/742/48 
f 1175/1175/159 1176/1176/160 744/744/50 743/743/49 
f 1176/1176/160 1174/1174/158 741/741/47 744/744/50 
f 1179/1179/159 1178/1178/160 746/746/50 745/745/49 
f 1178/1178/160 1180/1180/158 747/747/47 746/746/50 
f 1180/1180/158 1182/1182/157 748/748/48 747/747/47 
f 1182/1182/157 1179/1179/159 745/745/49 748/748/48 
f 1184/1184/159 1183/1183/160 750/750/50 749/749/49 
f 1183/1183/160 1185/1185/158 751/751/47 750/750/50 
f 1185/1185/158 1186/1186/157 752/752/48 751/751/47 
f 1186/1186/157 1184/1184/159 749/749/49 752/752/48 
f 1188/1188/162 1187/1187/161 754/754/52 753/753/51 
f 1187/1187/161 1189/1189/163 755/755/53 754/754/52 
f 1189/1189/163 1191/1191/164 756/756/54 755/755/53 
f 1191/1191/164 1188/1188/162 753/753/51 756/756/54 
f 1193/1193/162 1192/1192/161 758/758/52 757/757/51 
f 1192/1192/161 1194/1194/163 759/759/53 758/758/52 
f 1194/1194/163 1196/1196/164 760/760/54 759/759/53 
f 1196/1196/164 1193/1193/162 757/757/51 760/760/54 
f 1198/1198/162 1197/1197/161 762/762/52 761/761/51 
f 1197/1197/161 1199/1199/163 763/763/53 762/762/52 
f 1199/1199/163 1200/1200/164 764/764/54 763/763/53 
f 1200/1200/164 1198/1198/162 761/761/51 764/764/54 
f 1203/1203/163 1202/1202/164 766/766/54 765/765/53 
f 1202/1202/164 1204/1204/162 767/767/51 766/766/54 
f 1204/1204/162 1205/1205/161 768/768/52 767/767/51 
f 1205/1205/161 1203/1203/163 765/765/53 768/768/52 
f 1207/1207/163 1206/1206/164 770/770/54 769/769/53 
f 1206/1206/164 1208/1208/162 771/771/51 770/770/54 
f 1208/1208/162 1209/1209/161 772/772/52 771/771/51 
f 1209/1209/161 1207/1207/163 769/769/53 772/772/52 
f 1211/1211/166 1210/1210/165 774/774/56 773/773/55 
f 1210/1210/165 1212/1212/167 775/775/57 774/774/56 
f 1212/1212/167 1213/1213/168 776/776/58 775/775/57 
f 1213/1213/168 1211/1211/166 773/773/55 776/776/58 
f 1215/1215/166 1214/1214/165 778/778/56 777/777/55 
f 1214/1214/165 1216/1216/167 779/779/57 778/778/56 
f 1216/1216/167 1217/1217/168 780/780/58 779/779/57 
f 1217/1217/168 1215/1215/166 777/777/55 780/780/58 
f 1219/1219/166 1218/1218/165 782/782/56 781/781/55 
f 1218/1218/165 1220/1220/167 783/783/57 782/782/56 
f 1220/1220/167 1221/1221/168 784/784/58 783/783/57 
f 1221/1221/168 1219/1219/166 781/781/55 784/784/58 
f 1223/1223/167 1222/1222/168 786/786/58 785/785/57 
f 1222/1222/168 1224/1224/166 787/787/55 786/786/58 
f 1224/1224/166 1225/1225/165 788/788/56 787/787/55 
f 1225/1225/165 1223/1223/167 785/785/57 788/788/56 
f 1227/1227/167 1226/1226/168 790/790/58 789/789/57 
f 1226/1226/168 1228/1228/166 791/791/55 790/790/58 
f 1228/1228/166 1229/1229/165 792/792/56 791/791/55 
f 1229/1229/165 1227/1227/167 789/789/57 792/792/56 
f 1232/1232/172 1231/1231/171 794/794/60 793/793/59 
f 1231/1231/171 1233/1233/173 795/795/61 794/794/60 
f 1233/1233/173 1235/1235/174 796/796/62 795/795/61 
f 1235/1235/174 1232/1232/172 793/793/59 796/796/62 
f 1238/1238/172 1237/1237/171 798/798/60 797/797/59 
f 1237/1237/171 1239/1239/173 799/799/61 798/798/60 
f 1239/1239/173 1241/1241/174 800/800/62 799/799/61 
f 1241/1241/174 1238/1238/172 797/797/59 800/800/62 
f 1243/1243/172 1242/1242/171 802/802/60 801/801/59 
f 1242/1242/171 1244/1244/173 803/803/61 802/802/60 
f 1244/1244/173 1245/1245/174 804/804/62 803/803/61 
f 1245/1245/174 1243/1243/172 801/801/59 804/804/62 
f 1248/1248/173 1247/1247/174 806/806/62 805/805/61 
f 1247/1247/174 1249/1249/172 807/807/59 806/806/62 
f 1249/1249/172 1251/1251/171 808/808/60 807/807/59 
f 1251/1251/171 1248/1248/173 805/805/61 808/808/60 
f 1253/1253/173 1252/1252/174 810/810/62 809/809/61 
f 1252/1252/174 1254/1254/172 811/811/59 810/810/62 
f 1254/1254/172 1255/1255/171 812/812/60 811/811/59 
f 1255/1255/171 1253/1253/173 809/809/61 812/812/60 
f 1257/1257/176 1256/1256/175 814/814/64 813/813/63 
f 1256/1256/175 1258/1258/177 815/815/65 814/814/64 
f 1258/1258/177 1260/1260/178 816/816/66 815/815/65 
f 1260/1260/178 1257/1257/176 813/813/63 816/816/66 
f 1262/1262/176 1261/1261/175 818/818/64 817/817/63 
f 1261/1261/175 1263/1263/177 819/819/65 818/818/64 
f 1263/1263/177 1265/1265/178 820/820/66 819/819/65 
f 1265/1265/178 1262/1262/176 817/817/63 820/820/66 
f 1267/1267/176 1266/1266/175 822/822/64 821/821/63 
f 1266/1266/175 1268/1268/177 823/823/65 822/822/64 
f 1268/1268/177 1269/1269/178 824/824/66 823/823/65 
f 1269/1269/178 1267/1267/176 821/821/63 824/824/66 
f 1272/1272/177 1271/1271/178 826/826/66 825/825/65 
f 1271/1271/178 1273/1273/176 827/827/63 826/826/66 
f 1273/1273/176 1274/1274/175 828/828/64 827/827/63 
f 1274/1274/175 1272/1272/177 825/825/65 828/828/64 
f 1276/1276/177 1275/1275/178 830/830/66 829/829/65 
f 1275/1275/178 1277/1277/176 831/831/63 830/830/66 
f 1277/1277/176 1278/1278/175 832/832/64 831/831/63 
f 1278/1278/175 1276/1276/177 829/829/65 832/832/64 
f 1280/1280/180 1279/1279/179 834/834/68 833/833/67 
f 1279/1279/179 1281/1281/181 835/835/69 834/834/68 
f 1281/1281/181 1282/1282/182 836/836/70 835/835/69 
f 1282/1282/182 1280/1280/180 833/833/67 836/836/70 
f 1284/1284/180 1283/1283/179 838/838/68 837/837/67 
f 1283/1283/179 1285/1285/181 839/839/69 838/838/68 
f 1285/1285/181 1286/1286/182 840/840/70 839/839/69 
f 1286/1286/182 1284/1284/180 837/837/67 840/840/70 
f 1288/1288/180 1287/1287/179 842/842/68 841/841/67 
f 1287/1287/179 1289/1289/181 843/843/69 842/842/68 
f 1289/1289/181 1290/1290/182 844/844/70 843/843/69 
f 1290/1290/182 1288/1288/180 841/841/67 844/844/70 
f 1292/1292/181 1291/1291/182 846/846/70 845/845/69 
f 1291/1291/182 1293/1293/180 847/847/67 846/846/70 
f 1293/1293/180 1294/1294/179 848/848/68 847/847/67 
f 1294/1294/179 1292/1292/181 845/845/69 848/848/68 
f 1296/1296/181 1295/1295/182 850/850/70 849/849/69 
f 1295/1295/182 1297/1297/180 851/851/67 850/850/70 
f 1297/1297/180 1298/1298/179 852/852/68 851/851/67 
f 1298/1298/179 1296/1296/181 849/849/69 852/852/68 
#end 1296 faces

#ZOMPROPERTIES_04{
#ZOMPROPERTIES_04 table {Mesh table {SymPlane table {Point vector3d 0 0 0 Normal vector3d 1 0 0 Threshold double 0.01 
#ZOMPROPERTIES_04 Enabled bool false EdgeID int -1 SymEdgeID int -1 UPos double 0.5 LocalMode bool false } RootGroup C
#ZOMPROPERTIES_04 SubMeshGroup {Children table {Tile_0_0 CSubMeshGroup {Children table {} BBoxUV box3d 0 0 0 0 0 0 BBo
#ZOMPROPERTIES_04 x3D box3d 0 0 0 0 0 0 Area3D double 0 AreaUV double 0.593941 IsRoot bool false Properties table {Sel
#ZOMPROPERTIES_04 ected bool false Box box3d 0 1 0 1 0 1 U int 0 V int 0 NU int 0 NV int 0 Pack table {BoxFrameEdit bo
#ZOMPROPERTIES_04 ol false Behavior string "Free" Locked bool false Scaling table {Optimization string "Fill" } } Hots
#ZOMPROPERTIES_04 pot table {} } IsTile bool true PolyIDs ints { 1 597 592 42 594 593 598 475 585 580 575 576 577 39 5
#ZOMPROPERTIES_04 79 578 583 588 478 595 590 591 596 479 589 41 40 584 582 587 586 581 476 477 599 43 0 572 567 37 569
#ZOMPROPERTIES_04  568 573 470 560 555 550 551 552 34 554 553 558 563 473 570 565 566 571 474 564 36 35 559 557 562 56
#ZOMPROPERTIES_04 1 556 471 472 574 38 5 966 606 926 1286 547 1284 924 906 1266 542 1264 904 886 1246 537 1244 884 939
#ZOMPROPERTIES_04  957 956 955 890 1250 538 1248 888 910 1270 543 1268 908 930 1290 548 1288 928 678 1038 485 1036 676
#ZOMPROPERTIES_04  858 1218 530 1216 856 838 1198 525 1196 836 818 1178 520 1176 816 950 951 952 938 954 953 830 1190 
#ZOMPROPERTIES_04 523 1188 828 850 1210 528 1208 848 870 1230 533 1228 868 690 1050 488 1048 688 918 1278 545 1276 916
#ZOMPROPERTIES_04  898 1258 540 1256 896 878 1238 535 1236 876 958 959 880 1240 536 1242 882 900 1260 541 1262 902 920
#ZOMPROPERTIES_04  1280 546 1282 922 692 1052 489 1054 694 872 1232 534 1234 874 852 1212 529 1214 854 832 1192 524 11
#ZOMPROPERTIES_04 94 834 835 635 995 28 993 633 827 1187 522 1185 825 823 1183 521 1181 821 820 822 840 1200 526 1202 
#ZOMPROPERTIES_04 842 860 1220 531 1222 862 680 1040 486 1042 682 932 1292 549 1294 934 912 1272 544 1274 914 892 1252
#ZOMPROPERTIES_04  539 1254 894 895 647 1007 31 1005 645 644 646 648 1008 32 1010 650 652 1012 33 1014 654 686 1046 48
#ZOMPROPERTIES_04 7 1044 684 866 1226 532 1224 864 846 1206 527 1204 844 847 845 1205 1207 637 997 29 999 639 638 636 
#ZOMPROPERTIES_04 996 998 640 1000 30 1002 642 604 964 605 607 641 643 1003 1001 867 865 1225 1227 687 685 1045 1047 6
#ZOMPROPERTIES_04 53 655 1015 1013 649 651 1011 1009 1006 1004 1255 1253 893 913 915 1275 1273 933 935 1295 1293 681 6
#ZOMPROPERTIES_04 83 1043 1041 861 863 1223 1221 841 843 1203 1201 1182 1180 824 826 1186 1184 632 634 994 992 1195 11
#ZOMPROPERTIES_04 93 833 853 855 1215 1213 873 875 1235 1233 693 695 1055 1053 921 923 1283 1281 901 903 1263 1261 881
#ZOMPROPERTIES_04  883 1243 1241 879 877 1237 1239 899 897 1257 1259 919 917 1277 1279 691 689 1049 1051 871 869 1229 
#ZOMPROPERTIES_04 1231 851 849 1209 1211 831 829 1189 1191 819 817 1177 1179 839 837 1197 1199 859 857 1217 1219 679 6
#ZOMPROPERTIES_04 77 1037 1039 931 929 1289 1291 911 909 1269 1271 891 889 1249 1251 887 885 1245 1247 907 905 1265 12
#ZOMPROPERTIES_04 67 927 925 1285 1287 965 967 3 962 602 806 1166 517 1164 804 786 1146 512 1144 784 766 1126 507 1124
#ZOMPROPERTIES_04  764 937 949 948 756 1116 505 1118 758 776 1136 510 1138 778 796 1156 515 1158 798 668 1028 483 1030
#ZOMPROPERTIES_04  670 748 1108 503 1110 750 728 1088 498 1090 730 708 1068 493 1070 710 943 944 714 1074 494 1072 712
#ZOMPROPERTIES_04  734 1094 499 1092 732 754 1114 504 1112 752 674 1034 484 1032 672 802 1162 516 1160 800 782 1142 51
#ZOMPROPERTIES_04 1 1140 780 762 1122 506 1120 760 761 1121 1123 763 783 781 1141 1143 803 801 1161 1163 675 673 1033 
#ZOMPROPERTIES_04 1035 755 753 1113 1115 619 979 16 977 617 747 1107 502 1105 745 743 1103 501 1101 741 739 1099 500 1
#ZOMPROPERTIES_04 097 737 736 738 656 1016 480 1018 658 808 1168 518 1170 810 788 1148 513 1150 790 768 1128 508 1130 
#ZOMPROPERTIES_04 770 945 946 947 620 980 17 982 622 624 984 18 986 626 628 988 19 990 630 666 1026 482 1024 664 667 6
#ZOMPROPERTIES_04 65 663 1023 481 1021 661 660 662 812 1172 519 1174 814 792 1152 514 1154 794 772 1132 509 1134 774 7
#ZOMPROPERTIES_04 75 1135 1133 773 793 795 1155 1153 813 815 1175 1173 1022 1020 1025 1027 601 600 603 960 629 631 991
#ZOMPROPERTIES_04  989 625 627 987 985 621 623 983 981 769 771 1131 1129 789 791 1151 1149 809 811 1171 1169 657 659 1
#ZOMPROPERTIES_04 019 1017 1098 1096 718 1078 495 1076 716 698 1058 490 1056 696 940 941 942 936 608 968 14 970 610 61
#ZOMPROPERTIES_04 2 972 15 974 614 613 615 975 973 727 1087 497 1085 725 723 1083 496 1081 721 720 722 1082 1080 702 1
#ZOMPROPERTIES_04 062 491 1060 700 701 1061 1063 703 705 1065 492 1067 707 706 1064 1066 704 724 726 1086 1084 609 611
#ZOMPROPERTIES_04  971 969 699 697 1057 1059 719 717 1077 1079 740 742 1102 1100 744 746 1106 1104 616 618 978 976 735
#ZOMPROPERTIES_04  733 1093 1095 715 713 1073 1075 709 711 1071 1069 729 731 1091 1089 749 751 1111 1109 669 671 1031 
#ZOMPROPERTIES_04 1029 797 799 1159 1157 777 779 1139 1137 757 759 1119 1117 767 765 1125 1127 787 785 1145 1147 807 8
#ZOMPROPERTIES_04 05 1165 1167 961 963 4 131 126 121 116 24 118 117 122 127 132 49 109 104 99 94 95 96 20 98 97 102 10
#ZOMPROPERTIES_04 7 112 52 129 124 119 114 115 120 125 130 53 113 23 22 21 108 106 111 110 105 101 103 100 50 51 133 2
#ZOMPROPERTIES_04 7 128 26 123 25 2 304 136 292 460 91 458 290 272 440 86 438 270 252 420 81 418 250 76 10 78 77 256 4
#ZOMPROPERTIES_04 24 82 422 254 276 444 87 442 274 296 464 92 462 294 164 332 44 330 162 224 392 69 390 222 204 372 64
#ZOMPROPERTIES_04  370 202 184 352 59 350 182 54 55 56 6 58 57 196 364 62 362 194 216 384 67 382 214 236 404 72 402 23
#ZOMPROPERTIES_04 4 176 344 47 342 174 284 452 89 450 282 264 432 84 430 262 244 412 79 410 242 74 75 246 414 80 416 2
#ZOMPROPERTIES_04 48 266 434 85 436 268 286 454 90 456 288 178 346 48 348 180 238 406 73 408 240 218 386 68 388 220 19
#ZOMPROPERTIES_04 8 366 63 368 200 201 141 309 7 307 139 193 361 61 359 191 189 357 60 355 187 186 188 206 374 65 376 
#ZOMPROPERTIES_04 208 226 394 70 396 228 166 334 45 336 168 298 466 93 468 300 278 446 88 448 280 258 426 83 428 260 2
#ZOMPROPERTIES_04 61 153 321 11 319 151 150 152 154 322 12 324 156 158 326 13 328 160 172 340 46 338 170 232 400 71 39
#ZOMPROPERTIES_04 8 230 212 380 66 378 210 213 211 379 381 143 311 8 313 145 144 142 310 312 146 314 9 316 148 134 302
#ZOMPROPERTIES_04  135 137 147 149 317 315 233 231 399 401 173 171 339 341 159 161 329 327 155 157 325 323 320 318 429
#ZOMPROPERTIES_04  427 259 279 281 449 447 299 301 469 467 167 169 337 335 227 229 397 395 207 209 377 375 356 354 190
#ZOMPROPERTIES_04  192 360 358 138 140 308 306 369 367 199 219 221 389 387 239 241 409 407 179 181 349 347 287 289 457
#ZOMPROPERTIES_04  455 267 269 437 435 247 249 417 415 245 243 411 413 265 263 431 433 285 283 451 453 177 175 343 345
#ZOMPROPERTIES_04  237 235 403 405 217 215 383 385 197 195 363 365 185 183 351 353 205 203 371 373 225 223 391 393 165
#ZOMPROPERTIES_04  163 331 333 297 295 463 465 277 275 443 445 257 255 423 425 253 251 419 421 273 271 439 441 293 291
#ZOMPROPERTIES_04  459 461 303 305 } } } BBoxUV box3d 0 0 0 0 0 0 BBox3D box3d 0 0 0 0 0 0 Area3D double 0 AreaUV doub
#ZOMPROPERTIES_04 le 0 IsRoot bool true Properties table {Selected bool false Box box3d 0 1 0 1 0 1 U int 0 V int 0 NU
#ZOMPROPERTIES_04  int 1 NV int 1 Pack table {Rotate table {Initial string "Automatic" Min double 0 Max double 90 Step
#ZOMPROPERTIES_04  double 0 } ResolutionDivisor int 0 MapResolution int 2048 UsePixelUnit bool true PaddingSize double
#ZOMPROPERTIES_04  0.0078125 MarginSize double 0.00390625 PaddingSizePx int 16 MarginSizePx int 8 Scaling table {Texel
#ZOMPROPERTIES_04 Density double 1024 Mode int 2 Optimization string "Fill" } MaxMutations int 1 Strategy string "Effi
#ZOMPROPERTIES_04 cient" Sides string "Closed" } Hotspot table {} Tiling vector3d 1 1 1 TileRatioMode string "1:1" } I
#ZOMPROPERTIES_04 sTile bool false PolyIDs ints { } } Maps table {Pin CDataMap {PrimType string "Vertex" Size int 1 De
#ZOMPROPERTIES_04 faultValue double 0 ScaleType string "Normalized" MergeMode string "Max" MinValue double 0 MaxValue 
#ZOMPROPERTIES_04 double 1 Data doubles { r 1386 0 } } Density CDataMap {PrimType string "Polygon" Size int 1 DefaultV
#ZOMPROPERTIES_04 alue double 1 ScaleType string "Log" MergeMode string "Average" MinValue double 0.1 MaxValue double 
#ZOMPROPERTIES_04 4 Data doubles { r 1296 1 } } Protect CDataMap {PrimType string "Vertex" Size int 1 DefaultValue dou
#ZOMPROPERTIES_04 ble 0 ScaleType string "Normalized" MergeMode string "Average" MinValue double -1 MaxValue double 1 
#ZOMPROPERTIES_04 Data doubles { r 1386 0 } } } } }
#ZOMPROPERTIES_04}


#ZOMSCENE_01{
#ZOMSCENE_01 CScene {Settings table {AxisSystem table {UpVector string "y" } Unit string "cm" TexelDensityDisplay
#ZOMSCENE_01 Unit string "tx/cm" } Root CXForm {Box017 CPrim {PolyRange table {Low int 0 High int 1295 } } } }
#ZOMSCENE_01}

#begin 0 fatal error vertex (that RizomUV cannot handle)
#end 0 fatal error vertex (that RizomUV cannot handle)

#begin 0 error vertex
#end 0 error vertex
