#File written by RizomUV 2025.0.96.gd7fd59ee. Compilation :Sep 15 2025,14:05:29
mtllib Ô¶¾°buliding1.mtl
#begin vertices
v 1.5652 0 -0.9528
v 1.5652 0 0.9528
v -1.5652 0 0.9528
v -1.5652 0 -0.9528
v 1.5652 26.8638 0.9528
v 1.5652 26.8638 -0.9528
v -1.5652 26.8638 -0.9528
v -1.5652 26.8638 0.9528
v 1.0835 11.9948 6.2905
v 1.0835 14.869 6.2905
v -1.0835 14.869 6.2905
v -1.0835 11.9948 6.2905
v 10.6766 11.8021 -0.6638
v 10.6766 15.0618 -0.6638
v 10.6766 15.0618 0.6638
v 10.6766 11.8021 0.6638
v -1.0835 11.9948 -6.127
v -1.0835 14.869 -6.127
v 1.0835 14.869 -6.127
v 1.0835 11.9948 -6.127
v -11.0733 11.8021 0.6638
v -11.0733 15.0618 0.6638
v -11.0733 15.0618 -0.6638
v -11.0733 11.8021 -0.6638
v 10.9563 0 -0.9528
v 10.9563 0 0.9528
v 7.8259 0 0.9528
v 7.8259 0 -0.9528
v 4.6955 0 0.9528
v 4.6955 0 -0.9528
v -10.9563 0 0.9528
v -10.9563 0 -0.9528
v -7.8259 0 -0.9528
v -7.8259 0 0.9528
v -4.6955 0 -0.9528
v -4.6955 0 0.9528
v 10.9563 26.8638 0.9528
v 10.9563 26.8638 -0.9528
v 7.8259 26.8638 -0.9528
v 7.8259 26.8638 0.9528
v 4.6955 26.8638 -0.9528
v 4.6955 26.8638 0.9528
v -10.9563 26.8638 -0.9528
v -10.9563 26.8638 0.9528
v -7.8259 26.8638 0.9528
v -7.8259 26.8638 -0.9528
v -4.6955 26.8638 0.9528
v -4.6955 26.8638 -0.9528
v 10.4746 11.9948 6.2905
v 10.4746 14.869 6.2905
v 8.3076 14.869 6.2905
v 8.3076 11.9948 6.2905
v 7.3442 11.9948 6.2905
v 7.3442 14.869 6.2905
v 5.1773 14.869 6.2905
v 5.1773 11.9948 6.2905
v 4.2138 11.9948 6.2905
v 4.2138 14.869 6.2905
v 2.0469 14.869 6.2905
v 2.0469 11.9948 6.2905
v -10.4746 14.869 6.2905
v -10.4746 11.9948 6.2905
v -8.3076 11.9948 6.2905
v -8.3076 14.869 6.2905
v -7.3442 14.869 6.2905
v -7.3442 11.9948 6.2905
v -5.1773 11.9948 6.2905
v -5.1773 14.869 6.2905
v -4.2138 14.869 6.2905
v -4.2138 11.9948 6.2905
v -2.0469 11.9948 6.2905
v -2.0469 14.869 6.2905
v -10.4746 11.9948 -6.127
v -10.4746 14.869 -6.127
v -8.3076 14.869 -6.127
v -8.3076 11.9948 -6.127
v -7.3442 11.9948 -6.127
v -7.3442 14.869 -6.127
v -5.1773 14.869 -6.127
v -5.1773 11.9948 -6.127
v -4.2138 11.9948 -6.127
v -4.2138 14.869 -6.127
v -2.0469 14.869 -6.127
v -2.0469 11.9948 -6.127
v 10.4746 14.869 -6.127
v 10.4746 11.9948 -6.127
v 8.3076 11.9948 -6.127
v 8.3076 14.869 -6.127
v 7.3442 14.869 -6.127
v 7.3442 11.9948 -6.127
v 5.1773 11.9948 -6.127
v 5.1773 14.869 -6.127
v 4.2138 14.869 -6.127
v 4.2138 11.9948 -6.127
v 2.0469 11.9948 -6.127
v 2.0469 14.869 -6.127
v 1.5652 0 4.7639
v 1.5652 0 6.6694
v -1.5652 0 6.6694
v -1.5652 0 4.7639
v 1.5652 0 2.8583
v -1.5652 0 2.8583
v -1.5652 0 -4.7639
v -1.5652 0 -6.6694
v 1.5652 0 -6.6694
v 1.5652 0 -4.7639
v -1.5652 0 -2.8583
v 1.5652 0 -2.8583
v 1.5652 26.8638 -4.7639
v 1.5652 26.8638 -6.6694
v -1.5652 26.8638 -6.6694
v -1.5652 26.8638 -4.7639
v 1.5652 26.8638 -2.8583
v -1.5652 26.8638 -2.8583
v -1.5652 26.8638 4.7639
v -1.5652 26.8638 6.6694
v 1.5652 26.8638 6.6694
v 1.5652 26.8638 4.7639
v -1.5652 26.8638 2.8583
v 1.5652 26.8638 2.8583
v 10.6766 11.8021 -6.3805
v 10.6766 15.0618 -6.3805
v 10.6766 15.0618 -5.0529
v 10.6766 11.8021 -5.0529
v 10.6766 11.8021 -4.4749
v 10.6766 15.0618 -4.4749
v 10.6766 15.0618 -3.1473
v 10.6766 11.8021 -3.1473
v 10.6766 11.8021 -2.5693
v 10.6766 15.0618 -2.5693
v 10.6766 15.0618 -1.2418
v 10.6766 11.8021 -1.2418
v 10.6766 15.0618 6.3805
v 10.6766 11.8021 6.3805
v 10.6766 11.8021 5.0529
v 10.6766 15.0618 5.0529
v 10.6766 15.0618 4.4749
v 10.6766 11.8021 4.4749
v 10.6766 11.8021 3.1473
v 10.6766 15.0618 3.1473
v 10.6766 15.0618 2.5693
v 10.6766 11.8021 2.5693
v 10.6766 11.8021 1.2418
v 10.6766 15.0618 1.2418
v -11.0733 11.8021 6.3805
v -11.0733 15.0618 6.3805
v -11.0733 15.0618 5.0529
v -11.0733 11.8021 5.0529
v -11.0733 11.8021 4.4749
v -11.0733 15.0618 4.4749
v -11.0733 15.0618 3.1473
v -11.0733 11.8021 3.1473
v -11.0733 11.8021 2.5693
v -11.0733 15.0618 2.5693
v -11.0733 15.0618 1.2418
v -11.0733 11.8021 1.2418
v -11.0733 15.0618 -6.3805
v -11.0733 11.8021 -6.3805
v -11.0733 11.8021 -5.0529
v -11.0733 15.0618 -5.0529
v -11.0733 15.0618 -4.4749
v -11.0733 11.8021 -4.4749
v -11.0733 11.8021 -3.1473
v -11.0733 15.0618 -3.1473
v -11.0733 15.0618 -2.5693
v -11.0733 11.8021 -2.5693
v -11.0733 11.8021 -1.2418
v -11.0733 15.0618 -1.2418
v 10.9563 0 4.7639
v 10.9563 0 6.6694
v 7.8259 0 6.6694
v 7.8259 0 4.7639
v 10.9563 0 2.8583
v 7.8259 0 2.8583
v 7.8259 0 -4.7639
v 7.8259 0 -6.6694
v 10.9563 0 -6.6694
v 10.9563 0 -4.7639
v 7.8259 0 -2.8583
v 10.9563 0 -2.8583
v 4.6955 0 6.6694
v 4.6955 0 4.7639
v 4.6955 0 2.8583
v 4.6955 0 -4.7639
v 4.6955 0 -6.6694
v 4.6955 0 -2.8583
v -10.9563 0 -4.7639
v -10.9563 0 -6.6694
v -7.8259 0 -6.6694
v -7.8259 0 -4.7639
v -10.9563 0 -2.8583
v -7.8259 0 -2.8583
v -7.8259 0 4.7639
v -7.8259 0 6.6694
v -10.9563 0 6.6694
v -10.9563 0 4.7639
v -7.8259 0 2.8583
v -10.9563 0 2.8583
v -4.6955 0 -6.6694
v -4.6955 0 -4.7639
v -4.6955 0 -2.8583
v -4.6955 0 4.7639
v -4.6955 0 6.6694
v -4.6955 0 2.8583
v 10.9563 26.8638 -4.7639
v 10.9563 26.8638 -6.6694
v 7.8259 26.8638 -6.6694
v 7.8259 26.8638 -4.7639
v 10.9563 26.8638 -2.8583
v 7.8259 26.8638 -2.8583
v 7.8259 26.8638 4.7639
v 7.8259 26.8638 6.6694
v 10.9563 26.8638 6.6694
v 10.9563 26.8638 4.7639
v 7.8259 26.8638 2.8583
v 10.9563 26.8638 2.8583
v 4.6955 26.8638 -6.6694
v 4.6955 26.8638 -4.7639
v 4.6955 26.8638 -2.8583
v 4.6955 26.8638 4.7639
v 4.6955 26.8638 6.6694
v 4.6955 26.8638 2.8583
v -10.9563 26.8638 4.7639
v -10.9563 26.8638 6.6694
v -7.8259 26.8638 6.6694
v -7.8259 26.8638 4.7639
v -10.9563 26.8638 2.8583
v -7.8259 26.8638 2.8583
v -7.8259 26.8638 -4.7639
v -7.8259 26.8638 -6.6694
v -10.9563 26.8638 -6.6694
v -10.9563 26.8638 -4.7639
v -7.8259 26.8638 -2.8583
v -10.9563 26.8638 -2.8583
v -4.6955 26.8638 6.6694
v -4.6955 26.8638 4.7639
v -4.6955 26.8638 2.8583
v -4.6955 26.8638 -4.7639
v -4.6955 26.8638 -6.6694
v -4.6955 26.8638 -2.8583
v 1.5652 23.0261 6.6694
v -1.5652 23.0261 6.6694
v 1.0835 19.6702 6.2905
v 1.0835 22.5444 6.2905
v -1.0835 22.5444 6.2905
v -1.0835 19.6702 6.2905
v 1.0835 15.8325 6.2905
v 1.0835 18.7067 6.2905
v -1.0835 18.7067 6.2905
v -1.0835 15.8325 6.2905
v -1.5652 3.8377 6.6694
v 1.5652 3.8377 6.6694
v -1.0835 7.1937 6.2905
v -1.0835 4.3194 6.2905
v 1.0835 4.3194 6.2905
v 1.0835 7.1937 6.2905
v -1.0835 11.0314 6.2905
v -1.0835 8.1571 6.2905
v 1.0835 8.1571 6.2905
v 1.0835 11.0314 6.2905
v 10.9563 23.0261 -0.9528
v 10.9563 23.0261 0.9528
v 10.6766 19.4774 -0.6638
v 10.6766 22.7372 -0.6638
v 10.6766 22.7372 0.6638
v 10.6766 19.4774 0.6638
v 10.6766 15.6397 -0.6638
v 10.6766 18.8995 -0.6638
v 10.6766 18.8995 0.6638
v 10.6766 15.6397 0.6638
v 10.9563 3.8377 0.9528
v 10.9563 3.8377 -0.9528
v 10.6766 7.3864 0.6638
v 10.6766 4.1267 0.6638
v 10.6766 4.1267 -0.6638
v 10.6766 7.3864 -0.6638
v 10.6766 11.2241 0.6638
v 10.6766 7.9644 0.6638
v 10.6766 7.9644 -0.6638
v 10.6766 11.2241 -0.6638
v -1.5652 23.0261 -6.6694
v 1.5652 23.0261 -6.6694
v -1.0835 19.6702 -6.127
v -1.0835 22.5444 -6.127
v 1.0835 22.5444 -6.127
v 1.0835 19.6702 -6.127
v -1.0835 15.8325 -6.127
v -1.0835 18.7067 -6.127
v 1.0835 18.7067 -6.127
v 1.0835 15.8325 -6.127
v 1.5652 3.8377 -6.6694
v -1.5652 3.8377 -6.6694
v 1.0835 7.1937 -6.127
v 1.0835 4.3194 -6.127
v -1.0835 4.3194 -6.127
v -1.0835 7.1937 -6.127
v 1.0835 11.0314 -6.127
v 1.0835 8.1571 -6.127
v -1.0835 8.1571 -6.127
v -1.0835 11.0314 -6.127
v -10.9563 23.0261 0.9528
v -10.9563 23.0261 -0.9528
v -11.0733 19.4774 0.6638
v -11.0733 22.7372 0.6638
v -11.0733 22.7372 -0.6638
v -11.0733 19.4774 -0.6638
v -11.0733 15.6397 0.6638
v -11.0733 18.8995 0.6638
v -11.0733 18.8995 -0.6638
v -11.0733 15.6397 -0.6638
v -10.9563 3.8377 -0.9528
v -10.9563 3.8377 0.9528
v -11.0733 7.3864 -0.6638
v -11.0733 4.1267 -0.6638
v -11.0733 4.1267 0.6638
v -11.0733 7.3864 0.6638
v -11.0733 11.2241 -0.6638
v -11.0733 7.9644 -0.6638
v -11.0733 7.9644 0.6638
v -11.0733 11.2241 0.6638
v 10.9563 23.0261 6.6694
v 7.8259 23.0261 6.6694
v 10.4746 19.6702 6.2905
v 10.4746 22.5444 6.2905
v 8.3076 22.5444 6.2905
v 8.3076 19.6702 6.2905
v 10.4746 15.8325 6.2905
v 10.4746 18.7067 6.2905
v 8.3076 18.7067 6.2905
v 8.3076 15.8325 6.2905
v 7.8259 3.8377 6.6694
v 10.9563 3.8377 6.6694
v 8.3076 7.1937 6.2905
v 8.3076 4.3194 6.2905
v 10.4746 4.3194 6.2905
v 10.4746 7.1937 6.2905
v 8.3076 11.0314 6.2905
v 8.3076 8.1571 6.2905
v 10.4746 8.1571 6.2905
v 10.4746 11.0314 6.2905
v 4.6955 23.0261 6.6694
v 7.3442 19.6702 6.2905
v 7.3442 22.5444 6.2905
v 5.1773 22.5444 6.2905
v 5.1773 19.6702 6.2905
v 7.3442 15.8325 6.2905
v 7.3442 18.7067 6.2905
v 5.1773 18.7067 6.2905
v 5.1773 15.8325 6.2905
v 4.6955 3.8377 6.6694
v 5.1773 7.1937 6.2905
v 5.1773 4.3194 6.2905
v 7.3442 4.3194 6.2905
v 7.3442 7.1937 6.2905
v 5.1773 11.0314 6.2905
v 5.1773 8.1571 6.2905
v 7.3442 8.1571 6.2905
v 7.3442 11.0314 6.2905
v 4.2138 19.6702 6.2905
v 4.2138 22.5444 6.2905
v 2.0469 22.5444 6.2905
v 2.0469 19.6702 6.2905
v 4.2138 15.8325 6.2905
v 4.2138 18.7067 6.2905
v 2.0469 18.7067 6.2905
v 2.0469 15.8325 6.2905
v 2.0469 7.1937 6.2905
v 2.0469 4.3194 6.2905
v 4.2138 4.3194 6.2905
v 4.2138 7.1937 6.2905
v 2.0469 11.0314 6.2905
v 2.0469 8.1571 6.2905
v 4.2138 8.1571 6.2905
v 4.2138 11.0314 6.2905
v -10.9563 3.8377 6.6694
v -7.8259 3.8377 6.6694
v -10.4746 7.1937 6.2905
v -10.4746 4.3194 6.2905
v -8.3076 4.3194 6.2905
v -8.3076 7.1937 6.2905
v -10.4746 11.0314 6.2905
v -10.4746 8.1571 6.2905
v -8.3076 8.1571 6.2905
v -8.3076 11.0314 6.2905
v -7.8259 23.0261 6.6694
v -10.9563 23.0261 6.6694
v -8.3076 19.6702 6.2905
v -8.3076 22.5444 6.2905
v -10.4746 22.5444 6.2905
v -10.4746 19.6702 6.2905
v -8.3076 15.8325 6.2905
v -8.3076 18.7067 6.2905
v -10.4746 18.7067 6.2905
v -10.4746 15.8325 6.2905
v -4.6955 3.8377 6.6694
v -7.3442 7.1937 6.2905
v -7.3442 4.3194 6.2905
v -5.1773 4.3194 6.2905
v -5.1773 7.1937 6.2905
v -7.3442 11.0314 6.2905
v -7.3442 8.1571 6.2905
v -5.1773 8.1571 6.2905
v -5.1773 11.0314 6.2905
v -4.6955 23.0261 6.6694
v -5.1773 19.6702 6.2905
v -5.1773 22.5444 6.2905
v -7.3442 22.5444 6.2905
v -7.3442 19.6702 6.2905
v -5.1773 15.8325 6.2905
v -5.1773 18.7067 6.2905
v -7.3442 18.7067 6.2905
v -7.3442 15.8325 6.2905
v -4.2138 7.1937 6.2905
v -4.2138 4.3194 6.2905
v -2.0469 4.3194 6.2905
v -2.0469 7.1937 6.2905
v -4.2138 11.0314 6.2905
v -4.2138 8.1571 6.2905
v -2.0469 8.1571 6.2905
v -2.0469 11.0314 6.2905
v -2.0469 19.6702 6.2905
v -2.0469 22.5444 6.2905
v -4.2138 22.5444 6.2905
v -4.2138 19.6702 6.2905
v -2.0469 15.8325 6.2905
v -2.0469 18.7067 6.2905
v -4.2138 18.7067 6.2905
v -4.2138 15.8325 6.2905
v -10.9563 23.0261 -6.6694
v -7.8259 23.0261 -6.6694
v -10.4746 19.6702 -6.127
v -10.4746 22.5444 -6.127
v -8.3076 22.5444 -6.127
v -8.3076 19.6702 -6.127
v -10.4746 15.8325 -6.127
v -10.4746 18.7067 -6.127
v -8.3076 18.7067 -6.127
v -8.3076 15.8325 -6.127
v -7.8259 3.8377 -6.6694
v -10.9563 3.8377 -6.6694
v -8.3076 7.1937 -6.127
v -8.3076 4.3194 -6.127
v -10.4746 4.3194 -6.127
v -10.4746 7.1937 -6.127
v -8.3076 11.0314 -6.127
v -8.3076 8.1571 -6.127
v -10.4746 8.1571 -6.127
v -10.4746 11.0314 -6.127
v -4.6955 23.0261 -6.6694
v -7.3442 19.6702 -6.127
v -7.3442 22.5444 -6.127
v -5.1773 22.5444 -6.127
v -5.1773 19.6702 -6.127
v -7.3442 15.8325 -6.127
v -7.3442 18.7067 -6.127
v -5.1773 18.7067 -6.127
v -5.1773 15.8325 -6.127
v -4.6955 3.8377 -6.6694
v -5.1773 7.1937 -6.127
v -5.1773 4.3194 -6.127
v -7.3442 4.3194 -6.127
v -7.3442 7.1937 -6.127
v -5.1773 11.0314 -6.127
v -5.1773 8.1571 -6.127
v -7.3442 8.1571 -6.127
v -7.3442 11.0314 -6.127
v -4.2138 19.6702 -6.127
v -4.2138 22.5444 -6.127
v -2.0469 22.5444 -6.127
v -2.0469 19.6702 -6.127
v -4.2138 15.8325 -6.127
v -4.2138 18.7067 -6.127
v -2.0469 18.7067 -6.127
v -2.0469 15.8325 -6.127
v -2.0469 7.1937 -6.127
v -2.0469 4.3194 -6.127
v -4.2138 4.3194 -6.127
v -4.2138 7.1937 -6.127
v -2.0469 11.0314 -6.127
v -2.0469 8.1571 -6.127
v -4.2138 8.1571 -6.127
v -4.2138 11.0314 -6.127
v 10.9563 3.8377 -6.6694
v 7.8259 3.8377 -6.6694
v 10.4746 7.1937 -6.127
v 10.4746 4.3194 -6.127
v 8.3076 4.3194 -6.127
v 8.3076 7.1937 -6.127
v 10.4746 11.0314 -6.127
v 10.4746 8.1571 -6.127
v 8.3076 8.1571 -6.127
v 8.3076 11.0314 -6.127
v 7.8259 23.0261 -6.6694
v 10.9563 23.0261 -6.6694
v 8.3076 19.6702 -6.127
v 8.3076 22.5444 -6.127
v 10.4746 22.5444 -6.127
v 10.4746 19.6702 -6.127
v 8.3076 15.8325 -6.127
v 8.3076 18.7067 -6.127
v 10.4746 18.7067 -6.127
v 10.4746 15.8325 -6.127
v 4.6955 3.8377 -6.6694
v 7.3442 7.1937 -6.127
v 7.3442 4.3194 -6.127
v 5.1773 4.3194 -6.127
v 5.1773 7.1937 -6.127
v 7.3442 11.0314 -6.127
v 7.3442 8.1571 -6.127
v 5.1773 8.1571 -6.127
v 5.1773 11.0314 -6.127
v 4.6955 23.0261 -6.6694
v 5.1773 19.6702 -6.127
v 5.1773 22.5444 -6.127
v 7.3442 22.5444 -6.127
v 7.3442 19.6702 -6.127
v 5.1773 15.8325 -6.127
v 5.1773 18.7067 -6.127
v 7.3442 18.7067 -6.127
v 7.3442 15.8325 -6.127
v 4.2138 7.1937 -6.127
v 4.2138 4.3194 -6.127
v 2.0469 4.3194 -6.127
v 2.0469 7.1937 -6.127
v 4.2138 11.0314 -6.127
v 4.2138 8.1571 -6.127
v 2.0469 8.1571 -6.127
v 2.0469 11.0314 -6.127
v 2.0469 19.6702 -6.127
v 2.0469 22.5444 -6.127
v 4.2138 22.5444 -6.127
v 4.2138 19.6702 -6.127
v 2.0469 15.8325 -6.127
v 2.0469 18.7067 -6.127
v 4.2138 18.7067 -6.127
v 4.2138 15.8325 -6.127
v 10.9563 23.0261 -4.7639
v 10.6766 19.4774 -6.3805
v 10.6766 22.7372 -6.3805
v 10.6766 22.7372 -5.0529
v 10.6766 19.4774 -5.0529
v 10.6766 15.6397 -6.3805
v 10.6766 18.8995 -6.3805
v 10.6766 18.8995 -5.0529
v 10.6766 15.6397 -5.0529
v 10.9563 3.8377 -4.7639
v 10.6766 7.3864 -5.0529
v 10.6766 4.1267 -5.0529
v 10.6766 4.1267 -6.3805
v 10.6766 7.3864 -6.3805
v 10.6766 11.2241 -5.0529
v 10.6766 7.9644 -5.0529
v 10.6766 7.9644 -6.3805
v 10.6766 11.2241 -6.3805
v 10.9563 23.0261 -2.8583
v 10.6766 19.4774 -4.4749
v 10.6766 22.7372 -4.4749
v 10.6766 22.7372 -3.1473
v 10.6766 19.4774 -3.1473
v 10.6766 15.6397 -4.4749
v 10.6766 18.8995 -4.4749
v 10.6766 18.8995 -3.1473
v 10.6766 15.6397 -3.1473
v 10.9563 3.8377 -2.8583
v 10.6766 7.3864 -3.1473
v 10.6766 4.1267 -3.1473
v 10.6766 4.1267 -4.4749
v 10.6766 7.3864 -4.4749
v 10.6766 11.2241 -3.1473
v 10.6766 7.9644 -3.1473
v 10.6766 7.9644 -4.4749
v 10.6766 11.2241 -4.4749
v 10.6766 19.4774 -2.5693
v 10.6766 22.7372 -2.5693
v 10.6766 22.7372 -1.2418
v 10.6766 19.4774 -1.2418
v 10.6766 15.6397 -2.5693
v 10.6766 18.8995 -2.5693
v 10.6766 18.8995 -1.2418
v 10.6766 15.6397 -1.2418
v 10.6766 7.3864 -1.2418
v 10.6766 4.1267 -1.2418
v 10.6766 4.1267 -2.5693
v 10.6766 7.3864 -2.5693
v 10.6766 11.2241 -1.2418
v 10.6766 7.9644 -1.2418
v 10.6766 7.9644 -2.5693
v 10.6766 11.2241 -2.5693
v 10.9563 3.8377 4.7639
v 10.6766 7.3864 6.3805
v 10.6766 4.1267 6.3805
v 10.6766 4.1267 5.0529
v 10.6766 7.3864 5.0529
v 10.6766 11.2241 6.3805
v 10.6766 7.9644 6.3805
v 10.6766 7.9644 5.0529
v 10.6766 11.2241 5.0529
v 10.9563 23.0261 4.7639
v 10.6766 19.4774 5.0529
v 10.6766 22.7372 5.0529
v 10.6766 22.7372 6.3805
v 10.6766 19.4774 6.3805
v 10.6766 15.6397 5.0529
v 10.6766 18.8995 5.0529
v 10.6766 18.8995 6.3805
v 10.6766 15.6397 6.3805
v 10.9563 3.8377 2.8583
v 10.6766 7.3864 4.4749
v 10.6766 4.1267 4.4749
v 10.6766 4.1267 3.1473
v 10.6766 7.3864 3.1473
v 10.6766 11.2241 4.4749
v 10.6766 7.9644 4.4749
v 10.6766 7.9644 3.1473
v 10.6766 11.2241 3.1473
v 10.9563 23.0261 2.8583
v 10.6766 19.4774 3.1473
v 10.6766 22.7372 3.1473
v 10.6766 22.7372 4.4749
v 10.6766 19.4774 4.4749
v 10.6766 15.6397 3.1473
v 10.6766 18.8995 3.1473
v 10.6766 18.8995 4.4749
v 10.6766 15.6397 4.4749
v 10.6766 7.3864 2.5693
v 10.6766 4.1267 2.5693
v 10.6766 4.1267 1.2418
v 10.6766 7.3864 1.2418
v 10.6766 11.2241 2.5693
v 10.6766 7.9644 2.5693
v 10.6766 7.9644 1.2418
v 10.6766 11.2241 1.2418
v 10.6766 19.4774 1.2418
v 10.6766 22.7372 1.2418
v 10.6766 22.7372 2.5693
v 10.6766 19.4774 2.5693
v 10.6766 15.6397 1.2418
v 10.6766 18.8995 1.2418
v 10.6766 18.8995 2.5693
v 10.6766 15.6397 2.5693
v -10.9563 23.0261 4.7639
v -11.0733 19.4774 6.3805
v -11.0733 22.7372 6.3805
v -11.0733 22.7372 5.0529
v -11.0733 19.4774 5.0529
v -11.0733 15.6397 6.3805
v -11.0733 18.8995 6.3805
v -11.0733 18.8995 5.0529
v -11.0733 15.6397 5.0529
v -10.9563 3.8377 4.7639
v -11.0733 7.3864 5.0529
v -11.0733 4.1267 5.0529
v -11.0733 4.1267 6.3805
v -11.0733 7.3864 6.3805
v -11.0733 11.2241 5.0529
v -11.0733 7.9644 5.0529
v -11.0733 7.9644 6.3805
v -11.0733 11.2241 6.3805
v -10.9563 23.0261 2.8583
v -11.0733 19.4774 4.4749
v -11.0733 22.7372 4.4749
v -11.0733 22.7372 3.1473
v -11.0733 19.4774 3.1473
v -11.0733 15.6397 4.4749
v -11.0733 18.8995 4.4749
v -11.0733 18.8995 3.1473
v -11.0733 15.6397 3.1473
v -10.9563 3.8377 2.8583
v -11.0733 7.3864 3.1473
v -11.0733 4.1267 3.1473
v -11.0733 4.1267 4.4749
v -11.0733 7.3864 4.4749
v -11.0733 11.2241 3.1473
v -11.0733 7.9644 3.1473
v -11.0733 7.9644 4.4749
v -11.0733 11.2241 4.4749
v -11.0733 19.4774 2.5693
v -11.0733 22.7372 2.5693
v -11.0733 22.7372 1.2418
v -11.0733 19.4774 1.2418
v -11.0733 15.6397 2.5693
v -11.0733 18.8995 2.5693
v -11.0733 18.8995 1.2418
v -11.0733 15.6397 1.2418
v -11.0733 7.3864 1.2418
v -11.0733 4.1267 1.2418
v -11.0733 4.1267 2.5693
v -11.0733 7.3864 2.5693
v -11.0733 11.2241 1.2418
v -11.0733 7.9644 1.2418
v -11.0733 7.9644 2.5693
v -11.0733 11.2241 2.5693
v -10.9563 3.8377 -4.7639
v -11.0733 7.3864 -6.3805
v -11.0733 4.1267 -6.3805
v -11.0733 4.1267 -5.0529
v -11.0733 7.3864 -5.0529
v -11.0733 11.2241 -6.3805
v -11.0733 7.9644 -6.3805
v -11.0733 7.9644 -5.0529
v -11.0733 11.2241 -5.0529
v -10.9563 23.0261 -4.7639
v -11.0733 19.4774 -5.0529
v -11.0733 22.7372 -5.0529
v -11.0733 22.7372 -6.3805
v -11.0733 19.4774 -6.3805
v -11.0733 15.6397 -5.0529
v -11.0733 18.8995 -5.0529
v -11.0733 18.8995 -6.3805
v -11.0733 15.6397 -6.3805
v -10.9563 3.8377 -2.8583
v -11.0733 7.3864 -4.4749
v -11.0733 4.1267 -4.4749
v -11.0733 4.1267 -3.1473
v -11.0733 7.3864 -3.1473
v -11.0733 11.2241 -4.4749
v -11.0733 7.9644 -4.4749
v -11.0733 7.9644 -3.1473
v -11.0733 11.2241 -3.1473
v -10.9563 23.0261 -2.8583
v -11.0733 19.4774 -3.1473
v -11.0733 22.7372 -3.1473
v -11.0733 22.7372 -4.4749
v -11.0733 19.4774 -4.4749
v -11.0733 15.6397 -3.1473
v -11.0733 18.8995 -3.1473
v -11.0733 18.8995 -4.4749
v -11.0733 15.6397 -4.4749
v -11.0733 7.3864 -2.5693
v -11.0733 4.1267 -2.5693
v -11.0733 4.1267 -1.2418
v -11.0733 7.3864 -1.2418
v -11.0733 11.2241 -2.5693
v -11.0733 7.9644 -2.5693
v -11.0733 7.9644 -1.2418
v -11.0733 11.2241 -1.2418
v -11.0733 19.4774 -1.2418
v -11.0733 22.7372 -1.2418
v -11.0733 22.7372 -2.5693
v -11.0733 19.4774 -2.5693
v -11.0733 15.6397 -1.2418
v -11.0733 18.8995 -1.2418
v -11.0733 18.8995 -2.5693
v -11.0733 15.6397 -2.5693
v 1.5652 11.5131 6.6694
v 1.5652 15.3508 6.6694
v 1.0835 14.869 6.6694
v 1.0835 11.9948 6.6694
v -1.5652 15.3508 6.6694
v -1.0835 14.869 6.6694
v -1.5652 11.5131 6.6694
v -1.0835 11.9948 6.6694
v -1.5652 11.5131 -6.6694
v -1.5652 15.3508 -6.6694
v -1.0835 14.869 -6.6694
v -1.0835 11.9948 -6.6694
v 1.5652 15.3508 -6.6694
v 1.0835 14.869 -6.6694
v 1.5652 11.5131 -6.6694
v 1.0835 11.9948 -6.6694
v 10.9563 11.5131 6.6694
v 10.9563 15.3508 6.6694
v 10.4746 14.869 6.6694
v 10.4746 11.9948 6.6694
v 7.8259 15.3508 6.6694
v 8.3076 14.869 6.6694
v 7.8259 11.5131 6.6694
v 8.3076 11.9948 6.6694
v 7.3442 14.869 6.6694
v 7.3442 11.9948 6.6694
v 4.6955 15.3508 6.6694
v 5.1773 14.869 6.6694
v 4.6955 11.5131 6.6694
v 5.1773 11.9948 6.6694
v 4.2138 14.869 6.6694
v 4.2138 11.9948 6.6694
v 2.0469 14.869 6.6694
v 2.0469 11.9948 6.6694
v -10.9563 15.3508 6.6694
v -10.9563 11.5131 6.6694
v -10.4746 11.9948 6.6694
v -10.4746 14.869 6.6694
v -7.8259 11.5131 6.6694
v -8.3076 11.9948 6.6694
v -7.8259 15.3508 6.6694
v -8.3076 14.869 6.6694
v -7.3442 11.9948 6.6694
v -7.3442 14.869 6.6694
v -4.6955 11.5131 6.6694
v -5.1773 11.9948 6.6694
v -4.6955 15.3508 6.6694
v -5.1773 14.869 6.6694
v -4.2138 11.9948 6.6694
v -4.2138 14.869 6.6694
v -2.0469 11.9948 6.6694
v -2.0469 14.869 6.6694
v -10.9563 11.5131 -6.6694
v -10.9563 15.3508 -6.6694
v -10.4746 14.869 -6.6694
v -10.4746 11.9948 -6.6694
v -7.8259 15.3508 -6.6694
v -8.3076 14.869 -6.6694
v -7.8259 11.5131 -6.6694
v -8.3076 11.9948 -6.6694
v -7.3442 14.869 -6.6694
v -7.3442 11.9948 -6.6694
v -4.6955 15.3508 -6.6694
v -5.1773 14.869 -6.6694
v -4.6955 11.5131 -6.6694
v -5.1773 11.9948 -6.6694
v -4.2138 14.869 -6.6694
v -4.2138 11.9948 -6.6694
v -2.0469 14.869 -6.6694
v -2.0469 11.9948 -6.6694
v 10.9563 15.3508 -6.6694
v 10.9563 11.5131 -6.6694
v 10.4746 11.9948 -6.6694
v 10.4746 14.869 -6.6694
v 7.8259 11.5131 -6.6694
v 8.3076 11.9948 -6.6694
v 7.8259 15.3508 -6.6694
v 8.3076 14.869 -6.6694
v 7.3442 11.9948 -6.6694
v 7.3442 14.869 -6.6694
v 4.6955 11.5131 -6.6694
v 5.1773 11.9948 -6.6694
v 4.6955 15.3508 -6.6694
v 5.1773 14.869 -6.6694
v 4.2138 11.9948 -6.6694
v 4.2138 14.869 -6.6694
v 2.0469 11.9948 -6.6694
v 2.0469 14.869 -6.6694
v 1.5652 19.1884 6.6694
v 1.0835 22.5444 6.6694
v 1.0835 19.6702 6.6694
v -1.0835 22.5444 6.6694
v -1.5652 19.1884 6.6694
v -1.0835 19.6702 6.6694
v 1.0835 18.7067 6.6694
v 1.0835 15.8325 6.6694
v -1.0835 18.7067 6.6694
v -1.0835 15.8325 6.6694
v -1.5652 7.6754 6.6694
v -1.0835 4.3194 6.6694
v -1.0835 7.1937 6.6694
v 1.0835 4.3194 6.6694
v 1.5652 7.6754 6.6694
v 1.0835 7.1937 6.6694
v -1.0835 8.1571 6.6694
v -1.0835 11.0314 6.6694
v 1.0835 8.1571 6.6694
v 1.0835 11.0314 6.6694
v -1.5652 19.1884 -6.6694
v -1.0835 22.5444 -6.6694
v -1.0835 19.6702 -6.6694
v 1.0835 22.5444 -6.6694
v 1.5652 19.1884 -6.6694
v 1.0835 19.6702 -6.6694
v -1.0835 18.7067 -6.6694
v -1.0835 15.8325 -6.6694
v 1.0835 18.7067 -6.6694
v 1.0835 15.8325 -6.6694
v 1.5652 7.6754 -6.6694
v 1.0835 4.3194 -6.6694
v 1.0835 7.1937 -6.6694
v -1.0835 4.3194 -6.6694
v -1.5652 7.6754 -6.6694
v -1.0835 7.1937 -6.6694
v 1.0835 8.1571 -6.6694
v 1.0835 11.0314 -6.6694
v -1.0835 8.1571 -6.6694
v -1.0835 11.0314 -6.6694
v 10.9563 19.1884 6.6694
v 10.4746 22.5444 6.6694
v 10.4746 19.6702 6.6694
v 8.3076 22.5444 6.6694
v 7.8259 19.1884 6.6694
v 8.3076 19.6702 6.6694
v 10.4746 18.7067 6.6694
v 10.4746 15.8325 6.6694
v 8.3076 18.7067 6.6694
v 8.3076 15.8325 6.6694
v 7.8259 7.6754 6.6694
v 8.3076 4.3194 6.6694
v 8.3076 7.1937 6.6694
v 10.4746 4.3194 6.6694
v 10.9563 7.6754 6.6694
v 10.4746 7.1937 6.6694
v 8.3076 8.1571 6.6694
v 8.3076 11.0314 6.6694
v 10.4746 8.1571 6.6694
v 10.4746 11.0314 6.6694
v 7.3442 22.5444 6.6694
v 7.3442 19.6702 6.6694
v 5.1773 22.5444 6.6694
v 4.6955 19.1884 6.6694
v 5.1773 19.6702 6.6694
v 7.3442 18.7067 6.6694
v 7.3442 15.8325 6.6694
v 5.1773 18.7067 6.6694
v 5.1773 15.8325 6.6694
v 4.6955 7.6754 6.6694
v 5.1773 4.3194 6.6694
v 5.1773 7.1937 6.6694
v 7.3442 4.3194 6.6694
v 7.3442 7.1937 6.6694
v 5.1773 8.1571 6.6694
v 5.1773 11.0314 6.6694
v 7.3442 8.1571 6.6694
v 7.3442 11.0314 6.6694
v 4.2138 22.5444 6.6694
v 4.2138 19.6702 6.6694
v 2.0469 22.5444 6.6694
v 2.0469 19.6702 6.6694
v 4.2138 18.7067 6.6694
v 4.2138 15.8325 6.6694
v 2.0469 18.7067 6.6694
v 2.0469 15.8325 6.6694
v 2.0469 4.3194 6.6694
v 2.0469 7.1937 6.6694
v 4.2138 4.3194 6.6694
v 4.2138 7.1937 6.6694
v 2.0469 8.1571 6.6694
v 2.0469 11.0314 6.6694
v 4.2138 8.1571 6.6694
v 4.2138 11.0314 6.6694
v -10.9563 7.6754 6.6694
v -10.4746 4.3194 6.6694
v -10.4746 7.1937 6.6694
v -8.3076 4.3194 6.6694
v -7.8259 7.6754 6.6694
v -8.3076 7.1937 6.6694
v -10.4746 8.1571 6.6694
v -10.4746 11.0314 6.6694
v -8.3076 8.1571 6.6694
v -8.3076 11.0314 6.6694
v -7.8259 19.1884 6.6694
v -8.3076 22.5444 6.6694
v -8.3076 19.6702 6.6694
v -10.4746 22.5444 6.6694
v -10.9563 19.1884 6.6694
v -10.4746 19.6702 6.6694
v -8.3076 18.7067 6.6694
v -8.3076 15.8325 6.6694
v -10.4746 18.7067 6.6694
v -10.4746 15.8325 6.6694
v -7.3442 4.3194 6.6694
v -7.3442 7.1937 6.6694
v -5.1773 4.3194 6.6694
v -4.6955 7.6754 6.6694
v -5.1773 7.1937 6.6694
v -7.3442 8.1571 6.6694
v -7.3442 11.0314 6.6694
v -5.1773 8.1571 6.6694
v -5.1773 11.0314 6.6694
v -4.6955 19.1884 6.6694
v -5.1773 22.5444 6.6694
v -5.1773 19.6702 6.6694
v -7.3442 22.5444 6.6694
v -7.3442 19.6702 6.6694
v -5.1773 18.7067 6.6694
v -5.1773 15.8325 6.6694
v -7.3442 18.7067 6.6694
v -7.3442 15.8325 6.6694
v -4.2138 4.3194 6.6694
v -4.2138 7.1937 6.6694
v -2.0469 4.3194 6.6694
v -2.0469 7.1937 6.6694
v -4.2138 8.1571 6.6694
v -4.2138 11.0314 6.6694
v -2.0469 8.1571 6.6694
v -2.0469 11.0314 6.6694
v -2.0469 22.5444 6.6694
v -2.0469 19.6702 6.6694
v -4.2138 22.5444 6.6694
v -4.2138 19.6702 6.6694
v -2.0469 18.7067 6.6694
v -2.0469 15.8325 6.6694
v -4.2138 18.7067 6.6694
v -4.2138 15.8325 6.6694
v -10.9563 19.1884 -6.6694
v -10.4746 22.5444 -6.6694
v -10.4746 19.6702 -6.6694
v -8.3076 22.5444 -6.6694
v -7.8259 19.1884 -6.6694
v -8.3076 19.6702 -6.6694
v -10.4746 18.7067 -6.6694
v -10.4746 15.8325 -6.6694
v -8.3076 18.7067 -6.6694
v -8.3076 15.8325 -6.6694
v -7.8259 7.6754 -6.6694
v -8.3076 4.3194 -6.6694
v -8.3076 7.1937 -6.6694
v -10.4746 4.3194 -6.6694
v -10.9563 7.6754 -6.6694
v -10.4746 7.1937 -6.6694
v -8.3076 8.1571 -6.6694
v -8.3076 11.0314 -6.6694
v -10.4746 8.1571 -6.6694
v -10.4746 11.0314 -6.6694
v -7.3442 22.5444 -6.6694
v -7.3442 19.6702 -6.6694
v -5.1773 22.5444 -6.6694
v -4.6955 19.1884 -6.6694
v -5.1773 19.6702 -6.6694
v -7.3442 18.7067 -6.6694
v -7.3442 15.8325 -6.6694
v -5.1773 18.7067 -6.6694
v -5.1773 15.8325 -6.6694
v -4.6955 7.6754 -6.6694
v -5.1773 4.3194 -6.6694
v -5.1773 7.1937 -6.6694
v -7.3442 4.3194 -6.6694
v -7.3442 7.1937 -6.6694
v -5.1773 8.1571 -6.6694
v -5.1773 11.0314 -6.6694
v -7.3442 8.1571 -6.6694
v -7.3442 11.0314 -6.6694
v -4.2138 22.5444 -6.6694
v -4.2138 19.6702 -6.6694
v -2.0469 22.5444 -6.6694
v -2.0469 19.6702 -6.6694
v -4.2138 18.7067 -6.6694
v -4.2138 15.8325 -6.6694
v -2.0469 18.7067 -6.6694
v -2.0469 15.8325 -6.6694
v -2.0469 4.3194 -6.6694
v -2.0469 7.1937 -6.6694
v -4.2138 4.3194 -6.6694
v -4.2138 7.1937 -6.6694
v -2.0469 8.1571 -6.6694
v -2.0469 11.0314 -6.6694
v -4.2138 8.1571 -6.6694
v -4.2138 11.0314 -6.6694
v 10.9563 7.6754 -6.6694
v 10.4746 4.3194 -6.6694
v 10.4746 7.1937 -6.6694
v 8.3076 4.3194 -6.6694
v 7.8259 7.6754 -6.6694
v 8.3076 7.1937 -6.6694
v 10.4746 8.1571 -6.6694
v 10.4746 11.0314 -6.6694
v 8.3076 8.1571 -6.6694
v 8.3076 11.0314 -6.6694
v 7.8259 19.1884 -6.6694
v 8.3076 22.5444 -6.6694
v 8.3076 19.6702 -6.6694
v 10.4746 22.5444 -6.6694
v 10.9563 19.1884 -6.6694
v 10.4746 19.6702 -6.6694
v 8.3076 18.7067 -6.6694
v 8.3076 15.8325 -6.6694
v 10.4746 18.7067 -6.6694
v 10.4746 15.8325 -6.6694
v 7.3442 4.3194 -6.6694
v 7.3442 7.1937 -6.6694
v 5.1773 4.3194 -6.6694
v 4.6955 7.6754 -6.6694
v 5.1773 7.1937 -6.6694
v 7.3442 8.1571 -6.6694
v 7.3442 11.0314 -6.6694
v 5.1773 8.1571 -6.6694
v 5.1773 11.0314 -6.6694
v 4.6955 19.1884 -6.6694
v 5.1773 22.5444 -6.6694
v 5.1773 19.6702 -6.6694
v 7.3442 22.5444 -6.6694
v 7.3442 19.6702 -6.6694
v 5.1773 18.7067 -6.6694
v 5.1773 15.8325 -6.6694
v 7.3442 18.7067 -6.6694
v 7.3442 15.8325 -6.6694
v 4.2138 4.3194 -6.6694
v 4.2138 7.1937 -6.6694
v 2.0469 4.3194 -6.6694
v 2.0469 7.1937 -6.6694
v 4.2138 8.1571 -6.6694
v 4.2138 11.0314 -6.6694
v 2.0469 8.1571 -6.6694
v 2.0469 11.0314 -6.6694
v 2.0469 22.5444 -6.6694
v 2.0469 19.6702 -6.6694
v 4.2138 22.5444 -6.6694
v 4.2138 19.6702 -6.6694
v 2.0469 18.7067 -6.6694
v 2.0469 15.8325 -6.6694
v 4.2138 18.7067 -6.6694
v 4.2138 15.8325 -6.6694
v 10.9563 11.5131 -0.9528
v 10.9563 15.3508 -0.9528
v 10.9563 15.3508 0.9528
v 10.9563 11.5131 0.9528
v -10.9563 11.5131 0.9528
v -10.9563 15.3508 0.9528
v -10.9563 15.3508 -0.9528
v -10.9563 11.5131 -0.9528
v 10.9563 15.3508 -4.7639
v 10.9563 11.5131 -4.7639
v 10.9563 15.3508 -2.8583
v 10.9563 11.5131 -2.8583
v 10.9563 11.5131 4.7639
v 10.9563 15.3508 4.7639
v 10.9563 11.5131 2.8583
v 10.9563 15.3508 2.8583
v -10.9563 15.3508 4.7639
v -10.9563 11.5131 4.7639
v -10.9563 15.3508 2.8583
v -10.9563 11.5131 2.8583
v -10.9563 11.5131 -4.7639
v -10.9563 15.3508 -4.7639
v -10.9563 11.5131 -2.8583
v -10.9563 15.3508 -2.8583
v 10.9563 19.1884 -0.9528
v 10.9563 19.1884 0.9528
v 10.9563 7.6754 0.9528
v 10.9563 7.6754 -0.9528
v -10.9563 19.1884 0.9528
v -10.9563 19.1884 -0.9528
v -10.9563 7.6754 -0.9528
v -10.9563 7.6754 0.9528
v 10.9563 19.1884 -4.7639
v 10.9563 7.6754 -4.7639
v 10.9563 19.1884 -2.8583
v 10.9563 7.6754 -2.8583
v 10.9563 7.6754 4.7639
v 10.9563 19.1884 4.7639
v 10.9563 7.6754 2.8583
v 10.9563 19.1884 2.8583
v -10.9563 19.1884 4.7639
v -10.9563 7.6754 4.7639
v -10.9563 19.1884 2.8583
v -10.9563 7.6754 2.8583
v -10.9563 7.6754 -4.7639
v -10.9563 19.1884 -4.7639
v -10.9563 7.6754 -2.8583
v -10.9563 19.1884 -2.8583
#end vertices

#begin 1224 textures vertices 
vt 0.8235323 0.8729133 0
vt 0.8235323 0.8466518 0
vt 0.866673 0.8466518 0
vt 0.866673 0.8729133 0
vt 0.546238 0.08268795 0
vt 0.546238 0.1089494 0
vt 0.5030973 0.1089494 0
vt 0.5030973 0.08268795 0
vt 0.5147867 0.578393 0
vt 0.5159532 0.5401379 0
vt 0.5440024 0.5409742 0
vt 0.5428888 0.5793434 0
vt 0.1147842 0.6012877 0
vt 0.1142866 0.6466719 0
vt 0.09595991 0.6463994 0
vt 0.0964572 0.6010155 0
vt 0.1992704 0.1958525 0
vt 0.1978316 0.2336731 0
vt 0.1705176 0.2326384 0
vt 0.1719403 0.1948857 0
vt 0.80558 0.1682449 0
vt 0.8053849 0.2132481 0
vt 0.7871027 0.2131493 0
vt 0.7872977 0.168146 0
vt 0.6941115 0.8729133 0
vt 0.6941115 0.8466518 0
vt 0.7372522 0.8466518 0
vt 0.7372522 0.8729133 0
vt 0.7803929 0.8466518 0
vt 0.7803929 0.8729133 0
vt 0.9960937 0.8466518 0
vt 0.9960937 0.8729133 0
vt 0.952953 0.8729133 0
vt 0.952953 0.8466518 0
vt 0.9098123 0.8729133 0
vt 0.9098123 0.8466518 0
vt 0.6756588 0.08268795 0
vt 0.6756588 0.1089494 0
vt 0.632518 0.1089494 0
vt 0.632518 0.08268795 0
vt 0.5893773 0.1089494 0
vt 0.5893773 0.08268795 0
vt 0.3736765 0.1089494 0
vt 0.3736765 0.08268795 0
vt 0.4168172 0.08268795 0
vt 0.4168172 0.1089494 0
vt 0.4599579 0.08268795 0
vt 0.4599579 0.1089494 0
vt 0.3675908 0.5741339 0
vt 0.3688712 0.5366164 0
vt 0.3972259 0.5376535 0
vt 0.3959807 0.5754207 0
vt 0.4169156 0.5757741 0
vt 0.4181815 0.5378983 0
vt 0.4463205 0.5388829 0
vt 0.4450948 0.5768938 0
vt 0.4659137 0.5771617 0
vt 0.4671382 0.5390795 0
vt 0.4951812 0.539993 0
vt 0.4940022 0.5781821 0
vt 0.6916059 0.5424187 0
vt 0.6907248 0.5822079 0
vt 0.6622174 0.5814806 0
vt 0.6631482 0.542197 0
vt 0.6421132 0.5423642 0
vt 0.6411806 0.5814163 0
vt 0.6128262 0.580551 0
vt 0.6138335 0.5417952 0
vt 0.5929358 0.5417934 0
vt 0.5919072 0.5804156 0
vt 0.563711 0.5795128 0
vt 0.5648054 0.5410608 0
vt 0.3536872 0.1985552 0
vt 0.3521599 0.2372352 0
vt 0.3243176 0.2357537 0
vt 0.3258485 0.1973967 0
vt 0.3017827 0.1975048 0
vt 0.3002731 0.235688 0
vt 0.2726763 0.2344649 0
vt 0.2741754 0.1964336 0
vt 0.2503519 0.1966201 0
vt 0.2488691 0.2345617 0
vt 0.2214711 0.2335012 0
vt 0.2229382 0.1956223 0
vt 0.01648654 0.2302346 0
vt 0.01785588 0.1928635 0
vt 0.04562742 0.1937908 0
vt 0.04428267 0.2312826 0
vt 0.06824224 0.2310627 0
vt 0.06962069 0.1935219 0
vt 0.0971341 0.1944597 0
vt 0.09576387 0.2320575 0
vt 0.1195129 0.2318333 0
vt 0.1209088 0.1941951 0
vt 0.1482761 0.1951404 0
vt 0.1468836 0.2328421 0
vt 0.8235323 0.7941302 0
vt 0.8235323 0.7678701 0
vt 0.866673 0.7678701 0
vt 0.866673 0.7941302 0
vt 0.8235323 0.8203917 0
vt 0.866673 0.8203917 0
vt 0.866673 0.9254349 0
vt 0.866673 0.951695 0
vt 0.8235323 0.951695 0
vt 0.8235323 0.9254349 0
vt 0.866673 0.8991734 0
vt 0.8235323 0.8991734 0
vt 0.546238 0.161471 0
vt 0.546238 0.1877311 0
vt 0.5030973 0.1877311 0
vt 0.5030973 0.161471 0
vt 0.546238 0.1352095 0
vt 0.5030973 0.1352095 0
vt 0.5030973 0.03016636 0
vt 0.5030973 0.00390625 0
vt 0.546238 0.00390625 0
vt 0.546238 0.03016636 0
vt 0.5030973 0.05642784 0
vt 0.546238 0.05642784 0
vt 0.2015516 0.601883 0
vt 0.2010513 0.6475865 0
vt 0.1826243 0.6472317 0
vt 0.1831279 0.6016503 0
vt 0.1725633 0.601685 0
vt 0.1720641 0.6472388 0
vt 0.1536876 0.6469157 0
vt 0.1541867 0.6014477 0
vt 0.1436475 0.6014986 0
vt 0.1431492 0.6469355 0
vt 0.1248108 0.6466394 0
vt 0.1253088 0.6012449 0
vt 0.0091934 0.6458165 0
vt 0.009691253 0.6001133 0
vt 0.02811839 0.6004635 0
vt 0.02761701 0.6460446 0
vt 0.03818149 0.6460079 0
vt 0.03867865 0.6004542 0
vt 0.05705548 0.6007746 0
vt 0.0565579 0.6462423 0
vt 0.06709698 0.6461903 0
vt 0.067594 0.6007536 0
vt 0.08593276 0.6010484 0
vt 0.08543539 0.6464426 0
vt 0.8859556 0.1685504 0
vt 0.8857626 0.2135568 0
vt 0.8674438 0.2134518 0
vt 0.867641 0.1684507 0
vt 0.8591419 0.1684426 0
vt 0.8589466 0.2134498 0
vt 0.8406473 0.2133497 0
vt 0.8408426 0.1683444 0
vt 0.8323519 0.1683439 0
vt 0.8321567 0.2133485 0
vt 0.8138716 0.213249 0
vt 0.8140667 0.1682455 0
vt 0.706727 0.2128439 0
vt 0.7069201 0.1678375 0
vt 0.7252388 0.1679424 0
vt 0.7250416 0.2129436 0
vt 0.7335408 0.2129516 0
vt 0.733736 0.1679444 0
vt 0.7520354 0.1680445 0
vt 0.7518401 0.2130498 0
vt 0.7603307 0.2130503 0
vt 0.7605259 0.1680457 0
vt 0.7788111 0.1681451 0
vt 0.778616 0.2131486 0
vt 0.6941115 0.7941302 0
vt 0.6941115 0.7678701 0
vt 0.7372522 0.7678701 0
vt 0.7372522 0.7941302 0
vt 0.6941115 0.8203917 0
vt 0.7372522 0.8203917 0
vt 0.7372522 0.9254349 0
vt 0.7372522 0.951695 0
vt 0.6941115 0.951695 0
vt 0.6941115 0.9254349 0
vt 0.7372522 0.8991734 0
vt 0.6941115 0.8991734 0
vt 0.7803929 0.7678701 0
vt 0.7803929 0.7941302 0
vt 0.7803929 0.8203917 0
vt 0.7803929 0.9254349 0
vt 0.7803929 0.951695 0
vt 0.7803929 0.8991734 0
vt 0.9960937 0.9254349 0
vt 0.9960937 0.951695 0
vt 0.952953 0.951695 0
vt 0.952953 0.9254349 0
vt 0.9960937 0.8991734 0
vt 0.952953 0.8991734 0
vt 0.952953 0.7941302 0
vt 0.952953 0.7678701 0
vt 0.9960938 0.7678701 0
vt 0.9960937 0.7941302 0
vt 0.952953 0.8203917 0
vt 0.9960937 0.8203917 0
vt 0.9098123 0.951695 0
vt 0.9098123 0.9254349 0
vt 0.9098123 0.8991734 0
vt 0.9098123 0.7941302 0
vt 0.9098123 0.7678701 0
vt 0.9098123 0.8203917 0
vt 0.6756588 0.161471 0
vt 0.6756588 0.1877311 0
vt 0.632518 0.1877311 0
vt 0.632518 0.161471 0
vt 0.6756588 0.1352095 0
vt 0.632518 0.1352095 0
vt 0.632518 0.03016636 0
vt 0.632518 0.00390625 0
vt 0.6756588 0.00390625 0
vt 0.6756588 0.03016636 0
vt 0.632518 0.05642784 0
vt 0.6756588 0.05642784 0
vt 0.5893773 0.1877311 0
vt 0.5893773 0.161471 0
vt 0.5893773 0.1352095 0
vt 0.5893773 0.03016636 0
vt 0.5893773 0.00390625 0
vt 0.5893773 0.05642784 0
vt 0.3736765 0.03016636 0
vt 0.3736765 0.00390625 0
vt 0.4168172 0.00390625 0
vt 0.4168172 0.03016636 0
vt 0.3736765 0.05642784 0
vt 0.4168172 0.05642784 0
vt 0.4168172 0.161471 0
vt 0.4168172 0.1877311 0
vt 0.3736765 0.1877311 0
vt 0.3736765 0.161471 0
vt 0.4168172 0.1352095 0
vt 0.3736765 0.1352095 0
vt 0.4599579 0.00390625 0
vt 0.4599579 0.03016636 0
vt 0.4599579 0.05642784 0
vt 0.4599579 0.161471 0
vt 0.4599579 0.1877311 0
vt 0.4599579 0.1352095 0
vt 0.5062365 0.4125386 0
vt 0.5541162 0.4129254 0
vt 0.5163123 0.4610785 0
vt 0.5166007 0.4226939 0
vt 0.544179 0.4232242 0
vt 0.544113 0.4617111 0
vt 0.5159225 0.5197843 0
vt 0.5165834 0.481476 0
vt 0.5444377 0.4821442 0
vt 0.5439521 0.5205739 0
vt 0.5477276 0.70712 0
vt 0.4994548 0.7055421 0
vt 0.540213 0.6584141 0
vt 0.5378417 0.6967334 0
vt 0.5100695 0.6955575 0
vt 0.5122773 0.6572847 0
vt 0.5426077 0.5997178 0
vt 0.5408083 0.6380414 0
vt 0.5128141 0.6369583 0
vt 0.5145299 0.5987174 0
vt 0.1181088 0.7618664 0
vt 0.09022002 0.7616784 0
vt 0.1136919 0.7115712 0
vt 0.1130292 0.7569875 0
vt 0.09528736 0.7567546 0
vt 0.0955806 0.7112996 0
vt 0.1142832 0.6564239 0
vt 0.1137051 0.7018027 0
vt 0.09555936 0.7015435 0
vt 0.09596735 0.6561492 0
vt 0.09263304 0.4858225 0
vt 0.1205238 0.4860102 0
vt 0.09705095 0.5361163 0
vt 0.09771312 0.4907022 0
vt 0.1154561 0.4909351 0
vt 0.1151633 0.5363878 0
vt 0.09646053 0.5912626 0
vt 0.09703774 0.5458859 0
vt 0.1151846 0.5461446 0
vt 0.1147768 0.5915368 0
vt 0.2052772 0.367964 0
vt 0.1552624 0.3668578 0
vt 0.1958407 0.3184492 0
vt 0.1937767 0.3562667 0
vt 0.1669127 0.3550937 0
vt 0.1687814 0.317269 0
vt 0.1978834 0.2571684 0
vt 0.1960365 0.2949869 0
vt 0.1688705 0.2938275 0
vt 0.170614 0.2560753 0
vt 0.1610773 0.06097947 0
vt 0.2112941 0.06129251 0
vt 0.172266 0.1103085 0
vt 0.1730179 0.07248157 0
vt 0.2000004 0.07324056 0
vt 0.1994375 0.1111286 0
vt 0.1716585 0.1714776 0
vt 0.1727641 0.1337112 0
vt 0.1999824 0.1345625 0
vt 0.1989881 0.1723975 0
vt 0.8091409 0.3242549 0
vt 0.7825316 0.3241593 0
vt 0.8051516 0.2750556 0
vt 0.8049278 0.3200517 0
vt 0.7867509 0.3199582 0
vt 0.7869113 0.2749551 0
vt 0.8053753 0.2216489 0
vt 0.8051646 0.2666526 0
vt 0.786917 0.2665544 0
vt 0.787095 0.2215501 0
vt 0.7835418 0.05713807 0
vt 0.8101512 0.0572337 0
vt 0.7875311 0.1063373 0
vt 0.7877549 0.06134254 0
vt 0.8059319 0.06143607 0
vt 0.8057714 0.1064378 0
vt 0.7873074 0.159744 0
vt 0.787518 0.1147416 0
vt 0.8057656 0.1148398 0
vt 0.8055876 0.1598428 0
vt 0.3631319 0.4114857 0
vt 0.410555 0.411655 0
vt 0.3706532 0.4591274 0
vt 0.3729387 0.4214423 0
vt 0.4003325 0.4218404 0
vt 0.3988537 0.4598012 0
vt 0.369023 0.5166956 0
vt 0.3702995 0.4790821 0
vt 0.3985985 0.4798271 0
vt 0.397408 0.5176271 0
vt 0.4031874 0.7019196 0
vt 0.3556911 0.6997415 0
vt 0.3942416 0.6534329 0
vt 0.3931221 0.6914512 0
vt 0.3656885 0.6899131 0
vt 0.366037 0.6518175 0
vt 0.3957494 0.5954675 0
vt 0.3944117 0.6333071 0
vt 0.3660702 0.6317614 0
vt 0.3673945 0.5940786 0
vt 0.4583408 0.4120485 0
vt 0.4195319 0.4597364 0
vt 0.4206928 0.4217132 0
vt 0.4482269 0.422252 0
vt 0.4474341 0.4604323 0
vt 0.418304 0.5177842 0
vt 0.4194607 0.4798976 0
vt 0.4474233 0.4806497 0
vt 0.4464374 0.5187022 0
vt 0.4512149 0.7038523 0
vt 0.4429891 0.6553286 0
vt 0.4412195 0.6934459 0
vt 0.4135642 0.6920604 0
vt 0.4150177 0.6539861 0
vt 0.4448516 0.5970766 0
vt 0.4433541 0.635103 0
vt 0.4153008 0.6338162 0
vt 0.4167046 0.5958927 0
vt 0.4679858 0.4604126 0
vt 0.468623 0.4221798 0
vt 0.4962052 0.4227717 0
vt 0.4957994 0.4611118 0
vt 0.4671894 0.5188322 0
vt 0.4681004 0.4807082 0
vt 0.4959613 0.4814486 0
vt 0.4952173 0.5196968 0
vt 0.4916005 0.656943 0
vt 0.4895033 0.6951637 0
vt 0.4617513 0.693919 0
vt 0.4636774 0.6557456 0
vt 0.4937401 0.598464 0
vt 0.492088 0.6366414 0
vt 0.4641077 0.6354888 0
vt 0.4656766 0.5973938 0
vt 0.6910766 0.7142098 0
vt 0.6437458 0.7108911 0
vt 0.6867177 0.6640878 0
vt 0.6820387 0.7031524 0
vt 0.6546271 0.7010719 0
vt 0.6584957 0.6622534 0
vt 0.6903764 0.6033405 0
vt 0.6880547 0.643129 0
vt 0.6596192 0.6415375 0
vt 0.6619166 0.6023785 0
vt 0.6495179 0.4124922 0
vt 0.6968 0.410872 0
vt 0.6615805 0.4613611 0
vt 0.6602025 0.4224405 0
vt 0.6875741 0.4218027 0
vt 0.689788 0.4609774 0
vt 0.6627911 0.5213048 0
vt 0.6625587 0.4821358 0
vt 0.6909169 0.4818126 0
vt 0.6912454 0.521365 0
vt 0.5958807 0.708786 0
vt 0.6376719 0.6616212 0
vt 0.6342347 0.7002593 0
vt 0.6066255 0.6988209 0
vt 0.6096162 0.6602854 0
vt 0.6408446 0.6021169 0
vt 0.6386441 0.6410031 0
vt 0.6104558 0.6397809 0
vt 0.6125304 0.6011333 0
vt 0.6019163 0.4130121 0
vt 0.6129996 0.4617695 0
vt 0.6124533 0.4230844 0
vt 0.639923 0.4230949 0
vt 0.6409265 0.4619657 0
vt 0.6135852 0.5211585 0
vt 0.6136487 0.4823878 0
vt 0.6416846 0.4826311 0
vt 0.6418382 0.5216366 0
vt 0.5888817 0.659892 0
vt 0.5861233 0.6983331 0
vt 0.5583985 0.6971192 0
vt 0.5609068 0.658738 0
vt 0.5916016 0.6009092 0
vt 0.5896217 0.6394286 0
vt 0.5615639 0.6383391 0
vt 0.5634358 0.599938 0
vt 0.5646165 0.4615842 0
vt 0.5645505 0.4230557 0
vt 0.5920965 0.4234101 0
vt 0.5924303 0.4620372 0
vt 0.5646788 0.5205905 0
vt 0.5650674 0.4820925 0
vt 0.5929647 0.4825884 0
vt 0.5927867 0.5212599 0
vt 0.3537055 0.3731965 0
vt 0.3047046 0.3707385 0
vt 0.3479676 0.3232266 0
vt 0.3432188 0.3610378 0
vt 0.3167191 0.3591947 0
vt 0.3204897 0.3212387 0
vt 0.3518593 0.2611386 0
vt 0.3491736 0.2995859 0
vt 0.3214741 0.297696 0
vt 0.3240759 0.2595096 0
vt 0.3112832 0.06168725 0
vt 0.3604305 0.06078785 0
vt 0.3245154 0.1114247 0
vt 0.3235421 0.07317693 0
vt 0.3501676 0.07331169 0
vt 0.3521402 0.1119255 0
vt 0.3253984 0.1735761 0
vt 0.3257936 0.1351953 0
vt 0.3535749 0.1357992 0
vt 0.3532669 0.1745739 0
vt 0.2551542 0.3691519 0
vt 0.2969197 0.3209298 0
vt 0.2936742 0.3588374 0
vt 0.2669828 0.3574354 0
vt 0.2697511 0.3194979 0
vt 0.3000851 0.2593187 0
vt 0.2976016 0.2973539 0
vt 0.2702844 0.2959807 0
vt 0.2725571 0.2580213 0
vt 0.2614645 0.06159457 0
vt 0.2735735 0.1111702 0
vt 0.2735667 0.07315154 0
vt 0.3004112 0.07380514 0
vt 0.3008895 0.1119797 0
vt 0.2737768 0.172831 0
vt 0.2744305 0.1347843 0
vt 0.3018568 0.135635 0
vt 0.3013811 0.1738373 0
vt 0.2463336 0.3194963 0
vt 0.2438413 0.3573949 0
vt 0.2170307 0.3562038 0
vt 0.2192673 0.3183386 0
vt 0.2488027 0.2580945 0
vt 0.246666 0.2959909 0
vt 0.2194857 0.2948787 0
vt 0.2214546 0.2570009 0
vt 0.222905 0.1107254 0
vt 0.2233061 0.07280841 0
vt 0.2502892 0.07353701 0
vt 0.2501042 0.1114661 0
vt 0.2226175 0.1721217 0
vt 0.2235404 0.1342391 0
vt 0.2507913 0.135098 0
vt 0.2500263 0.1730774 0
vt 0.01184672 0.06068122 0
vt 0.06105344 0.06068479 0
vt 0.01974789 0.1093496 0
vt 0.0228927 0.07203698 0
vt 0.04949498 0.07258486 0
vt 0.04730955 0.1101173 0
vt 0.01772497 0.1697881 0
vt 0.01941537 0.1323891 0
vt 0.0471285 0.1331858 0
vt 0.04552186 0.1706494 0
vt 0.05555245 0.3647144 0
vt 0.006381133 0.3638098 0
vt 0.04410023 0.3153463 0
vt 0.04372765 0.3530273 0
vt 0.01713202 0.3519584 0
vt 0.01656318 0.3141309 0
vt 0.04454855 0.2544864 0
vt 0.04349192 0.2920622 0
vt 0.01576872 0.2909042 0
vt 0.01679194 0.2533697 0
vt 0.1109256 0.06075041 0
vt 0.07092578 0.1096159 0
vt 0.07264555 0.07205865 0
vt 0.09948677 0.0726797 0
vt 0.09818 0.110359 0
vt 0.06945659 0.1703204 0
vt 0.07101306 0.1328284 0
vt 0.09834915 0.1336125 0
vt 0.09696388 0.1712089 0
vt 0.1052978 0.3657763 0
vt 0.09490467 0.3163665 0
vt 0.0936308 0.3540942 0
vt 0.06684837 0.3529562 0
vt 0.06771688 0.3152329 0
vt 0.0959684 0.2553538 0
vt 0.09463929 0.2929973 0
vt 0.06732993 0.2919151 0
vt 0.06849823 0.2543077 0
vt 0.1216496 0.1099141 0
vt 0.1227535 0.07219691 0
vt 0.1497059 0.07291232 0
vt 0.1488241 0.1107049 0
vt 0.1206764 0.1708842 0
vt 0.12198 0.1332417 0
vt 0.1492033 0.1340679 0
vt 0.1480362 0.1717856 0
vt 0.1454082 0.3173705 0
vt 0.1436837 0.355165 0
vt 0.1168278 0.3540151 0
vt 0.118333 0.3162459 0
vt 0.1469997 0.2562214 0
vt 0.145378 0.2939347 0
vt 0.1182125 0.2928504 0
vt 0.1196784 0.2551656 0
vt 0.1737779 0.7626681 0
vt 0.1995929 0.7129366 0
vt 0.1966477 0.7584134 0
vt 0.179014 0.7578355 0
vt 0.1812632 0.7123776 0
vt 0.2009895 0.6574131 0
vt 0.1998917 0.7031374 0
vt 0.1815083 0.7025962 0
vt 0.1825708 0.6570489 0
vt 0.1762019 0.4859895 0
vt 0.1827334 0.5364012 0
vt 0.1814489 0.4908281 0
vt 0.199086 0.4907621 0
vt 0.2010743 0.5364728 0
vt 0.1830638 0.5918258 0
vt 0.1829939 0.5462262 0
vt 0.2013761 0.5462856 0
vt 0.2014909 0.5920525 0
vt 0.1459747 0.7621796 0
vt 0.1708044 0.712297 0
vt 0.1688457 0.7577279 0
vt 0.1511508 0.7573105 0
vt 0.1526111 0.7118731 0
vt 0.1720135 0.6570162 0
vt 0.1709952 0.7025213 0
vt 0.1527586 0.7021177 0
vt 0.1536469 0.6566816 0
vt 0.1483942 0.4860771 0
vt 0.1540815 0.5364133 0
vt 0.1535812 0.4909203 0
vt 0.1712814 0.4909803 0
vt 0.1722825 0.5365606 0
vt 0.1541414 0.5916739 0
vt 0.154239 0.5461996 0
vt 0.172478 0.5463386 0
vt 0.1725114 0.5919038 0
vt 0.1422042 0.7118699 0
vt 0.1409585 0.7572776 0
vt 0.1232303 0.7569672 0
vt 0.1240755 0.7115323 0
vt 0.1431204 0.6566939 0
vt 0.1423021 0.7021014 0
vt 0.1241364 0.7017791 0
vt 0.1247933 0.6563913 0
vt 0.1255466 0.5363127 0
vt 0.1256577 0.4908718 0
vt 0.1433898 0.4910291 0
vt 0.1436781 0.5365257 0
vt 0.1252867 0.5914872 0
vt 0.1256161 0.5460876 0
vt 0.1437825 0.5462904 0
vt 0.1436159 0.5917388 0
vt 0.03696062 0.4850248 0
vt 0.01114621 0.5347605 0
vt 0.0140903 0.4892834 0
vt 0.03172443 0.4898591 0
vt 0.02947629 0.5353161 0
vt 0.009752334 0.5902855 0
vt 0.01084784 0.5445612 0
vt 0.02923164 0.5450988 0
vt 0.02817119 0.5906451 0
vt 0.03454521 0.7617017 0
vt 0.02801411 0.7112914 0
vt 0.02929843 0.7568648 0
vt 0.01166159 0.7569323 0
vt 0.009673548 0.7112228 0
vt 0.02768184 0.6558678 0
vt 0.0277533 0.7014678 0
vt 0.009371289 0.7014117 0
vt 0.009254888 0.6556456 0
vt 0.06476524 0.4855106 0
vt 0.03993544 0.5353952 0
vt 0.04189312 0.4899656 0
vt 0.05958897 0.4903813 0
vt 0.05812957 0.5358168 0
vt 0.03872877 0.5906758 0
vt 0.03974501 0.545172 0
vt 0.05798237 0.5455733 0
vt 0.05709564 0.5910076 0
vt 0.06235146 0.7616122 0
vt 0.05666479 0.711276 0
vt 0.05716483 0.7567703 0
vt 0.03946547 0.7567118 0
vt 0.03846464 0.7111306 0
vt 0.05660369 0.6560149 0
vt 0.05650712 0.7014907 0
vt 0.03826884 0.7013539 0
vt 0.03823392 0.6557878 0
vt 0.068537 0.5358191 0
vt 0.06978194 0.4904134 0
vt 0.08751126 0.490723 0
vt 0.08666668 0.5361556 0
vt 0.06762251 0.5909943 0
vt 0.0684393 0.5455886 0
vt 0.08660598 0.5459097 0
vt 0.08595008 0.5912955 0
vt 0.08519824 0.7113746 0
vt 0.0850866 0.7568178 0
vt 0.06735554 0.7566611 0
vt 0.06706776 0.7111626 0
vt 0.08545777 0.6561991 0
vt 0.08512853 0.7016006 0
vt 0.06696312 0.7013991 0
vt 0.06712889 0.655949 0
vt 0.8623312 0.3244675 0
vt 0.8853676 0.2753769 0
vt 0.8847188 0.3203771 0
vt 0.8665737 0.3202695 0
vt 0.8670741 0.2752696 0
vt 0.8857409 0.2219638 0
vt 0.8854286 0.2669704 0
vt 0.8671211 0.2668621 0
vt 0.8674269 0.2218605 0
vt 0.8633406 0.05741095 0
vt 0.8676906 0.1066232 0
vt 0.8675768 0.06161976 0
vt 0.8857184 0.06171295 0
vt 0.885985 0.1067222 0
vt 0.8676375 0.1600403 0
vt 0.867723 0.1150369 0
vt 0.886025 0.1151322 0
vt 0.8859555 0.1601417 0
vt 0.8357437 0.3243565 0
vt 0.8585917 0.2752619 0
vt 0.8581419 0.3202619 0
vt 0.8399779 0.3201582 0
vt 0.8403325 0.2751568 0
vt 0.8589291 0.2218512 0
vt 0.8586329 0.2668584 0
vt 0.8403643 0.266756 0
vt 0.8406315 0.2217508 0
vt 0.8367538 0.05732453 0
vt 0.8409515 0.1065303 0
vt 0.8409815 0.06152834 0
vt 0.8591451 0.0616157 0
vt 0.8592107 0.106627 0
vt 0.8408441 0.1599418 0
vt 0.8409649 0.1149357 0
vt 0.8592331 0.1150305 0
vt 0.8591416 0.1600397 0
vt 0.8318616 0.2751571 0
vt 0.8315403 0.3201525 0
vt 0.8133678 0.320055 0
vt 0.8136184 0.2750541 0
vt 0.832143 0.2217494 0
vt 0.8318876 0.2667541 0
vt 0.8136366 0.2666536 0
vt 0.8138598 0.2216498 0
vt 0.8142381 0.1064353 0
vt 0.8143718 0.06143773 0
vt 0.8325441 0.06152805 0
vt 0.8324811 0.1065337 0
vt 0.8140722 0.1598433 0
vt 0.8142376 0.11484 0
vt 0.8324882 0.1149363 0
vt 0.8323555 0.1599415 0
vt 0.7303514 0.05692544 0
vt 0.7073151 0.1060161 0
vt 0.7079639 0.06101723 0
vt 0.726109 0.0611248 0
vt 0.7256086 0.1061233 0
vt 0.7069418 0.1594291 0
vt 0.7072541 0.1144239 0
vt 0.7255615 0.1145322 0
vt 0.7252558 0.1595324 0
vt 0.7293422 0.3239822 0
vt 0.7249921 0.2747698 0
vt 0.725106 0.3197747 0
vt 0.7069644 0.3196817 0
vt 0.7066977 0.274671 0
vt 0.7250452 0.2213527 0
vt 0.7249597 0.2663575 0
vt 0.7066577 0.2662623 0
vt 0.7067272 0.2212513 0
vt 0.756939 0.05703644 0
vt 0.734091 0.106131 0
vt 0.7345407 0.06113244 0
vt 0.7527048 0.0612361 0
vt 0.7523502 0.1062361 0
vt 0.7337536 0.1595417 0
vt 0.7340498 0.1145358 0
vt 0.7523184 0.1146382 0
vt 0.7520511 0.159642 0
vt 0.755929 0.3240685 0
vt 0.7517312 0.2748627 0
vt 0.7517013 0.319866 0
vt 0.7335377 0.3197788 0
vt 0.7334719 0.274766 0
vt 0.7518386 0.2214511 0
vt 0.7517178 0.2664586 0
vt 0.7334495 0.2663638 0
vt 0.733541 0.2213532 0
vt 0.760821 0.1062358 0
vt 0.7611424 0.06124171 0
vt 0.7793149 0.06133923 0
vt 0.7790642 0.1063388 0
vt 0.7605397 0.1596434 0
vt 0.760795 0.1146401 0
vt 0.7790461 0.1147406 0
vt 0.7788228 0.159743 0
vt 0.7784446 0.2749576 0
vt 0.778311 0.3199566 0
vt 0.7601386 0.3198663 0
vt 0.7602016 0.2748592 0
vt 0.7786105 0.2215495 0
vt 0.7784451 0.2665543 0
vt 0.7601944 0.266458 0
vt 0.7603272 0.2214514 0
vt 0.5043101 0.5884487 0
vt 0.5056111 0.5299147 0
vt 0.5123957 0.5371411 0
vt 0.5114275 0.581605 0
vt 0.5544113 0.5308154 0
vt 0.5473291 0.5377263 0
vt 0.553217 0.5896367 0
vt 0.5464299 0.5823625 0
vt 0.2109936 0.1839935 0
vt 0.2096921 0.2453342 0
vt 0.2028068 0.2378945 0
vt 0.2037787 0.1911326 0
vt 0.1587891 0.2444395 0
vt 0.1659991 0.2373397 0
vt 0.16001 0.1833191 0
vt 0.1669276 0.1907078 0
vt 0.3569357 0.5838471 0
vt 0.3583862 0.5265619 0
vt 0.3652619 0.5336677 0
vt 0.3641592 0.5772482 0
vt 0.4078093 0.5277434 0
vt 0.400616 0.5344796 0
vt 0.4063672 0.5856587 0
vt 0.3995353 0.5784287 0
vt 0.4146113 0.5349196 0
vt 0.4135258 0.5789373 0
vt 0.456808 0.5288829 0
vt 0.4496775 0.5356815 0
vt 0.4554221 0.5871437 0
vt 0.4486346 0.5799049 0
vt 0.4635831 0.536089 0
vt 0.4625465 0.5803529 0
vt 0.498518 0.5367684 0
vt 0.4975378 0.5811964 0
vt 0.7020866 0.531638 0
vt 0.7012408 0.592827 0
vt 0.6943201 0.5852936 0
vt 0.6949283 0.5390053 0
vt 0.6516412 0.5918716 0
vt 0.6588393 0.5847792 0
vt 0.6525528 0.5319147 0
vt 0.6595087 0.5391999 0
vt 0.6447582 0.5844679 0
vt 0.6454378 0.5390377 0
vt 0.6022894 0.590763 0
vt 0.6094551 0.5838041 0
vt 0.6033491 0.5315248 0
vt 0.6102332 0.5387923 0
vt 0.5954629 0.5834451 0
vt 0.5962593 0.5385151 0
vt 0.5603495 0.5827433 0
vt 0.5612327 0.5380601 0
vt 0.3657163 0.1864934 0
vt 0.3642401 0.2493706 0
vt 0.3572017 0.2416083 0
vt 0.3583205 0.1937904 0
vt 0.3122632 0.2475418 0
vt 0.3196658 0.2404346 0
vt 0.3136838 0.1855719 0
vt 0.3207566 0.193135 0
vt 0.3052932 0.2399688 0
vt 0.3063641 0.1927713 0
vt 0.2607729 0.2462688 0
vt 0.2680904 0.2391586 0
vt 0.2621371 0.184735 0
vt 0.2691299 0.1922101 0
vt 0.253862 0.2387964 0
vt 0.2548852 0.1918949 0
vt 0.2169368 0.2382104 0
vt 0.2179242 0.1914205 0
vt 0.004487576 0.241862 0
vt 0.00564053 0.1814869 0
vt 0.01272207 0.188769 0
vt 0.0118549 0.2348714 0
vt 0.05756635 0.1820609 0
vt 0.05022115 0.1891201 0
vt 0.05639993 0.242789 0
vt 0.049355 0.235434 0
vt 0.0645542 0.1893906 0
vt 0.06367571 0.235736 0
vt 0.1089447 0.1826837 0
vt 0.1016781 0.1897691 0
vt 0.1077528 0.2435973 0
vt 0.1007891 0.236228 0
vt 0.11588 0.1900405 0
vt 0.11498 0.236521 0
vt 0.1527905 0.1904326 0
vt 0.1518763 0.2370381 0
vt 0.5061974 0.4712926 0
vt 0.5130388 0.4197281 0
vt 0.5130692 0.4643498 0
vt 0.5473657 0.4199237 0
vt 0.554595 0.4719064 0
vt 0.5476959 0.464683 0
vt 0.5130142 0.4784966 0
vt 0.5126166 0.5230257 0
vt 0.5476888 0.4788647 0
vt 0.5475275 0.5235678 0
vt 0.550922 0.6483837 0
vt 0.5412627 0.6998033 0
vt 0.5436313 0.6552206 0
vt 0.5066655 0.6987339 0
vt 0.502237 0.6469633 0
vt 0.5088059 0.6542438 0
vt 0.5442919 0.641087 0
vt 0.5459947 0.596501 0
vt 0.5094223 0.6401477 0
vt 0.5110068 0.5956997 0
vt 0.2076682 0.3066961 0
vt 0.1986394 0.360504 0
vt 0.2004011 0.3137798 0
vt 0.1624114 0.3597709 0
vt 0.1571214 0.3055883 0
vt 0.1638725 0.3130405 0
vt 0.2009145 0.2992726 0
vt 0.202411 0.2524575 0
vt 0.1643377 0.2985119 0
vt 0.1656408 0.2518623 0
vt 0.1607969 0.1222001 0
vt 0.1679986 0.06834475 0
vt 0.1678462 0.1150478 0
vt 0.2043594 0.0684806 0
vt 0.2115127 0.1226582 0
vt 0.2044909 0.1152715 0
vt 0.1677334 0.129565 0
vt 0.1671724 0.1761967 0
vt 0.2044224 0.1298223 0
vt 0.2040131 0.1765847 0
vt 0.3598378 0.4691031 0
vt 0.3694923 0.4185143 0
vt 0.3672285 0.4623255 0
vt 0.4035919 0.418578 0
vt 0.4091369 0.4698176 0
vt 0.402397 0.462726 0
vt 0.3666853 0.4761641 0
vt 0.3656152 0.5198598 0
vt 0.4019627 0.4766203 0
vt 0.4009763 0.5205933 0
vt 0.4047669 0.6436584 0
vt 0.3965776 0.6945475 0
vt 0.3976347 0.650306 0
vt 0.3624241 0.6930554 0
vt 0.355417 0.6414364 0
vt 0.3624398 0.6487714 0
vt 0.3979507 0.6363544 0
vt 0.3991619 0.5923271 0
vt 0.3626262 0.634856 0
vt 0.363808 0.5910702 0
vt 0.4171783 0.4187694 0
vt 0.4162131 0.4629683 0
vt 0.4514617 0.4189814 0
vt 0.4577692 0.470558 0
vt 0.4509822 0.4633904 0
vt 0.4158977 0.4769455 0
vt 0.4149421 0.5209763 0
vt 0.450732 0.4774159 0
vt 0.4499927 0.5216847 0
vt 0.4535696 0.6454285 0
vt 0.4446631 0.6965209 0
vt 0.4463836 0.6521688 0
vt 0.4102115 0.6952054 0
vt 0.4115008 0.6509442 0
vt 0.4468605 0.6381449 0
vt 0.4482393 0.5939007 0
vt 0.4119069 0.6369605 0
vt 0.413153 0.5928835 0
vt 0.465079 0.419219 0
vt 0.4647136 0.4636637 0
vt 0.4994188 0.4194909 0
vt 0.499361 0.4640841 0
vt 0.4645429 0.4777367 0
vt 0.4638617 0.5220507 0
vt 0.499238 0.4781945 0
vt 0.4987768 0.5226875 0
vt 0.4929398 0.6982301 0
vt 0.4950038 0.6537622 0
vt 0.4583638 0.6970823 0
vt 0.4601916 0.6527052 0
vt 0.4955796 0.6396818 0
vt 0.4971213 0.5952651 0
vt 0.4607216 0.6386605 0
vt 0.4621461 0.5943801 0
vt 0.6981391 0.6541084 0
vt 0.6852138 0.7064605 0
vt 0.6903094 0.6609282 0
vt 0.651159 0.7041991 0
vt 0.6487047 0.65158 0
vt 0.6550789 0.6591166 0
vt 0.6915202 0.6463463 0
vt 0.6938122 0.6000175 0
vt 0.6561375 0.6447275 0
vt 0.6583602 0.5993018 0
vt 0.6517384 0.4720789 0
vt 0.6565599 0.4195372 0
vt 0.658421 0.4647746 0
vt 0.6905584 0.4183152 0
vt 0.7010467 0.4709036 0
vt 0.6935783 0.4638281 0
vt 0.6588663 0.4792104 0
vt 0.6595144 0.5246766 0
vt 0.6941435 0.47835 0
vt 0.6949368 0.5243329 0
vt 0.6375518 0.7034141 0
vt 0.6411681 0.6584329 0
vt 0.6031929 0.7019901 0
vt 0.5997063 0.6498379 0
vt 0.6061743 0.6572112 0
vt 0.6421118 0.6441145 0
vt 0.6442724 0.5988601 0
vt 0.6070212 0.642981 0
vt 0.6089938 0.5980923 0
vt 0.603045 0.4722134 0
vt 0.6088469 0.420147 0
vt 0.6098009 0.4651034 0
vt 0.6430104 0.4197048 0
vt 0.6445945 0.4648961 0
vt 0.6100241 0.479416 0
vt 0.6103065 0.5244671 0
vt 0.6449015 0.4792643 0
vt 0.6454845 0.5246224 0
vt 0.5895101 0.7014261 0
vt 0.5923269 0.6566944 0
vt 0.5549825 0.7002992 0
vt 0.5574476 0.655689 0
vt 0.5930979 0.6424931 0
vt 0.5950055 0.5976759 0
vt 0.5581572 0.6415384 0
vt 0.55991 0.5969134 0
vt 0.5609717 0.4201005 0
vt 0.5614037 0.4648871 0
vt 0.5952545 0.4200843 0
vt 0.5960516 0.4649876 0
vt 0.5614758 0.4791135 0
vt 0.561388 0.5238594 0
vt 0.5961875 0.4792674 0
vt 0.5963879 0.524255 0
vt 0.3608652 0.3118486 0
vt 0.3477601 0.3654924 0
vt 0.3528826 0.3187134 0
vt 0.3121029 0.3637917 0
vt 0.309166 0.3092525 0
vt 0.3156882 0.316904 0
vt 0.3540954 0.3040246 0
vt 0.3566198 0.2564868 0
vt 0.3167379 0.3022909 0
vt 0.3191012 0.255184 0
vt 0.3133295 0.1235913 0
vt 0.3184328 0.06903144 0
vt 0.3201822 0.1162598 0
vt 0.3541786 0.06833593 0
vt 0.3651785 0.1234545 0
vt 0.3574731 0.1160268 0
vt 0.3206052 0.1310213 0
vt 0.3208665 0.1783397 0
vt 0.3580532 0.1309209 0
vt 0.3584285 0.1788476 0
vt 0.2983824 0.3631715 0
vt 0.3016095 0.3162948 0
vt 0.2624292 0.362095 0
vt 0.2582864 0.307704 0
vt 0.264901 0.3152311 0
vt 0.3024856 0.3016697 0
vt 0.30476 0.254648 0
vt 0.2656672 0.3006428 0
vt 0.2675946 0.253773 0
vt 0.262255 0.123135 0
vt 0.2685043 0.06899185 0
vt 0.2691947 0.1159347 0
vt 0.3046324 0.06898063 0
vt 0.3060384 0.1161473 0
vt 0.2693486 0.130578 0
vt 0.2692862 0.1775693 0
vt 0.3062888 0.1308487 0
vt 0.3064976 0.17806 0
vt 0.2486392 0.3616632 0
vt 0.2509235 0.3148164 0
vt 0.2124945 0.3608758 0
vt 0.2143598 0.3141365 0
vt 0.2515737 0.3002348 0
vt 0.2533989 0.2533969 0
vt 0.2149408 0.2995785 0
vt 0.2165042 0.2527765 0
vt 0.2182696 0.0686711 0
vt 0.2185097 0.1154736 0
vt 0.2546215 0.06878888 0
vt 0.2551473 0.1156955 0
vt 0.2184967 0.1300612 0
vt 0.2181389 0.1768508 0
vt 0.2552088 0.1303359 0
vt 0.2550803 0.1772851 0
vt 0.007332913 0.121041 0
vt 0.01812436 0.06791726 0
vt 0.0150362 0.1140095 0
vt 0.05392242 0.06784166 0
vt 0.05911053 0.1214343 0
vt 0.0522913 0.1141833 0
vt 0.01431298 0.1283095 0
vt 0.01308438 0.1744519 0
vt 0.05172222 0.128505 0
vt 0.0505825 0.1747626 0
vt 0.05566467 0.3036407 0
vt 0.04868027 0.3572716 0
vt 0.04858176 0.3106833 0
vt 0.01290728 0.3566846 0
vt 0.00390625 0.3025632 0
vt 0.01134815 0.3099796 0
vt 0.04857049 0.2962457 0
vt 0.04912668 0.2498278 0
vt 0.01116755 0.2955484 0
vt 0.0116468 0.249225 0
vt 0.06772188 0.06795852 0
vt 0.06640063 0.1143297 0
vt 0.1038833 0.06792562 0
vt 0.1100696 0.121779 0
vt 0.1031784 0.1144678 0
vt 0.06598863 0.1287225 0
vt 0.06488792 0.1750033 0
vt 0.1028531 0.1288977 0
vt 0.1019921 0.1753467 0
vt 0.1065416 0.3046077 0
vt 0.09853605 0.3583325 0
vt 0.09939785 0.3116877 0
vt 0.06245635 0.3576398 0
vt 0.06268254 0.3110454 0
vt 0.09962945 0.2972024 0
vt 0.1005105 0.2506736 0
vt 0.06281494 0.2965868 0
vt 0.06343106 0.250151 0
vt 0.1177643 0.0680782 0
vt 0.1171963 0.1146454 0
vt 0.1540862 0.06815718 0
vt 0.1538449 0.1148411 0
vt 0.1169638 0.1291113 0
vt 0.1161622 0.1755888 0
vt 0.1536655 0.1293398 0
vt 0.1530562 0.1759469 0
vt 0.1485646 0.3594045 0
vt 0.1499248 0.3126861 0
vt 0.112365 0.3586953 0
vt 0.1133807 0.3120328 0
vt 0.150314 0.2981627 0
vt 0.1515381 0.2515327 0
vt 0.1137044 0.2975329 0
vt 0.1146719 0.2509843 0
vt 0.1200435 0.5963908 0
vt 0.1195475 0.6515306 0
vt 0.09070071 0.6512963 0
vt 0.0911961 0.596157 0
vt 0.8098272 0.1640442 0
vt 0.8096234 0.2174495 0
vt 0.7828555 0.21735 0
vt 0.7830593 0.1639446 0
vt 0.177338 0.6521287 0
vt 0.177837 0.5967615 0
vt 0.1484132 0.6518062 0
vt 0.1489105 0.5965912 0
vt 0.03340441 0.5955653 0
vt 0.03290817 0.6509321 0
vt 0.06232973 0.5958834 0
vt 0.06183419 0.6510981 0
vt 0.863189 0.2176519 0
vt 0.863393 0.1642414 0
vt 0.8363961 0.2175502 0
vt 0.8366001 0.1641429 0
vt 0.7294937 0.1637423 0
vt 0.7292896 0.2171528 0
vt 0.7562865 0.163844 0
vt 0.7560825 0.2172512 0
vt 0.1189065 0.7066633 0
vt 0.09036172 0.7064467 0
vt 0.09183607 0.5410242 0
vt 0.1203826 0.5412403 0
vt 0.8093937 0.2708525 0
vt 0.7826794 0.2707538 0
vt 0.783289 0.1105404 0
vt 0.8100033 0.1106391 0
vt 0.1761766 0.7074354 0
vt 0.1776563 0.5413827 0
vt 0.1474845 0.706983 0
vt 0.1489613 0.5413642 0
vt 0.03456321 0.5402575 0
vt 0.03309093 0.7063092 0
vt 0.06325647 0.5407063 0
vt 0.06178478 0.7063245 0
vt 0.8628589 0.2710597 0
vt 0.8634676 0.1108284 0
vt 0.8361137 0.2709547 0
vt 0.8367227 0.1107349 0
vt 0.7298238 0.1103332 0
vt 0.729215 0.2705646 0
vt 0.756569 0.1104382 0
vt 0.7559599 0.270658 0
vt 0.1043732 0.4219472 0
vt 0.1205542 0.4327903 0
vt 0.09316394 0.4326112 0
vt 0.8618939 0.3773689 0
vt 0.8103036 0.004326597 0
vt 0.8882576 0.3774868 0
vt 0.6928273 0.3551147 0
vt 0.7837693 0.004231881 0
vt 0.09018893 0.8148985 0
vt 0.3016262 0.4270291 0
vt 0.1175764 0.8150779 0
vt 0.6002195 0.3576051 0
vt 0.2068392 0.596928 0
vt 0.4013369 0.7569445 0
vt 0.7823793 0.3770664 0
vt 0.7027904 0.3238893 0
vt 0.8089136 0.3771611 0
vt 0.4967763 0.7606568 0
vt 0.8354291 0.3772615 0
vt 0.544743 0.7623174 0
vt 0.7293876 0.3768957 0
vt 0.7030219 0.1102205 0
vt 0.2103532 0.005021216 0
vt 0.7037984 0.05680993 0
vt 0.03874639 0.4318932 0
vt 0.1603551 0.00474327 0
vt 0.1539199 0.4230782 0
vt 0.2529807 0.4254871 0
vt 0.2035903 0.4242344 0
vt 0.1478839 0.4328384 0
vt 0.5529731 0.3576155 0
vt 0.4488244 0.7588948 0
vt 0.2051049 0.7081048 0
vt 0.5054641 0.3573027 0
vt 0.2038856 0.4857012 0
vt 0.7558597 0.3769776 0
vt 0.0120215 0.4313157 0
vt 0.3551147 0.754997 0
vt 0.06584874 0.432316 0
vt 0.06135633 0.004678166 0
vt 0.01388355 0.005181183 0
vt 0.2017431 0.432316 0
vt 0.1750117 0.4327036 0
vt 0.110512 0.004589371 0
vt 0.8888843 0.3245831 0
vt 0.7307888 0.004024015 0
vt 0.704425 0.003906257 0
vt 0.3562062 0.003906254 0
vt 0.3089465 0.005181183 0
vt 0.7572536 0.004131439 0
vt 0.6393834 0.7662846 0
vt 0.6852881 0.7693605 0
vt 0.8896611 0.004579271 0
vt 0.8632955 0.004497479 0
vt 0.8368233 0.004415475 0
vt 0.2600783 0.005268618 0
vt 0.5923918 0.764084 0
vt 0.009277798 0.4842816 0
vt 0.1719894 0.8157995 0
vt 0.1987134 0.8163797 0
vt 0.008086986 0.4203052 0
vt 0.05545661 0.4209007 0
vt 0.144889 0.8153745 0
vt 0.4106973 0.3566837 0
vt 0.3645395 0.3569495 0
vt 0.009004909 0.8153763 0
vt 0.03573583 0.8149873 0
vt 0.06286191 0.8148511 0
vt 0.457922 0.3569089 0
vt 0.6469577 0.3569495 0
vt 0.2065873 0.5412728 0
vt 0.2014601 0.7634145 0
vt 0.34882 0.4289478 0
vt 0.7030219 0.3768141 0
vt 0.006862009 0.7619922 0
vt 0.8898925 0.05750407 0
vt 0.004404448 0.5952053 0
vt 0.003906285 0.6507728 0
vt 0.8900082 0.2177596 0
vt 0.8902121 0.164344 0
vt 0.7026745 0.1636347 0
vt 0.7024705 0.2170503 0
vt 0.2063377 0.6524959 0
vt 0.004160479 0.706424 0
vt 0.005634325 0.5395935 0
vt 0.8902673 0.1109244 0
vt 0.8896608 0.2711725 0
vt 0.7024154 0.2704687 0
#end 1224 textures vertices 

#begin 66 normals 
vn 0 -1 -0
vn 0 1 -0
vn -0.5774 0.5774 0.5774
vn -0.5774 -0.5774 0.5774
vn 0.5774 -0.5774 0.5774
vn 0.5774 0.5774 0.5774
vn 0.9096 0.2938 0.2938
vn 0.9096 -0.2938 0.2938
vn 0.9096 -0.2938 -0.2938
vn 0.9096 0.2938 -0.2938
vn 0.5774 0.5774 -0.5774
vn 0.5774 -0.5774 -0.5774
vn -0.5774 -0.5774 -0.5774
vn -0.5774 0.5774 -0.5774
vn -0.9787 -0.1452 0.1452
vn -0.9787 0.1452 0.1452
vn -0.9787 0.1452 -0.1452
vn -0.9787 -0.1452 -0.1452
vn 0.7071 -0.7071 -0
vn -0.7071 -0.7071 -0
vn 0.7071 0.7071 -0
vn -0.7071 0.7071 -0
vn 0 -0.7071 0.7071
vn 0 -0.7071 -0.7071
vn 0 0.7071 -0.7071
vn 0 0.7071 0.7071
vn 0 0 1
vn 0.9757 -0.2193 0
vn 0.9757 -0.2193 -0
vn 0.9757 0.2193 -0
vn 0 0 -1
vn -0.9951 0.0993 -0
vn -0.9951 -0.0993 -0
vn 0.7523 -0.1691 0.6368
vn 0.7523 0.1691 0.6368
vn -0.6665 -0.0665 0.7426
vn -0.6665 0.0665 0.7426
vn -0.6665 0.0665 -0.7426
vn -0.6665 -0.0665 -0.7426
vn 0.7523 0.1691 -0.6368
vn 0.7523 -0.1691 -0.6368
vn 0.9757 0.2193 0
vn -0.9951 -0.0993 0
vn -0.3015 -0.3015 0.9045
vn -0.3015 0.3015 0.9045
vn 0.3015 -0.3015 0.9045
vn 0.3015 0.3015 0.9045
vn 0.3015 -0.3015 -0.9045
vn 0.3015 0.3015 -0.9045
vn -0.3015 -0.3015 -0.9045
vn -0.3015 0.3015 -0.9045
vn 0.831 -0 0.5563
vn -0.6303 -0 0.7764
vn -0.6303 0 -0.7764
vn 0.831 0 -0.5563
vn 0.831 0 0.5563
vn -0.6303 0 0.7764
vn -0.6303 -0 -0.7764
vn 1 -0 0
vn 1 -0 -0
vn 1 0 -0
vn 1 0 0
vn -1 0 0
vn -1 -0 -0
vn -1 0 -0
vn -1 -0 0
#end 66 normals 

#begin 1134 faces
o Box016
usemtl wire_094090207
g Box016
s 2
f 1/1/1 2/2/1 3/3/1 4/4/1 
s 4
f 5/5/2 6/6/2 7/7/2 8/8/2 
s 8
f 9/9/3 10/10/4 11/11/5 12/12/6 
s 16
f 13/13/7 14/14/8 15/15/9 16/16/10 
s 32
f 17/17/11 18/18/12 19/19/13 20/20/14 
s 64
f 21/21/15 22/22/16 23/23/17 24/24/18 
s 2
f 25/25/19 26/26/19 27/27/1 28/28/1 
f 28/28/1 27/27/1 29/29/1 30/30/1 
f 30/30/1 29/29/1 2/2/1 1/1/1 
f 31/31/20 32/32/20 33/33/1 34/34/1 
f 34/34/1 33/33/1 35/35/1 36/36/1 
f 36/36/1 35/35/1 4/4/1 3/3/1 
s 4
f 37/37/21 38/38/21 39/39/2 40/40/2 
f 40/40/2 39/39/2 41/41/2 42/42/2 
f 42/42/2 41/41/2 6/6/2 5/5/2 
f 43/43/22 44/44/22 45/45/2 46/46/2 
f 46/46/2 45/45/2 47/47/2 48/48/2 
f 48/48/2 47/47/2 8/8/2 7/7/2 
s 8
f 49/49/3 50/50/4 51/51/5 52/52/6 
f 53/53/3 54/54/4 55/55/5 56/56/6 
f 57/57/3 58/58/4 59/59/5 60/60/6 
f 61/61/5 62/62/6 63/63/3 64/64/4 
f 65/65/5 66/66/6 67/67/3 68/68/4 
f 69/69/5 70/70/6 71/71/3 72/72/4 
s 32
f 73/73/11 74/74/12 75/75/13 76/76/14 
f 77/77/11 78/78/12 79/79/13 80/80/14 
f 81/81/11 82/82/12 83/83/13 84/84/14 
f 85/85/13 86/86/14 87/87/11 88/88/12 
f 89/89/13 90/90/14 91/91/11 92/92/12 
f 93/93/13 94/94/14 95/95/11 96/96/12 
s 2
f 97/97/1 98/98/23 99/99/23 100/100/1 
f 101/101/1 97/97/1 100/100/1 102/102/1 
f 2/2/1 101/101/1 102/102/1 3/3/1 
f 103/103/1 104/104/24 105/105/24 106/106/1 
f 107/107/1 103/103/1 106/106/1 108/108/1 
f 4/4/1 107/107/1 108/108/1 1/1/1 
s 4
f 109/109/2 110/110/25 111/111/25 112/112/2 
f 113/113/2 109/109/2 112/112/2 114/114/2 
f 6/6/2 113/113/2 114/114/2 7/7/2 
f 115/115/2 116/116/26 117/117/26 118/118/2 
f 119/119/2 115/115/2 118/118/2 120/120/2 
f 8/8/2 119/119/2 120/120/2 5/5/2 
s 16
f 121/121/7 122/122/8 123/123/9 124/124/10 
f 125/125/7 126/126/8 127/127/9 128/128/10 
f 129/129/7 130/130/8 131/131/9 132/132/10 
f 133/133/9 134/134/10 135/135/7 136/136/8 
f 137/137/9 138/138/10 139/139/7 140/140/8 
f 141/141/9 142/142/10 143/143/7 144/144/8 
s 64
f 145/145/15 146/146/16 147/147/17 148/148/18 
f 149/149/15 150/150/16 151/151/17 152/152/18 
f 153/153/15 154/154/16 155/155/17 156/156/18 
f 157/157/17 158/158/18 159/159/15 160/160/16 
f 161/161/17 162/162/18 163/163/15 164/164/16 
f 165/165/17 166/166/18 167/167/15 168/168/16 
s 2
f 169/169/19 170/170/5 171/171/23 172/172/1 
f 173/173/19 169/169/19 172/172/1 174/174/1 
f 26/26/19 173/173/19 174/174/1 27/27/1 
f 175/175/1 176/176/24 177/177/12 178/178/19 
f 179/179/1 175/175/1 178/178/19 180/180/19 
f 28/28/1 179/179/1 180/180/19 25/25/19 
f 172/172/1 171/171/23 181/181/23 182/182/1 
f 174/174/1 172/172/1 182/182/1 183/183/1 
f 27/27/1 174/174/1 183/183/1 29/29/1 
f 184/184/1 185/185/24 176/176/24 175/175/1 
f 186/186/1 184/184/1 175/175/1 179/179/1 
f 30/30/1 186/186/1 179/179/1 28/28/1 
f 182/182/1 181/181/23 98/98/23 97/97/1 
f 183/183/1 182/182/1 97/97/1 101/101/1 
f 29/29/1 183/183/1 101/101/1 2/2/1 
f 106/106/1 105/105/24 185/185/24 184/184/1 
f 108/108/1 106/106/1 184/184/1 186/186/1 
f 1/1/1 108/108/1 186/186/1 30/30/1 
f 187/187/20 188/188/13 189/189/24 190/190/1 
f 191/191/20 187/187/20 190/190/1 192/192/1 
f 32/32/20 191/191/20 192/192/1 33/33/1 
f 193/193/1 194/194/23 195/195/4 196/196/20 
f 197/197/1 193/193/1 196/196/20 198/198/20 
f 34/34/1 197/197/1 198/198/20 31/31/20 
f 190/190/1 189/189/24 199/199/24 200/200/1 
f 192/192/1 190/190/1 200/200/1 201/201/1 
f 33/33/1 192/192/1 201/201/1 35/35/1 
f 202/202/1 203/203/23 194/194/23 193/193/1 
f 204/204/1 202/202/1 193/193/1 197/197/1 
f 36/36/1 204/204/1 197/197/1 34/34/1 
f 200/200/1 199/199/24 104/104/24 103/103/1 
f 201/201/1 200/200/1 103/103/1 107/107/1 
f 35/35/1 201/201/1 107/107/1 4/4/1 
f 100/100/1 99/99/23 203/203/23 202/202/1 
f 102/102/1 100/100/1 202/202/1 204/204/1 
f 3/3/1 102/102/1 204/204/1 36/36/1 
s 4
f 205/205/21 206/206/11 207/207/25 208/208/2 
f 209/209/21 205/205/21 208/208/2 210/210/2 
f 38/38/21 209/209/21 210/210/2 39/39/2 
f 211/211/2 212/212/26 213/213/6 214/214/21 
f 215/215/2 211/211/2 214/214/21 216/216/21 
f 40/40/2 215/215/2 216/216/21 37/37/21 
f 208/208/2 207/207/25 217/217/25 218/218/2 
f 210/210/2 208/208/2 218/218/2 219/219/2 
f 39/39/2 210/210/2 219/219/2 41/41/2 
f 220/220/2 221/221/26 212/212/26 211/211/2 
f 222/222/2 220/220/2 211/211/2 215/215/2 
f 42/42/2 222/222/2 215/215/2 40/40/2 
f 218/218/2 217/217/25 110/110/25 109/109/2 
f 219/219/2 218/218/2 109/109/2 113/113/2 
f 41/41/2 219/219/2 113/113/2 6/6/2 
f 118/118/2 117/117/26 221/221/26 220/220/2 
f 120/120/2 118/118/2 220/220/2 222/222/2 
f 5/5/2 120/120/2 222/222/2 42/42/2 
f 223/223/22 224/224/3 225/225/26 226/226/2 
f 227/227/22 223/223/22 226/226/2 228/228/2 
f 44/44/22 227/227/22 228/228/2 45/45/2 
f 229/229/2 230/230/25 231/231/14 232/232/22 
f 233/233/2 229/229/2 232/232/22 234/234/22 
f 46/46/2 233/233/2 234/234/22 43/43/22 
f 226/226/2 225/225/26 235/235/26 236/236/2 
f 228/228/2 226/226/2 236/236/2 237/237/2 
f 45/45/2 228/228/2 237/237/2 47/47/2 
f 238/238/2 239/239/25 230/230/25 229/229/2 
f 240/240/2 238/238/2 229/229/2 233/233/2 
f 48/48/2 240/240/2 233/233/2 46/46/2 
f 236/236/2 235/235/26 116/116/26 115/115/2 
f 237/237/2 236/236/2 115/115/2 119/119/2 
f 47/47/2 237/237/2 119/119/2 8/8/2 
f 112/112/2 111/111/25 239/239/25 238/238/2 
f 114/114/2 112/112/2 238/238/2 240/240/2 
f 7/7/2 114/114/2 240/240/2 48/48/2 
s 8
f 241/241/27 117/1170/26 116/1167/26 242/242/27 
f 243/243/3 244/244/4 245/245/5 246/246/6 
f 247/247/3 248/248/4 249/249/5 250/250/6 
f 251/251/27 99/1156/23 98/1154/23 252/252/27 
f 253/253/5 254/254/6 255/255/3 256/256/4 
f 257/257/5 258/258/6 259/259/3 260/260/4 
s 16
f 261/261/28 38/1147/21 37/1145/21 262/262/29 
f 263/263/7 264/264/8 265/265/9 266/266/10 
f 267/267/7 268/268/8 269/269/9 270/270/10 
f 271/271/30 26/1139/19 25/1138/19 272/272/30 
f 273/273/9 274/274/10 275/275/7 276/276/8 
f 277/277/9 278/278/10 279/279/7 280/280/8 
s 32
f 281/281/31 111/1165/25 110/1163/25 282/282/31 
f 283/283/11 284/284/12 285/285/13 286/286/14 
f 287/287/11 288/288/12 289/289/13 290/290/14 
f 291/291/31 105/1162/24 104/1159/24 292/292/31 
f 293/293/13 294/294/14 295/295/11 296/296/12 
f 297/297/13 298/298/14 299/299/11 300/300/12 
s 64
f 301/301/32 44/1153/22 43/1151/22 302/302/32 
f 303/303/15 304/304/16 305/305/17 306/306/18 
f 307/307/15 308/308/16 309/309/17 310/310/18 
f 311/311/33 32/1144/20 31/1141/20 312/312/33 
f 313/313/17 314/314/18 315/315/15 316/316/16 
f 317/317/17 318/318/18 319/319/15 320/320/16 
s 8
f 321/321/34 213/1201/6 212/1200/26 322/322/27 
f 323/323/3 324/324/4 325/325/5 326/326/6 
f 327/327/3 328/328/4 329/329/5 330/330/6 
f 331/331/27 171/1150/23 170/1174/5 332/332/35 
f 333/333/5 334/334/6 335/335/3 336/336/4 
f 337/337/5 338/338/6 339/339/3 340/340/4 
f 322/322/27 212/1200/26 221/1205/26 341/341/27 
f 342/342/3 343/343/4 344/344/5 345/345/6 
f 346/346/3 347/347/4 348/348/5 349/349/6 
f 350/350/27 181/1168/23 171/1150/23 331/331/27 
f 351/351/5 352/352/6 353/353/3 354/354/4 
f 355/355/5 356/356/6 357/357/3 358/358/4 
f 341/341/27 221/1205/26 117/1170/26 241/241/27 
f 359/359/3 360/360/4 361/361/5 362/362/6 
f 363/363/3 364/364/4 365/365/5 366/366/6 
f 252/252/27 98/1154/23 181/1168/23 350/350/27 
f 367/367/5 368/368/6 369/369/3 370/370/4 
f 371/371/5 372/372/6 373/373/3 374/374/4 
f 375/375/36 195/1188/4 194/1187/23 376/376/27 
f 377/377/5 378/378/6 379/379/3 380/380/4 
f 381/381/5 382/382/6 383/383/3 384/384/4 
f 385/385/27 225/1206/26 224/1143/3 386/386/37 
f 387/387/3 388/388/4 389/389/5 390/390/6 
f 391/391/3 392/392/4 393/393/5 394/394/6 
f 376/376/27 194/1187/23 203/1193/23 395/395/27 
f 396/396/5 397/397/6 398/398/3 399/399/4 
f 400/400/5 401/401/6 402/402/3 403/403/4 
f 404/404/27 235/1148/26 225/1206/26 385/385/27 
f 405/405/3 406/406/4 407/407/5 408/408/6 
f 409/409/3 410/410/4 411/411/5 412/412/6 
f 395/395/27 203/1193/23 99/1156/23 251/251/27 
f 413/413/5 414/414/6 415/415/3 416/416/4 
f 417/417/5 418/418/6 419/419/3 420/420/4 
f 242/242/27 116/1167/26 235/1148/26 404/404/27 
f 421/421/3 422/422/4 423/423/5 424/424/6 
f 425/425/3 426/426/4 427/427/5 428/428/6 
s 32
f 429/429/38 231/1209/14 230/1146/25 430/430/31 
f 431/431/11 432/432/12 433/433/13 434/434/14 
f 435/435/11 436/436/12 437/437/13 438/438/14 
f 439/439/31 189/1185/24 188/1184/13 440/440/39 
f 441/441/13 442/442/14 443/443/11 444/444/12 
f 445/445/13 446/446/14 447/447/11 448/448/12 
f 430/430/31 230/1146/25 239/1164/25 449/449/31 
f 450/450/11 451/451/12 452/452/13 453/453/14 
f 454/454/11 455/455/12 456/456/13 457/457/14 
f 458/458/31 199/1192/24 189/1185/24 439/439/31 
f 459/459/13 460/460/14 461/461/11 462/462/12 
f 463/463/13 464/464/14 465/465/11 466/466/12 
f 449/449/31 239/1164/25 111/1165/25 281/281/31 
f 467/467/11 468/468/12 469/469/13 470/470/14 
f 471/471/11 472/472/12 473/473/13 474/474/14 
f 292/292/31 104/1159/24 199/1192/24 458/458/31 
f 475/475/13 476/476/14 477/477/11 478/478/12 
f 479/479/13 480/480/14 481/481/11 482/482/12 
f 483/483/40 177/1177/12 176/1176/24 484/484/31 
f 485/485/13 486/486/14 487/487/11 488/488/12 
f 489/489/13 490/490/14 491/491/11 492/492/12 
f 493/493/31 207/1198/25 206/1197/11 494/494/41 
f 495/495/11 496/496/12 497/497/13 498/498/14 
f 499/499/11 500/500/12 501/501/13 502/502/14 
f 484/484/31 176/1176/24 185/1180/24 503/503/31 
f 504/504/13 505/505/14 506/506/11 507/507/12 
f 508/508/13 509/509/14 510/510/11 511/511/12 
f 512/512/31 217/1137/25 207/1198/25 493/493/31 
f 513/513/11 514/514/12 515/515/13 516/516/14 
f 517/517/11 518/518/12 519/519/13 520/520/14 
f 503/503/31 185/1180/24 105/1162/24 291/291/31 
f 521/521/13 522/522/14 523/523/11 524/524/12 
f 525/525/13 526/526/14 527/527/11 528/528/12 
f 282/282/31 110/1163/25 217/1137/25 512/512/31 
f 529/529/11 530/530/12 531/531/13 532/532/14 
f 533/533/11 534/534/12 535/535/13 536/536/14 
s 16
f 494/1208/41 206/1196/11 205/1195/21 537/537/29 
f 538/538/7 539/539/8 540/540/9 541/541/10 
f 542/542/7 543/543/8 544/544/9 545/545/10 
f 546/546/30 178/1179/19 177/1178/12 483/1171/40 
f 547/547/9 548/548/10 549/549/7 550/550/8 
f 551/551/9 552/552/10 553/553/7 554/554/8 
f 537/537/29 205/1195/21 209/1199/21 555/555/29 
f 556/556/7 557/557/8 558/558/9 559/559/10 
f 560/560/7 561/561/8 562/562/9 563/563/10 
f 564/564/30 180/1166/19 178/1179/19 546/546/30 
f 565/565/9 566/566/10 567/567/7 568/568/8 
f 569/569/9 570/570/10 571/571/7 572/572/8 
f 555/555/29 209/1199/21 38/1147/21 261/261/28 
f 573/573/7 574/574/8 575/575/9 576/576/10 
f 577/577/7 578/578/8 579/579/9 580/580/10 
f 272/272/30 25/1138/19 180/1166/19 564/564/30 
f 581/581/9 582/582/10 583/583/7 584/584/8 
f 585/585/9 586/586/10 587/587/7 588/588/8 
f 332/1194/35 170/1173/5 169/1161/19 589/589/42 
f 590/590/9 591/591/10 592/592/7 593/593/8 
f 594/594/9 595/595/10 596/596/7 597/597/8 
f 598/598/29 214/1203/21 213/1202/6 321/1211/34 
f 599/599/7 600/600/8 601/601/9 602/602/10 
f 603/603/7 604/604/8 605/605/9 606/606/10 
f 589/589/42 169/1161/19 173/1175/19 607/607/30 
f 608/608/9 609/609/10 610/610/7 611/611/8 
f 612/612/9 613/613/10 614/614/7 615/615/8 
f 616/616/29 216/1204/21 214/1203/21 598/598/29 
f 617/617/7 618/618/8 619/619/9 620/620/10 
f 621/621/7 622/622/8 623/623/9 624/624/10 
f 607/607/30 173/1175/19 26/1139/19 271/271/30 
f 625/625/9 626/626/10 627/627/7 628/628/8 
f 629/629/9 630/630/10 631/631/7 632/632/8 
f 262/262/29 37/1145/21 216/1204/21 616/616/29 
f 633/633/7 634/634/8 635/635/9 636/636/10 
f 637/637/7 638/638/8 639/639/9 640/640/10 
s 64
f 386/1181/37 224/1142/3 223/1140/22 641/641/32 
f 642/642/15 643/643/16 644/644/17 645/645/18 
f 646/646/15 647/647/16 648/648/17 649/649/18 
f 650/650/43 196/1190/20 195/1189/4 375/1212/36 
f 651/651/17 652/652/18 653/653/15 654/654/16 
f 655/655/17 656/656/18 657/657/15 658/658/16 
f 641/641/32 223/1140/22 227/1155/22 659/659/32 
f 660/660/15 661/661/16 662/662/17 663/663/18 
f 664/664/15 665/665/16 666/666/17 667/667/18 
f 668/668/33 198/1191/20 196/1190/20 650/650/43 
f 669/669/17 670/670/18 671/671/15 672/672/16 
f 673/673/17 674/674/18 675/675/15 676/676/16 
f 659/659/32 227/1155/22 44/1153/22 301/301/32 
f 677/677/15 678/678/16 679/679/17 680/680/18 
f 681/681/15 682/682/16 683/683/17 684/684/18 
f 312/312/33 31/1141/20 198/1191/20 668/668/33 
f 685/685/17 686/686/18 687/687/15 688/688/16 
f 689/689/17 690/690/18 691/691/15 692/692/16 
f 440/1160/39 188/1183/13 187/1182/20 693/693/43 
f 694/694/17 695/695/18 696/696/15 697/697/16 
f 698/698/17 699/699/18 700/700/15 701/701/16 
f 702/702/32 232/1157/22 231/1210/14 429/1152/38 
f 703/703/15 704/704/16 705/705/17 706/706/18 
f 707/707/15 708/708/16 709/709/17 710/710/18 
f 693/693/43 187/1182/20 191/1186/20 711/711/33 
f 712/712/17 713/713/18 714/714/15 715/715/16 
f 716/716/17 717/717/18 718/718/15 719/719/16 
f 720/720/32 234/1172/22 232/1157/22 702/702/32 
f 721/721/15 722/722/16 723/723/17 724/724/18 
f 725/725/15 726/726/16 727/727/17 728/728/18 
f 711/711/33 191/1186/20 32/1144/20 311/311/33 
f 729/729/17 730/730/18 731/731/15 732/732/16 
f 733/733/17 734/734/18 735/735/15 736/736/16 
f 302/302/32 43/1151/22 234/1172/22 720/720/32 
f 737/737/15 738/738/16 739/739/17 740/740/18 
f 741/741/15 742/742/16 743/743/17 744/744/18 
s off
f 745/745/27 746/746/27 747/747/44 748/748/45 
f 746/746/27 749/749/27 750/750/46 747/747/44 
f 749/749/27 751/751/27 752/752/47 750/750/46 
f 751/751/27 745/745/27 748/748/45 752/752/47 
f 753/753/31 754/754/31 755/755/48 756/756/49 
f 754/754/31 757/757/31 758/758/50 755/755/48 
f 757/757/31 759/759/31 760/760/51 758/758/50 
f 759/759/31 753/753/31 756/756/49 760/760/51 
f 761/761/52 762/762/52 763/763/44 764/764/45 
f 762/762/52 765/765/27 766/766/46 763/763/44 
f 765/765/27 767/767/27 768/768/47 766/766/46 
f 767/767/27 761/761/52 764/764/45 768/768/47 
f 767/767/27 765/765/27 769/769/44 770/770/45 
f 765/765/27 771/771/27 772/772/46 769/769/44 
f 771/771/27 773/773/27 774/774/47 772/772/46 
f 773/773/27 767/767/27 770/770/45 774/774/47 
f 773/773/27 771/771/27 775/775/44 776/776/45 
f 771/771/27 746/746/27 777/777/46 775/775/44 
f 746/746/27 745/745/27 778/778/47 777/777/46 
f 745/745/27 773/773/27 776/776/45 778/778/47 
f 779/779/53 780/780/53 781/781/47 782/782/46 
f 780/780/53 783/783/27 784/784/45 781/781/47 
f 783/783/27 785/785/27 786/786/44 784/784/45 
f 785/785/27 779/779/53 782/782/46 786/786/44 
f 785/785/27 783/783/27 787/787/47 788/788/46 
f 783/783/27 789/789/27 790/790/45 787/787/47 
f 789/789/27 791/791/27 792/792/44 790/790/45 
f 791/791/27 785/785/27 788/788/46 792/792/44 
f 791/791/27 789/789/27 793/793/47 794/794/46 
f 789/789/27 751/751/27 795/795/45 793/793/47 
f 751/751/27 749/749/27 796/796/44 795/795/45 
f 749/749/27 791/791/27 794/794/46 796/796/44 
f 797/797/54 798/798/54 799/799/48 800/800/49 
f 798/798/54 801/801/31 802/802/50 799/799/48 
f 801/801/31 803/803/31 804/804/51 802/802/50 
f 803/803/31 797/797/54 800/800/49 804/804/51 
f 803/803/31 801/801/31 805/805/48 806/806/49 
f 801/801/31 807/807/31 808/808/50 805/805/48 
f 807/807/31 809/809/31 810/810/51 808/808/50 
f 809/809/31 803/803/31 806/806/49 810/810/51 
f 809/809/31 807/807/31 811/811/48 812/812/49 
f 807/807/31 754/754/31 813/813/50 811/811/48 
f 754/754/31 753/753/31 814/814/51 813/813/50 
f 753/753/31 809/809/31 812/812/49 814/814/51 
f 815/815/55 816/816/55 817/817/51 818/818/50 
f 816/816/55 819/819/31 820/820/49 817/817/51 
f 819/819/31 821/821/31 822/822/48 820/820/49 
f 821/821/31 815/815/55 818/818/50 822/822/48 
f 821/821/31 819/819/31 823/823/51 824/824/50 
f 819/819/31 825/825/31 826/826/49 823/823/51 
f 825/825/31 827/827/31 828/828/48 826/826/49 
f 827/827/31 821/821/31 824/824/50 828/828/48 
f 827/827/31 825/825/31 829/829/51 830/830/50 
f 825/825/31 759/759/31 831/831/49 829/829/51 
f 759/759/31 757/757/31 832/832/48 831/831/49 
f 757/757/31 827/827/31 830/830/50 832/832/48 
f 833/833/27 241/241/27 834/834/44 835/835/45 
f 241/241/27 242/242/27 836/836/46 834/834/44 
f 242/242/27 837/837/27 838/838/47 836/836/46 
f 837/837/27 833/833/27 835/835/45 838/838/47 
f 746/746/27 833/833/27 839/839/44 840/840/45 
f 833/833/27 837/837/27 841/841/46 839/839/44 
f 837/837/27 749/749/27 842/842/47 841/841/46 
f 749/749/27 746/746/27 840/840/45 842/842/47 
f 843/843/27 251/251/27 844/844/47 845/845/46 
f 251/251/27 252/252/27 846/846/45 844/844/47 
f 252/252/27 847/847/27 848/848/44 846/846/45 
f 847/847/27 843/843/27 845/845/46 848/848/44 
f 751/751/27 843/843/27 849/849/47 850/850/46 
f 843/843/27 847/847/27 851/851/45 849/849/47 
f 847/847/27 745/745/27 852/852/44 851/851/45 
f 745/745/27 751/751/27 850/850/46 852/852/44 
f 853/853/31 281/281/31 854/854/48 855/855/49 
f 281/281/31 282/282/31 856/856/50 854/854/48 
f 282/282/31 857/857/31 858/858/51 856/856/50 
f 857/857/31 853/853/31 855/855/49 858/858/51 
f 754/754/31 853/853/31 859/859/48 860/860/49 
f 853/853/31 857/857/31 861/861/50 859/859/48 
f 857/857/31 757/757/31 862/862/51 861/861/50 
f 757/757/31 754/754/31 860/860/49 862/862/51 
f 863/863/31 291/291/31 864/864/51 865/865/50 
f 291/291/31 292/292/31 866/866/49 864/864/51 
f 292/292/31 867/867/31 868/868/48 866/866/49 
f 867/867/31 863/863/31 865/865/50 868/868/48 
f 759/759/31 863/863/31 869/869/51 870/870/50 
f 863/863/31 867/867/31 871/871/49 869/869/51 
f 867/867/31 753/753/31 872/872/48 871/871/49 
f 753/753/31 759/759/31 870/870/50 872/872/48 
f 873/873/56 321/321/34 874/874/44 875/875/45 
f 321/321/34 322/322/27 876/876/46 874/874/44 
f 322/322/27 877/877/27 878/878/47 876/876/46 
f 877/877/27 873/873/56 875/875/45 878/878/47 
f 762/762/52 873/873/56 879/879/44 880/880/45 
f 873/873/56 877/877/27 881/881/46 879/879/44 
f 877/877/27 765/765/27 882/882/47 881/881/46 
f 765/765/27 762/762/52 880/880/45 882/882/47 
f 883/883/27 331/331/27 884/884/47 885/885/46 
f 331/331/27 332/332/35 886/886/45 884/884/47 
f 332/332/35 887/887/56 888/888/44 886/886/45 
f 887/887/56 883/883/27 885/885/46 888/888/44 
f 767/767/27 883/883/27 889/889/47 890/890/46 
f 883/883/27 887/887/56 891/891/45 889/889/47 
f 887/887/56 761/761/52 892/892/44 891/891/45 
f 761/761/52 767/767/27 890/890/46 892/892/44 
f 877/877/27 322/322/27 893/893/44 894/894/45 
f 322/322/27 341/341/27 895/895/46 893/893/44 
f 341/341/27 896/896/27 897/897/47 895/895/46 
f 896/896/27 877/877/27 894/894/45 897/897/47 
f 765/765/27 877/877/27 898/898/44 899/899/45 
f 877/877/27 896/896/27 900/900/46 898/898/44 
f 896/896/27 771/771/27 901/901/47 900/900/46 
f 771/771/27 765/765/27 899/899/45 901/901/47 
f 902/902/27 350/350/27 903/903/47 904/904/46 
f 350/350/27 331/331/27 905/905/45 903/903/47 
f 331/331/27 883/883/27 906/906/44 905/905/45 
f 883/883/27 902/902/27 904/904/46 906/906/44 
f 773/773/27 902/902/27 907/907/47 908/908/46 
f 902/902/27 883/883/27 909/909/45 907/907/47 
f 883/883/27 767/767/27 910/910/44 909/909/45 
f 767/767/27 773/773/27 908/908/46 910/910/44 
f 896/896/27 341/341/27 911/911/44 912/912/45 
f 341/341/27 241/241/27 913/913/46 911/911/44 
f 241/241/27 833/833/27 914/914/47 913/913/46 
f 833/833/27 896/896/27 912/912/45 914/914/47 
f 771/771/27 896/896/27 915/915/44 916/916/45 
f 896/896/27 833/833/27 917/917/46 915/915/44 
f 833/833/27 746/746/27 918/918/47 917/917/46 
f 746/746/27 771/771/27 916/916/45 918/918/47 
f 847/847/27 252/252/27 919/919/47 920/920/46 
f 252/252/27 350/350/27 921/921/45 919/919/47 
f 350/350/27 902/902/27 922/922/44 921/921/45 
f 902/902/27 847/847/27 920/920/46 922/922/44 
f 745/745/27 847/847/27 923/923/47 924/924/46 
f 847/847/27 902/902/27 925/925/45 923/923/47 
f 902/902/27 773/773/27 926/926/44 925/925/45 
f 773/773/27 745/745/27 924/924/46 926/926/44 
f 927/927/57 375/375/36 928/928/47 929/929/46 
f 375/375/36 376/376/27 930/930/45 928/928/47 
f 376/376/27 931/931/27 932/932/44 930/930/45 
f 931/931/27 927/927/57 929/929/46 932/932/44 
f 780/780/53 927/927/57 933/933/47 934/934/46 
f 927/927/57 931/931/27 935/935/45 933/933/47 
f 931/931/27 783/783/27 936/936/44 935/935/45 
f 783/783/27 780/780/53 934/934/46 936/936/44 
f 937/937/27 385/385/27 938/938/44 939/939/45 
f 385/385/27 386/386/37 940/940/46 938/938/44 
f 386/386/37 941/941/57 942/942/47 940/940/46 
f 941/941/57 937/937/27 939/939/45 942/942/47 
f 785/785/27 937/937/27 943/943/44 944/944/45 
f 937/937/27 941/941/57 945/945/46 943/943/44 
f 941/941/57 779/779/53 946/946/47 945/945/46 
f 779/779/53 785/785/27 944/944/45 946/946/47 
f 931/931/27 376/376/27 947/947/47 948/948/46 
f 376/376/27 395/395/27 949/949/45 947/947/47 
f 395/395/27 950/950/27 951/951/44 949/949/45 
f 950/950/27 931/931/27 948/948/46 951/951/44 
f 783/783/27 931/931/27 952/952/47 953/953/46 
f 931/931/27 950/950/27 954/954/45 952/952/47 
f 950/950/27 789/789/27 955/955/44 954/954/45 
f 789/789/27 783/783/27 953/953/46 955/955/44 
f 956/956/27 404/404/27 957/957/44 958/958/45 
f 404/404/27 385/385/27 959/959/46 957/957/44 
f 385/385/27 937/937/27 960/960/47 959/959/46 
f 937/937/27 956/956/27 958/958/45 960/960/47 
f 791/791/27 956/956/27 961/961/44 962/962/45 
f 956/956/27 937/937/27 963/963/46 961/961/44 
f 937/937/27 785/785/27 964/964/47 963/963/46 
f 785/785/27 791/791/27 962/962/45 964/964/47 
f 950/950/27 395/395/27 965/965/47 966/966/46 
f 395/395/27 251/251/27 967/967/45 965/965/47 
f 251/251/27 843/843/27 968/968/44 967/967/45 
f 843/843/27 950/950/27 966/966/46 968/968/44 
f 789/789/27 950/950/27 969/969/47 970/970/46 
f 950/950/27 843/843/27 971/971/45 969/969/47 
f 843/843/27 751/751/27 972/972/44 971/971/45 
f 751/751/27 789/789/27 970/970/46 972/972/44 
f 837/837/27 242/242/27 973/973/44 974/974/45 
f 242/242/27 404/404/27 975/975/46 973/973/44 
f 404/404/27 956/956/27 976/976/47 975/975/46 
f 956/956/27 837/837/27 974/974/45 976/976/47 
f 749/749/27 837/837/27 977/977/44 978/978/45 
f 837/837/27 956/956/27 979/979/46 977/977/44 
f 956/956/27 791/791/27 980/980/47 979/979/46 
f 791/791/27 749/749/27 978/978/45 980/980/47 
f 981/981/54 429/429/38 982/982/48 983/983/49 
f 429/429/38 430/430/31 984/984/50 982/982/48 
f 430/430/31 985/985/31 986/986/51 984/984/50 
f 985/985/31 981/981/54 983/983/49 986/986/51 
f 798/798/54 981/981/54 987/987/48 988/988/49 
f 981/981/54 985/985/31 989/989/50 987/987/48 
f 985/985/31 801/801/31 990/990/51 989/989/50 
f 801/801/31 798/798/54 988/988/49 990/990/51 
f 991/991/31 439/439/31 992/992/51 993/993/50 
f 439/439/31 440/440/39 994/994/49 992/992/51 
f 440/440/39 995/995/58 996/996/48 994/994/49 
f 995/995/58 991/991/31 993/993/50 996/996/48 
f 803/803/31 991/991/31 997/997/51 998/998/50 
f 991/991/31 995/995/58 999/999/49 997/997/51 
f 995/995/58 797/797/54 1000/1000/48 999/999/49 
f 797/797/54 803/803/31 998/998/50 1000/1000/48 
f 985/985/31 430/430/31 1001/1001/48 1002/1002/49 
f 430/430/31 449/449/31 1003/1003/50 1001/1001/48 
f 449/449/31 1004/1004/31 1005/1005/51 1003/1003/50 
f 1004/1004/31 985/985/31 1002/1002/49 1005/1005/51 
f 801/801/31 985/985/31 1006/1006/48 1007/1007/49 
f 985/985/31 1004/1004/31 1008/1008/50 1006/1006/48 
f 1004/1004/31 807/807/31 1009/1009/51 1008/1008/50 
f 807/807/31 801/801/31 1007/1007/49 1009/1009/51 
f 1010/1010/31 458/458/31 1011/1011/51 1012/1012/50 
f 458/458/31 439/439/31 1013/1013/49 1011/1011/51 
f 439/439/31 991/991/31 1014/1014/48 1013/1013/49 
f 991/991/31 1010/1010/31 1012/1012/50 1014/1014/48 
f 809/809/31 1010/1010/31 1015/1015/51 1016/1016/50 
f 1010/1010/31 991/991/31 1017/1017/49 1015/1015/51 
f 991/991/31 803/803/31 1018/1018/48 1017/1017/49 
f 803/803/31 809/809/31 1016/1016/50 1018/1018/48 
f 1004/1004/31 449/449/31 1019/1019/48 1020/1020/49 
f 449/449/31 281/281/31 1021/1021/50 1019/1019/48 
f 281/281/31 853/853/31 1022/1022/51 1021/1021/50 
f 853/853/31 1004/1004/31 1020/1020/49 1022/1022/51 
f 807/807/31 1004/1004/31 1023/1023/48 1024/1024/49 
f 1004/1004/31 853/853/31 1025/1025/50 1023/1023/48 
f 853/853/31 754/754/31 1026/1026/51 1025/1025/50 
f 754/754/31 807/807/31 1024/1024/49 1026/1026/51 
f 867/867/31 292/292/31 1027/1027/51 1028/1028/50 
f 292/292/31 458/458/31 1029/1029/49 1027/1027/51 
f 458/458/31 1010/1010/31 1030/1030/48 1029/1029/49 
f 1010/1010/31 867/867/31 1028/1028/50 1030/1030/48 
f 753/753/31 867/867/31 1031/1031/51 1032/1032/50 
f 867/867/31 1010/1010/31 1033/1033/49 1031/1031/51 
f 1010/1010/31 809/809/31 1034/1034/48 1033/1033/49 
f 809/809/31 753/753/31 1032/1032/50 1034/1034/48 
f 1035/1035/55 483/483/40 1036/1036/51 1037/1037/50 
f 483/483/40 484/484/31 1038/1038/49 1036/1036/51 
f 484/484/31 1039/1039/31 1040/1040/48 1038/1038/49 
f 1039/1039/31 1035/1035/55 1037/1037/50 1040/1040/48 
f 816/816/55 1035/1035/55 1041/1041/51 1042/1042/50 
f 1035/1035/55 1039/1039/31 1043/1043/49 1041/1041/51 
f 1039/1039/31 819/819/31 1044/1044/48 1043/1043/49 
f 819/819/31 816/816/55 1042/1042/50 1044/1044/48 
f 1045/1045/31 493/493/31 1046/1046/48 1047/1047/49 
f 493/493/31 494/494/41 1048/1048/50 1046/1046/48 
f 494/494/41 1049/1049/55 1050/1050/51 1048/1048/50 
f 1049/1049/55 1045/1045/31 1047/1047/49 1050/1050/51 
f 821/821/31 1045/1045/31 1051/1051/48 1052/1052/49 
f 1045/1045/31 1049/1049/55 1053/1053/50 1051/1051/48 
f 1049/1049/55 815/815/55 1054/1054/51 1053/1053/50 
f 815/815/55 821/821/31 1052/1052/49 1054/1054/51 
f 1039/1039/31 484/484/31 1055/1055/51 1056/1056/50 
f 484/484/31 503/503/31 1057/1057/49 1055/1055/51 
f 503/503/31 1058/1058/31 1059/1059/48 1057/1057/49 
f 1058/1058/31 1039/1039/31 1056/1056/50 1059/1059/48 
f 819/819/31 1039/1039/31 1060/1060/51 1061/1061/50 
f 1039/1039/31 1058/1058/31 1062/1062/49 1060/1060/51 
f 1058/1058/31 825/825/31 1063/1063/48 1062/1062/49 
f 825/825/31 819/819/31 1061/1061/50 1063/1063/48 
f 1064/1064/31 512/512/31 1065/1065/48 1066/1066/49 
f 512/512/31 493/493/31 1067/1067/50 1065/1065/48 
f 493/493/31 1045/1045/31 1068/1068/51 1067/1067/50 
f 1045/1045/31 1064/1064/31 1066/1066/49 1068/1068/51 
f 827/827/31 1064/1064/31 1069/1069/48 1070/1070/49 
f 1064/1064/31 1045/1045/31 1071/1071/50 1069/1069/48 
f 1045/1045/31 821/821/31 1072/1072/51 1071/1071/50 
f 821/821/31 827/827/31 1070/1070/49 1072/1072/51 
f 1058/1058/31 503/503/31 1073/1073/51 1074/1074/50 
f 503/503/31 291/291/31 1075/1075/49 1073/1073/51 
f 291/291/31 863/863/31 1076/1076/48 1075/1075/49 
f 863/863/31 1058/1058/31 1074/1074/50 1076/1076/48 
f 825/825/31 1058/1058/31 1077/1077/51 1078/1078/50 
f 1058/1058/31 863/863/31 1079/1079/49 1077/1077/51 
f 863/863/31 759/759/31 1080/1080/48 1079/1079/49 
f 759/759/31 825/825/31 1078/1078/50 1080/1080/48 
f 857/857/31 282/282/31 1081/1081/48 1082/1082/49 
f 282/282/31 512/512/31 1083/1083/50 1081/1081/48 
f 512/512/31 1064/1064/31 1084/1084/51 1083/1083/50 
f 1064/1064/31 857/857/31 1082/1082/49 1084/1084/51 
f 757/757/31 857/857/31 1085/1085/48 1086/1086/49 
f 857/857/31 1064/1064/31 1087/1087/50 1085/1085/48 
f 1064/1064/31 827/827/31 1088/1088/51 1087/1087/50 
f 827/827/31 757/757/31 1086/1086/49 1088/1088/51 
f 748/748/45 747/747/44 10/10/4 9/9/3 
f 747/747/44 750/750/46 11/11/5 10/10/4 
f 750/750/46 752/752/47 12/12/6 11/11/5 
f 752/752/47 748/748/45 9/9/3 12/12/6 
f 756/756/49 755/755/48 18/18/12 17/17/11 
f 755/755/48 758/758/50 19/19/13 18/18/12 
f 758/758/50 760/760/51 20/20/14 19/19/13 
f 760/760/51 756/756/49 17/17/11 20/20/14 
f 764/764/45 763/763/44 50/50/4 49/49/3 
f 763/763/44 766/766/46 51/51/5 50/50/4 
f 766/766/46 768/768/47 52/52/6 51/51/5 
f 768/768/47 764/764/45 49/49/3 52/52/6 
f 770/770/45 769/769/44 54/54/4 53/53/3 
f 769/769/44 772/772/46 55/55/5 54/54/4 
f 772/772/46 774/774/47 56/56/6 55/55/5 
f 774/774/47 770/770/45 53/53/3 56/56/6 
f 776/776/45 775/775/44 58/58/4 57/57/3 
f 775/775/44 777/777/46 59/59/5 58/58/4 
f 777/777/46 778/778/47 60/60/6 59/59/5 
f 778/778/47 776/776/45 57/57/3 60/60/6 
f 782/782/46 781/781/47 62/62/6 61/61/5 
f 781/781/47 784/784/45 63/63/3 62/62/6 
f 784/784/45 786/786/44 64/64/4 63/63/3 
f 786/786/44 782/782/46 61/61/5 64/64/4 
f 788/788/46 787/787/47 66/66/6 65/65/5 
f 787/787/47 790/790/45 67/67/3 66/66/6 
f 790/790/45 792/792/44 68/68/4 67/67/3 
f 792/792/44 788/788/46 65/65/5 68/68/4 
f 794/794/46 793/793/47 70/70/6 69/69/5 
f 793/793/47 795/795/45 71/71/3 70/70/6 
f 795/795/45 796/796/44 72/72/4 71/71/3 
f 796/796/44 794/794/46 69/69/5 72/72/4 
f 800/800/49 799/799/48 74/74/12 73/73/11 
f 799/799/48 802/802/50 75/75/13 74/74/12 
f 802/802/50 804/804/51 76/76/14 75/75/13 
f 804/804/51 800/800/49 73/73/11 76/76/14 
f 806/806/49 805/805/48 78/78/12 77/77/11 
f 805/805/48 808/808/50 79/79/13 78/78/12 
f 808/808/50 810/810/51 80/80/14 79/79/13 
f 810/810/51 806/806/49 77/77/11 80/80/14 
f 812/812/49 811/811/48 82/82/12 81/81/11 
f 811/811/48 813/813/50 83/83/13 82/82/12 
f 813/813/50 814/814/51 84/84/14 83/83/13 
f 814/814/51 812/812/49 81/81/11 84/84/14 
f 818/818/50 817/817/51 86/86/14 85/85/13 
f 817/817/51 820/820/49 87/87/11 86/86/14 
f 820/820/49 822/822/48 88/88/12 87/87/11 
f 822/822/48 818/818/50 85/85/13 88/88/12 
f 824/824/50 823/823/51 90/90/14 89/89/13 
f 823/823/51 826/826/49 91/91/11 90/90/14 
f 826/826/49 828/828/48 92/92/12 91/91/11 
f 828/828/48 824/824/50 89/89/13 92/92/12 
f 830/830/50 829/829/51 94/94/14 93/93/13 
f 829/829/51 831/831/49 95/95/11 94/94/14 
f 831/831/49 832/832/48 96/96/12 95/95/11 
f 832/832/48 830/830/50 93/93/13 96/96/12 
f 835/835/45 834/834/44 244/244/4 243/243/3 
f 834/834/44 836/836/46 245/245/5 244/244/4 
f 836/836/46 838/838/47 246/246/6 245/245/5 
f 838/838/47 835/835/45 243/243/3 246/246/6 
f 840/840/45 839/839/44 248/248/4 247/247/3 
f 839/839/44 841/841/46 249/249/5 248/248/4 
f 841/841/46 842/842/47 250/250/6 249/249/5 
f 842/842/47 840/840/45 247/247/3 250/250/6 
f 845/845/46 844/844/47 254/254/6 253/253/5 
f 844/844/47 846/846/45 255/255/3 254/254/6 
f 846/846/45 848/848/44 256/256/4 255/255/3 
f 848/848/44 845/845/46 253/253/5 256/256/4 
f 850/850/46 849/849/47 258/258/6 257/257/5 
f 849/849/47 851/851/45 259/259/3 258/258/6 
f 851/851/45 852/852/44 260/260/4 259/259/3 
f 852/852/44 850/850/46 257/257/5 260/260/4 
f 855/855/49 854/854/48 284/284/12 283/283/11 
f 854/854/48 856/856/50 285/285/13 284/284/12 
f 856/856/50 858/858/51 286/286/14 285/285/13 
f 858/858/51 855/855/49 283/283/11 286/286/14 
f 860/860/49 859/859/48 288/288/12 287/287/11 
f 859/859/48 861/861/50 289/289/13 288/288/12 
f 861/861/50 862/862/51 290/290/14 289/289/13 
f 862/862/51 860/860/49 287/287/11 290/290/14 
f 865/865/50 864/864/51 294/294/14 293/293/13 
f 864/864/51 866/866/49 295/295/11 294/294/14 
f 866/866/49 868/868/48 296/296/12 295/295/11 
f 868/868/48 865/865/50 293/293/13 296/296/12 
f 870/870/50 869/869/51 298/298/14 297/297/13 
f 869/869/51 871/871/49 299/299/11 298/298/14 
f 871/871/49 872/872/48 300/300/12 299/299/11 
f 872/872/48 870/870/50 297/297/13 300/300/12 
f 875/875/45 874/874/44 324/324/4 323/323/3 
f 874/874/44 876/876/46 325/325/5 324/324/4 
f 876/876/46 878/878/47 326/326/6 325/325/5 
f 878/878/47 875/875/45 323/323/3 326/326/6 
f 880/880/45 879/879/44 328/328/4 327/327/3 
f 879/879/44 881/881/46 329/329/5 328/328/4 
f 881/881/46 882/882/47 330/330/6 329/329/5 
f 882/882/47 880/880/45 327/327/3 330/330/6 
f 885/885/46 884/884/47 334/334/6 333/333/5 
f 884/884/47 886/886/45 335/335/3 334/334/6 
f 886/886/45 888/888/44 336/336/4 335/335/3 
f 888/888/44 885/885/46 333/333/5 336/336/4 
f 890/890/46 889/889/47 338/338/6 337/337/5 
f 889/889/47 891/891/45 339/339/3 338/338/6 
f 891/891/45 892/892/44 340/340/4 339/339/3 
f 892/892/44 890/890/46 337/337/5 340/340/4 
f 894/894/45 893/893/44 343/343/4 342/342/3 
f 893/893/44 895/895/46 344/344/5 343/343/4 
f 895/895/46 897/897/47 345/345/6 344/344/5 
f 897/897/47 894/894/45 342/342/3 345/345/6 
f 899/899/45 898/898/44 347/347/4 346/346/3 
f 898/898/44 900/900/46 348/348/5 347/347/4 
f 900/900/46 901/901/47 349/349/6 348/348/5 
f 901/901/47 899/899/45 346/346/3 349/349/6 
f 904/904/46 903/903/47 352/352/6 351/351/5 
f 903/903/47 905/905/45 353/353/3 352/352/6 
f 905/905/45 906/906/44 354/354/4 353/353/3 
f 906/906/44 904/904/46 351/351/5 354/354/4 
f 908/908/46 907/907/47 356/356/6 355/355/5 
f 907/907/47 909/909/45 357/357/3 356/356/6 
f 909/909/45 910/910/44 358/358/4 357/357/3 
f 910/910/44 908/908/46 355/355/5 358/358/4 
f 912/912/45 911/911/44 360/360/4 359/359/3 
f 911/911/44 913/913/46 361/361/5 360/360/4 
f 913/913/46 914/914/47 362/362/6 361/361/5 
f 914/914/47 912/912/45 359/359/3 362/362/6 
f 916/916/45 915/915/44 364/364/4 363/363/3 
f 915/915/44 917/917/46 365/365/5 364/364/4 
f 917/917/46 918/918/47 366/366/6 365/365/5 
f 918/918/47 916/916/45 363/363/3 366/366/6 
f 920/920/46 919/919/47 368/368/6 367/367/5 
f 919/919/47 921/921/45 369/369/3 368/368/6 
f 921/921/45 922/922/44 370/370/4 369/369/3 
f 922/922/44 920/920/46 367/367/5 370/370/4 
f 924/924/46 923/923/47 372/372/6 371/371/5 
f 923/923/47 925/925/45 373/373/3 372/372/6 
f 925/925/45 926/926/44 374/374/4 373/373/3 
f 926/926/44 924/924/46 371/371/5 374/374/4 
f 929/929/46 928/928/47 378/378/6 377/377/5 
f 928/928/47 930/930/45 379/379/3 378/378/6 
f 930/930/45 932/932/44 380/380/4 379/379/3 
f 932/932/44 929/929/46 377/377/5 380/380/4 
f 934/934/46 933/933/47 382/382/6 381/381/5 
f 933/933/47 935/935/45 383/383/3 382/382/6 
f 935/935/45 936/936/44 384/384/4 383/383/3 
f 936/936/44 934/934/46 381/381/5 384/384/4 
f 939/939/45 938/938/44 388/388/4 387/387/3 
f 938/938/44 940/940/46 389/389/5 388/388/4 
f 940/940/46 942/942/47 390/390/6 389/389/5 
f 942/942/47 939/939/45 387/387/3 390/390/6 
f 944/944/45 943/943/44 392/392/4 391/391/3 
f 943/943/44 945/945/46 393/393/5 392/392/4 
f 945/945/46 946/946/47 394/394/6 393/393/5 
f 946/946/47 944/944/45 391/391/3 394/394/6 
f 948/948/46 947/947/47 397/397/6 396/396/5 
f 947/947/47 949/949/45 398/398/3 397/397/6 
f 949/949/45 951/951/44 399/399/4 398/398/3 
f 951/951/44 948/948/46 396/396/5 399/399/4 
f 953/953/46 952/952/47 401/401/6 400/400/5 
f 952/952/47 954/954/45 402/402/3 401/401/6 
f 954/954/45 955/955/44 403/403/4 402/402/3 
f 955/955/44 953/953/46 400/400/5 403/403/4 
f 958/958/45 957/957/44 406/406/4 405/405/3 
f 957/957/44 959/959/46 407/407/5 406/406/4 
f 959/959/46 960/960/47 408/408/6 407/407/5 
f 960/960/47 958/958/45 405/405/3 408/408/6 
f 962/962/45 961/961/44 410/410/4 409/409/3 
f 961/961/44 963/963/46 411/411/5 410/410/4 
f 963/963/46 964/964/47 412/412/6 411/411/5 
f 964/964/47 962/962/45 409/409/3 412/412/6 
f 966/966/46 965/965/47 414/414/6 413/413/5 
f 965/965/47 967/967/45 415/415/3 414/414/6 
f 967/967/45 968/968/44 416/416/4 415/415/3 
f 968/968/44 966/966/46 413/413/5 416/416/4 
f 970/970/46 969/969/47 418/418/6 417/417/5 
f 969/969/47 971/971/45 419/419/3 418/418/6 
f 971/971/45 972/972/44 420/420/4 419/419/3 
f 972/972/44 970/970/46 417/417/5 420/420/4 
f 974/974/45 973/973/44 422/422/4 421/421/3 
f 973/973/44 975/975/46 423/423/5 422/422/4 
f 975/975/46 976/976/47 424/424/6 423/423/5 
f 976/976/47 974/974/45 421/421/3 424/424/6 
f 978/978/45 977/977/44 426/426/4 425/425/3 
f 977/977/44 979/979/46 427/427/5 426/426/4 
f 979/979/46 980/980/47 428/428/6 427/427/5 
f 980/980/47 978/978/45 425/425/3 428/428/6 
f 983/983/49 982/982/48 432/432/12 431/431/11 
f 982/982/48 984/984/50 433/433/13 432/432/12 
f 984/984/50 986/986/51 434/434/14 433/433/13 
f 986/986/51 983/983/49 431/431/11 434/434/14 
f 988/988/49 987/987/48 436/436/12 435/435/11 
f 987/987/48 989/989/50 437/437/13 436/436/12 
f 989/989/50 990/990/51 438/438/14 437/437/13 
f 990/990/51 988/988/49 435/435/11 438/438/14 
f 993/993/50 992/992/51 442/442/14 441/441/13 
f 992/992/51 994/994/49 443/443/11 442/442/14 
f 994/994/49 996/996/48 444/444/12 443/443/11 
f 996/996/48 993/993/50 441/441/13 444/444/12 
f 998/998/50 997/997/51 446/446/14 445/445/13 
f 997/997/51 999/999/49 447/447/11 446/446/14 
f 999/999/49 1000/1000/48 448/448/12 447/447/11 
f 1000/1000/48 998/998/50 445/445/13 448/448/12 
f 1002/1002/49 1001/1001/48 451/451/12 450/450/11 
f 1001/1001/48 1003/1003/50 452/452/13 451/451/12 
f 1003/1003/50 1005/1005/51 453/453/14 452/452/13 
f 1005/1005/51 1002/1002/49 450/450/11 453/453/14 
f 1007/1007/49 1006/1006/48 455/455/12 454/454/11 
f 1006/1006/48 1008/1008/50 456/456/13 455/455/12 
f 1008/1008/50 1009/1009/51 457/457/14 456/456/13 
f 1009/1009/51 1007/1007/49 454/454/11 457/457/14 
f 1012/1012/50 1011/1011/51 460/460/14 459/459/13 
f 1011/1011/51 1013/1013/49 461/461/11 460/460/14 
f 1013/1013/49 1014/1014/48 462/462/12 461/461/11 
f 1014/1014/48 1012/1012/50 459/459/13 462/462/12 
f 1016/1016/50 1015/1015/51 464/464/14 463/463/13 
f 1015/1015/51 1017/1017/49 465/465/11 464/464/14 
f 1017/1017/49 1018/1018/48 466/466/12 465/465/11 
f 1018/1018/48 1016/1016/50 463/463/13 466/466/12 
f 1020/1020/49 1019/1019/48 468/468/12 467/467/11 
f 1019/1019/48 1021/1021/50 469/469/13 468/468/12 
f 1021/1021/50 1022/1022/51 470/470/14 469/469/13 
f 1022/1022/51 1020/1020/49 467/467/11 470/470/14 
f 1024/1024/49 1023/1023/48 472/472/12 471/471/11 
f 1023/1023/48 1025/1025/50 473/473/13 472/472/12 
f 1025/1025/50 1026/1026/51 474/474/14 473/473/13 
f 1026/1026/51 1024/1024/49 471/471/11 474/474/14 
f 1028/1028/50 1027/1027/51 476/476/14 475/475/13 
f 1027/1027/51 1029/1029/49 477/477/11 476/476/14 
f 1029/1029/49 1030/1030/48 478/478/12 477/477/11 
f 1030/1030/48 1028/1028/50 475/475/13 478/478/12 
f 1032/1032/50 1031/1031/51 480/480/14 479/479/13 
f 1031/1031/51 1033/1033/49 481/481/11 480/480/14 
f 1033/1033/49 1034/1034/48 482/482/12 481/481/11 
f 1034/1034/48 1032/1032/50 479/479/13 482/482/12 
f 1037/1037/50 1036/1036/51 486/486/14 485/485/13 
f 1036/1036/51 1038/1038/49 487/487/11 486/486/14 
f 1038/1038/49 1040/1040/48 488/488/12 487/487/11 
f 1040/1040/48 1037/1037/50 485/485/13 488/488/12 
f 1042/1042/50 1041/1041/51 490/490/14 489/489/13 
f 1041/1041/51 1043/1043/49 491/491/11 490/490/14 
f 1043/1043/49 1044/1044/48 492/492/12 491/491/11 
f 1044/1044/48 1042/1042/50 489/489/13 492/492/12 
f 1047/1047/49 1046/1046/48 496/496/12 495/495/11 
f 1046/1046/48 1048/1048/50 497/497/13 496/496/12 
f 1048/1048/50 1050/1050/51 498/498/14 497/497/13 
f 1050/1050/51 1047/1047/49 495/495/11 498/498/14 
f 1052/1052/49 1051/1051/48 500/500/12 499/499/11 
f 1051/1051/48 1053/1053/50 501/501/13 500/500/12 
f 1053/1053/50 1054/1054/51 502/502/14 501/501/13 
f 1054/1054/51 1052/1052/49 499/499/11 502/502/14 
f 1056/1056/50 1055/1055/51 505/505/14 504/504/13 
f 1055/1055/51 1057/1057/49 506/506/11 505/505/14 
f 1057/1057/49 1059/1059/48 507/507/12 506/506/11 
f 1059/1059/48 1056/1056/50 504/504/13 507/507/12 
f 1061/1061/50 1060/1060/51 509/509/14 508/508/13 
f 1060/1060/51 1062/1062/49 510/510/11 509/509/14 
f 1062/1062/49 1063/1063/48 511/511/12 510/510/11 
f 1063/1063/48 1061/1061/50 508/508/13 511/511/12 
f 1066/1066/49 1065/1065/48 514/514/12 513/513/11 
f 1065/1065/48 1067/1067/50 515/515/13 514/514/12 
f 1067/1067/50 1068/1068/51 516/516/14 515/515/13 
f 1068/1068/51 1066/1066/49 513/513/11 516/516/14 
f 1070/1070/49 1069/1069/48 518/518/12 517/517/11 
f 1069/1069/48 1071/1071/50 519/519/13 518/518/12 
f 1071/1071/50 1072/1072/51 520/520/14 519/519/13 
f 1072/1072/51 1070/1070/49 517/517/11 520/520/14 
f 1074/1074/50 1073/1073/51 522/522/14 521/521/13 
f 1073/1073/51 1075/1075/49 523/523/11 522/522/14 
f 1075/1075/49 1076/1076/48 524/524/12 523/523/11 
f 1076/1076/48 1074/1074/50 521/521/13 524/524/12 
f 1078/1078/50 1077/1077/51 526/526/14 525/525/13 
f 1077/1077/51 1079/1079/49 527/527/11 526/526/14 
f 1079/1079/49 1080/1080/48 528/528/12 527/527/11 
f 1080/1080/48 1078/1078/50 525/525/13 528/528/12 
f 1082/1082/49 1081/1081/48 530/530/12 529/529/11 
f 1081/1081/48 1083/1083/50 531/531/13 530/530/12 
f 1083/1083/50 1084/1084/51 532/532/14 531/531/13 
f 1084/1084/51 1082/1082/49 529/529/11 532/532/14 
f 1086/1086/49 1085/1085/48 534/534/12 533/533/11 
f 1085/1085/48 1087/1087/50 535/535/13 534/534/12 
f 1087/1087/50 1088/1088/51 536/536/14 535/535/13 
f 1088/1088/51 1086/1086/49 533/533/11 536/536/14 
f 1089/1089/59 1090/1090/60 14/14/8 13/13/7 
f 1090/1090/60 1091/1091/61 15/15/9 14/14/8 
f 1091/1091/61 1092/1092/62 16/16/10 15/15/9 
f 1092/1092/62 1089/1089/59 13/13/7 16/16/10 
f 1093/1093/63 1094/1094/63 22/22/16 21/21/15 
f 1094/1094/63 1095/1095/64 23/23/17 22/22/16 
f 1095/1095/64 1096/1096/64 24/24/18 23/23/17 
f 1096/1096/64 1093/1093/63 21/21/15 24/24/18 
f 816/1149/55 815/1219/55 122/122/8 121/121/7 
f 815/1219/55 1097/1097/61 123/123/9 122/122/8 
f 1097/1097/61 1098/1098/62 124/124/10 123/123/9 
f 1098/1098/62 816/1149/55 121/121/7 124/124/10 
f 1098/1098/62 1097/1097/61 126/126/8 125/125/7 
f 1097/1097/61 1099/1099/62 127/127/9 126/126/8 
f 1099/1099/62 1100/1100/61 128/128/10 127/127/9 
f 1100/1100/61 1098/1098/62 125/125/7 128/128/10 
f 1100/1100/61 1099/1099/62 130/130/8 129/129/7 
f 1099/1099/62 1090/1090/60 131/131/9 130/130/8 
f 1090/1090/60 1089/1089/59 132/132/10 131/131/9 
f 1089/1089/59 1100/1100/61 129/129/7 132/132/10 
f 762/1214/52 761/1213/52 134/134/10 133/133/9 
f 761/1213/52 1101/1101/62 135/135/7 134/134/10 
f 1101/1101/62 1102/1102/61 136/136/8 135/135/7 
f 1102/1102/61 762/1214/52 133/133/9 136/136/8 
f 1102/1102/61 1101/1101/62 138/138/10 137/137/9 
f 1101/1101/62 1103/1103/61 139/139/7 138/138/10 
f 1103/1103/61 1104/1104/62 140/140/8 139/139/7 
f 1104/1104/62 1102/1102/61 137/137/9 140/140/8 
f 1104/1104/62 1103/1103/61 142/142/10 141/141/9 
f 1103/1103/61 1092/1092/62 143/143/7 142/142/10 
f 1092/1092/62 1091/1091/61 144/144/8 143/143/7 
f 1091/1091/61 1104/1104/62 141/141/9 144/144/8 
f 780/1216/53 779/1215/53 146/146/16 145/145/15 
f 779/1215/53 1105/1105/65 147/147/17 146/146/16 
f 1105/1105/65 1106/1106/63 148/148/18 147/147/17 
f 1106/1106/63 780/1216/53 145/145/15 148/148/18 
f 1106/1106/63 1105/1105/65 150/150/16 149/149/15 
f 1105/1105/65 1107/1107/63 151/151/17 150/150/16 
f 1107/1107/63 1108/1108/65 152/152/18 151/151/17 
f 1108/1108/65 1106/1106/63 149/149/15 152/152/18 
f 1108/1108/65 1107/1107/63 154/154/16 153/153/15 
f 1107/1107/63 1094/1094/63 155/155/17 154/154/16 
f 1094/1094/63 1093/1093/63 156/156/18 155/155/17 
f 1093/1093/63 1108/1108/65 153/153/15 156/156/18 
f 798/1218/54 797/1217/54 158/158/18 157/157/17 
f 797/1217/54 1109/1109/66 159/159/15 158/158/18 
f 1109/1109/66 1110/1110/64 160/160/16 159/159/15 
f 1110/1110/64 798/1218/54 157/157/17 160/160/16 
f 1110/1110/64 1109/1109/66 162/162/18 161/161/17 
f 1109/1109/66 1111/1111/65 163/163/15 162/162/18 
f 1111/1111/65 1112/1112/63 164/164/16 163/163/15 
f 1112/1112/63 1110/1110/64 161/161/17 164/164/16 
f 1112/1112/63 1111/1111/65 166/166/18 165/165/17 
f 1111/1111/65 1096/1096/64 167/167/15 166/166/18 
f 1096/1096/64 1095/1095/64 168/168/16 167/167/15 
f 1095/1095/64 1112/1112/63 165/165/17 168/168/16 
f 1113/1113/61 261/261/28 264/264/8 263/263/7 
f 261/261/28 262/262/29 265/265/9 264/264/8 
f 262/262/29 1114/1114/61 266/266/10 265/265/9 
f 1114/1114/61 1113/1113/61 263/263/7 266/266/10 
f 1090/1090/60 1113/1113/61 268/268/8 267/267/7 
f 1113/1113/61 1114/1114/61 269/269/9 268/268/8 
f 1114/1114/61 1091/1091/61 270/270/10 269/269/9 
f 1091/1091/61 1090/1090/60 267/267/7 270/270/10 
f 1115/1115/60 271/271/30 274/274/10 273/273/9 
f 271/271/30 272/272/30 275/275/7 274/274/10 
f 272/272/30 1116/1116/61 276/276/8 275/275/7 
f 1116/1116/61 1115/1115/60 273/273/9 276/276/8 
f 1092/1092/62 1115/1115/60 278/278/10 277/277/9 
f 1115/1115/60 1116/1116/61 279/279/7 278/278/10 
f 1116/1116/61 1089/1089/59 280/280/8 279/279/7 
f 1089/1089/59 1092/1092/62 277/277/9 280/280/8 
f 1117/1117/65 301/301/32 304/304/16 303/303/15 
f 301/301/32 302/302/32 305/305/17 304/304/16 
f 302/302/32 1118/1118/64 306/306/18 305/305/17 
f 1118/1118/64 1117/1117/65 303/303/15 306/306/18 
f 1094/1094/63 1117/1117/65 308/308/16 307/307/15 
f 1117/1117/65 1118/1118/64 309/309/17 308/308/16 
f 1118/1118/64 1095/1095/64 310/310/18 309/309/17 
f 1095/1095/64 1094/1094/63 307/307/15 310/310/18 
f 1119/1119/65 311/311/33 314/314/18 313/313/17 
f 311/311/33 312/312/33 315/315/15 314/314/18 
f 312/312/33 1120/1120/64 316/316/16 315/315/15 
f 1120/1120/64 1119/1119/65 313/313/17 316/316/16 
f 1096/1096/64 1119/1119/65 318/318/18 317/317/17 
f 1119/1119/65 1120/1120/64 319/319/15 318/318/18 
f 1120/1120/64 1093/1093/63 320/320/16 319/319/15 
f 1093/1093/63 1096/1096/64 317/317/17 320/320/16 
f 1049/1169/55 494/1208/41 539/539/8 538/538/7 
f 494/1208/41 537/537/29 540/540/9 539/539/8 
f 537/537/29 1121/1121/61 541/541/10 540/540/9 
f 1121/1121/61 1049/1169/55 538/538/7 541/541/10 
f 815/1219/55 1049/1169/55 543/543/8 542/542/7 
f 1049/1169/55 1121/1121/61 544/544/9 543/543/8 
f 1121/1121/61 1097/1097/61 545/545/10 544/544/9 
f 1097/1097/61 815/1219/55 542/542/7 545/545/10 
f 1122/1122/61 546/546/30 548/548/10 547/547/9 
f 546/546/30 483/1171/40 549/549/7 548/548/10 
f 483/1171/40 1035/1207/55 550/550/8 549/549/7 
f 1035/1207/55 1122/1122/61 547/547/9 550/550/8 
f 1098/1098/62 1122/1122/61 552/552/10 551/551/9 
f 1122/1122/61 1035/1207/55 553/553/7 552/552/10 
f 1035/1207/55 816/1149/55 554/554/8 553/553/7 
f 816/1149/55 1098/1098/62 551/551/9 554/554/8 
f 1121/1121/61 537/537/29 557/557/8 556/556/7 
f 537/537/29 555/555/29 558/558/9 557/557/8 
f 555/555/29 1123/1123/61 559/559/10 558/558/9 
f 1123/1123/61 1121/1121/61 556/556/7 559/559/10 
f 1097/1097/61 1121/1121/61 561/561/8 560/560/7 
f 1121/1121/61 1123/1123/61 562/562/9 561/561/8 
f 1123/1123/61 1099/1099/62 563/563/10 562/562/9 
f 1099/1099/62 1097/1097/61 560/560/7 563/563/10 
f 1124/1124/61 564/564/30 566/566/10 565/565/9 
f 564/564/30 546/546/30 567/567/7 566/566/10 
f 546/546/30 1122/1122/61 568/568/8 567/567/7 
f 1122/1122/61 1124/1124/61 565/565/9 568/568/8 
f 1100/1100/61 1124/1124/61 570/570/10 569/569/9 
f 1124/1124/61 1122/1122/61 571/571/7 570/570/10 
f 1122/1122/61 1098/1098/62 572/572/8 571/571/7 
f 1098/1098/62 1100/1100/61 569/569/9 572/572/8 
f 1123/1123/61 555/555/29 574/574/8 573/573/7 
f 555/555/29 261/261/28 575/575/9 574/574/8 
f 261/261/28 1113/1113/61 576/576/10 575/575/9 
f 1113/1113/61 1123/1123/61 573/573/7 576/576/10 
f 1099/1099/62 1123/1123/61 578/578/8 577/577/7 
f 1123/1123/61 1113/1113/61 579/579/9 578/578/8 
f 1113/1113/61 1090/1090/60 580/580/10 579/579/9 
f 1090/1090/60 1099/1099/62 577/577/7 580/580/10 
f 1116/1116/61 272/272/30 582/582/10 581/581/9 
f 272/272/30 564/564/30 583/583/7 582/582/10 
f 564/564/30 1124/1124/61 584/584/8 583/583/7 
f 1124/1124/61 1116/1116/61 581/581/9 584/584/8 
f 1089/1089/59 1116/1116/61 586/586/10 585/585/9 
f 1116/1116/61 1124/1124/61 587/587/7 586/586/10 
f 1124/1124/61 1100/1100/61 588/588/8 587/587/7 
f 1100/1100/61 1089/1089/59 585/585/9 588/588/8 
f 887/1221/56 332/1194/35 591/591/10 590/590/9 
f 332/1194/35 589/589/42 592/592/7 591/591/10 
f 589/589/42 1125/1125/60 593/593/8 592/592/7 
f 1125/1125/60 887/1221/56 590/590/9 593/593/8 
f 761/1213/52 887/1221/56 595/595/10 594/594/9 
f 887/1221/56 1125/1125/60 596/596/7 595/595/10 
f 1125/1125/60 1101/1101/62 597/597/8 596/596/7 
f 1101/1101/62 761/1213/52 594/594/9 597/597/8 
f 1126/1126/61 598/598/29 600/600/8 599/599/7 
f 598/598/29 321/1211/34 601/601/9 600/600/8 
f 321/1211/34 873/1220/56 602/602/10 601/601/9 
f 873/1220/56 1126/1126/61 599/599/7 602/602/10 
f 1102/1102/61 1126/1126/61 604/604/8 603/603/7 
f 1126/1126/61 873/1220/56 605/605/9 604/604/8 
f 873/1220/56 762/1214/52 606/606/10 605/605/9 
f 762/1214/52 1102/1102/61 603/603/7 606/606/10 
f 1125/1125/60 589/589/42 609/609/10 608/608/9 
f 589/589/42 607/607/30 610/610/7 609/609/10 
f 607/607/30 1127/1127/61 611/611/8 610/610/7 
f 1127/1127/61 1125/1125/60 608/608/9 611/611/8 
f 1101/1101/62 1125/1125/60 613/613/10 612/612/9 
f 1125/1125/60 1127/1127/61 614/614/7 613/613/10 
f 1127/1127/61 1103/1103/61 615/615/8 614/614/7 
f 1103/1103/61 1101/1101/62 612/612/9 615/615/8 
f 1128/1128/61 616/616/29 618/618/8 617/617/7 
f 616/616/29 598/598/29 619/619/9 618/618/8 
f 598/598/29 1126/1126/61 620/620/10 619/619/9 
f 1126/1126/61 1128/1128/61 617/617/7 620/620/10 
f 1104/1104/62 1128/1128/61 622/622/8 621/621/7 
f 1128/1128/61 1126/1126/61 623/623/9 622/622/8 
f 1126/1126/61 1102/1102/61 624/624/10 623/623/9 
f 1102/1102/61 1104/1104/62 621/621/7 624/624/10 
f 1127/1127/61 607/607/30 626/626/10 625/625/9 
f 607/607/30 271/271/30 627/627/7 626/626/10 
f 271/271/30 1115/1115/60 628/628/8 627/627/7 
f 1115/1115/60 1127/1127/61 625/625/9 628/628/8 
f 1103/1103/61 1127/1127/61 630/630/10 629/629/9 
f 1127/1127/61 1115/1115/60 631/631/7 630/630/10 
f 1115/1115/60 1092/1092/62 632/632/8 631/631/7 
f 1092/1092/62 1103/1103/61 629/629/9 632/632/8 
f 1114/1114/61 262/262/29 634/634/8 633/633/7 
f 262/262/29 616/616/29 635/635/9 634/634/8 
f 616/616/29 1128/1128/61 636/636/10 635/635/9 
f 1128/1128/61 1114/1114/61 633/633/7 636/636/10 
f 1091/1091/61 1114/1114/61 638/638/8 637/637/7 
f 1114/1114/61 1128/1128/61 639/639/9 638/638/8 
f 1128/1128/61 1104/1104/62 640/640/10 639/639/9 
f 1104/1104/62 1091/1091/61 637/637/7 640/640/10 
f 941/1223/57 386/1181/37 643/643/16 642/642/15 
f 386/1181/37 641/641/32 644/644/17 643/643/16 
f 641/641/32 1129/1129/65 645/645/18 644/644/17 
f 1129/1129/65 941/1223/57 642/642/15 645/645/18 
f 779/1215/53 941/1223/57 647/647/16 646/646/15 
f 941/1223/57 1129/1129/65 648/648/17 647/647/16 
f 1129/1129/65 1105/1105/65 649/649/18 648/648/17 
f 1105/1105/65 779/1215/53 646/646/15 649/649/18 
f 1130/1130/64 650/650/43 652/652/18 651/651/17 
f 650/650/43 375/1212/36 653/653/15 652/652/18 
f 375/1212/36 927/1222/57 654/654/16 653/653/15 
f 927/1222/57 1130/1130/64 651/651/17 654/654/16 
f 1106/1106/63 1130/1130/64 656/656/18 655/655/17 
f 1130/1130/64 927/1222/57 657/657/15 656/656/18 
f 927/1222/57 780/1216/53 658/658/16 657/657/15 
f 780/1216/53 1106/1106/63 655/655/17 658/658/16 
f 1129/1129/65 641/641/32 661/661/16 660/660/15 
f 641/641/32 659/659/32 662/662/17 661/661/16 
f 659/659/32 1131/1131/65 663/663/18 662/662/17 
f 1131/1131/65 1129/1129/65 660/660/15 663/663/18 
f 1105/1105/65 1129/1129/65 665/665/16 664/664/15 
f 1129/1129/65 1131/1131/65 666/666/17 665/665/16 
f 1131/1131/65 1107/1107/63 667/667/18 666/666/17 
f 1107/1107/63 1105/1105/65 664/664/15 667/667/18 
f 1132/1132/65 668/668/33 670/670/18 669/669/17 
f 668/668/33 650/650/43 671/671/15 670/670/18 
f 650/650/43 1130/1130/64 672/672/16 671/671/15 
f 1130/1130/64 1132/1132/65 669/669/17 672/672/16 
f 1108/1108/65 1132/1132/65 674/674/18 673/673/17 
f 1132/1132/65 1130/1130/64 675/675/15 674/674/18 
f 1130/1130/64 1106/1106/63 676/676/16 675/675/15 
f 1106/1106/63 1108/1108/65 673/673/17 676/676/16 
f 1131/1131/65 659/659/32 678/678/16 677/677/15 
f 659/659/32 301/301/32 679/679/17 678/678/16 
f 301/301/32 1117/1117/65 680/680/18 679/679/17 
f 1117/1117/65 1131/1131/65 677/677/15 680/680/18 
f 1107/1107/63 1131/1131/65 682/682/16 681/681/15 
f 1131/1131/65 1117/1117/65 683/683/17 682/682/16 
f 1117/1117/65 1094/1094/63 684/684/18 683/683/17 
f 1094/1094/63 1107/1107/63 681/681/15 684/684/18 
f 1120/1120/64 312/312/33 686/686/18 685/685/17 
f 312/312/33 668/668/33 687/687/15 686/686/18 
f 668/668/33 1132/1132/65 688/688/16 687/687/15 
f 1132/1132/65 1120/1120/64 685/685/17 688/688/16 
f 1093/1093/63 1120/1120/64 690/690/18 689/689/17 
f 1120/1120/64 1132/1132/65 691/691/15 690/690/18 
f 1132/1132/65 1108/1108/65 692/692/16 691/691/15 
f 1108/1108/65 1093/1093/63 689/689/17 692/692/16 
f 995/1158/58 440/1160/39 695/695/18 694/694/17 
f 440/1160/39 693/693/43 696/696/15 695/695/18 
f 693/693/43 1133/1133/65 697/697/16 696/696/15 
f 1133/1133/65 995/1158/58 694/694/17 697/697/16 
f 797/1217/54 995/1158/58 699/699/18 698/698/17 
f 995/1158/58 1133/1133/65 700/700/15 699/699/18 
f 1133/1133/65 1109/1109/66 701/701/16 700/700/15 
f 1109/1109/66 797/1217/54 698/698/17 701/701/16 
f 1134/1134/65 702/702/32 704/704/16 703/703/15 
f 702/702/32 429/1152/38 705/705/17 704/704/16 
f 429/1152/38 981/1224/54 706/706/18 705/705/17 
f 981/1224/54 1134/1134/65 703/703/15 706/706/18 
f 1110/1110/64 1134/1134/65 708/708/16 707/707/15 
f 1134/1134/65 981/1224/54 709/709/17 708/708/16 
f 981/1224/54 798/1218/54 710/710/18 709/709/17 
f 798/1218/54 1110/1110/64 707/707/15 710/710/18 
f 1133/1133/65 693/693/43 713/713/18 712/712/17 
f 693/693/43 711/711/33 714/714/15 713/713/18 
f 711/711/33 1135/1135/65 715/715/16 714/714/15 
f 1135/1135/65 1133/1133/65 712/712/17 715/715/16 
f 1109/1109/66 1133/1133/65 717/717/18 716/716/17 
f 1133/1133/65 1135/1135/65 718/718/15 717/717/18 
f 1135/1135/65 1111/1111/65 719/719/16 718/718/15 
f 1111/1111/65 1109/1109/66 716/716/17 719/719/16 
f 1136/1136/65 720/720/32 722/722/16 721/721/15 
f 720/720/32 702/702/32 723/723/17 722/722/16 
f 702/702/32 1134/1134/65 724/724/18 723/723/17 
f 1134/1134/65 1136/1136/65 721/721/15 724/724/18 
f 1112/1112/63 1136/1136/65 726/726/16 725/725/15 
f 1136/1136/65 1134/1134/65 727/727/17 726/726/16 
f 1134/1134/65 1110/1110/64 728/728/18 727/727/17 
f 1110/1110/64 1112/1112/63 725/725/15 728/728/18 
f 1135/1135/65 711/711/33 730/730/18 729/729/17 
f 711/711/33 311/311/33 731/731/15 730/730/18 
f 311/311/33 1119/1119/65 732/732/16 731/731/15 
f 1119/1119/65 1135/1135/65 729/729/17 732/732/16 
f 1111/1111/65 1135/1135/65 734/734/18 733/733/17 
f 1135/1135/65 1119/1119/65 735/735/15 734/734/18 
f 1119/1119/65 1096/1096/64 736/736/16 735/735/15 
f 1096/1096/64 1111/1111/65 733/733/17 736/736/16 
f 1118/1118/64 302/302/32 738/738/16 737/737/15 
f 302/302/32 720/720/32 739/739/17 738/738/16 
f 720/720/32 1136/1136/65 740/740/18 739/739/17 
f 1136/1136/65 1118/1118/64 737/737/15 740/740/18 
f 1095/1095/64 1118/1118/64 742/742/16 741/741/15 
f 1118/1118/64 1136/1136/65 743/743/17 742/742/16 
f 1136/1136/65 1112/1112/63 744/744/18 743/743/17 
f 1112/1112/63 1095/1095/64 741/741/15 744/744/18 
#end 1134 faces

#ZOMPROPERTIES_04{
#ZOMPROPERTIES_04 table {Mesh table {SymPlane table {Point vector3d 0 0 0 Normal vector3d 1 0 0 Threshold double 0.01 
#ZOMPROPERTIES_04 Enabled bool false EdgeID int -1 SymEdgeID int -1 UPos double 0.5 LocalMode bool false } RootGroup C
#ZOMPROPERTIES_04 SubMeshGroup {Children table {Tile_0_0 CSubMeshGroup {Children table {} BBoxUV box3d 0 0 0 0 0 0 BBo
#ZOMPROPERTIES_04 x3D box3d 0 0 0 0 0 0 Area3D double 0 AreaUV double 0 IsRoot bool false Properties table {Selected b
#ZOMPROPERTIES_04 ool false Box box3d 0 1 0 1 0 1 U int 0 V int 0 NU int 0 NV int 0 Pack table {BoxFrameEdit bool fals
#ZOMPROPERTIES_04 e Behavior string "Free" Locked bool false Scaling table {Optimization string "Fill" } } Hotspot tab
#ZOMPROPERTIES_04 le {} } IsTile bool true PolyIDs ints { 0 11 10 9 77 76 75 81 87 30 66 60 54 55 56 6 59 58 57 63 69 
#ZOMPROPERTIES_04 33 84 78 72 73 74 79 80 85 86 34 35 71 65 70 8 7 64 62 68 67 61 31 32 88 89 82 83 1 17 16 15 113 112
#ZOMPROPERTIES_04  111 117 123 36 102 96 90 91 92 12 95 94 93 99 105 39 120 114 108 109 110 115 116 121 122 40 41 107 
#ZOMPROPERTIES_04 101 106 14 13 100 98 104 103 97 37 38 124 125 118 119 5 860 908 53 906 904 52 902 900 51 898 899 109
#ZOMPROPERTIES_04 3 278 1091 1089 277 1087 276 282 288 147 273 267 261 1047 262 1049 1051 263 1053 889 48 887 1045 260
#ZOMPROPERTIES_04  1043 1041 259 1039 258 264 270 144 291 285 279 1095 280 1097 1099 281 1101 1098 1116 287 1114 1132 
#ZOMPROPERTIES_04 293 1130 932 146 930 1076 272 1074 1060 266 1058 1059 1057 265 1055 1056 1070 271 1072 926 145 928 1
#ZOMPROPERTIES_04 126 292 1128 1110 286 1112 1113 1111 1129 1127 929 927 1073 1071 1054 1061 891 49 893 1069 269 1067 
#ZOMPROPERTIES_04 1065 268 1063 1064 1062 1080 274 1078 936 148 934 1120 289 1118 1104 283 1102 1105 1107 284 1109 110
#ZOMPROPERTIES_04 6 1108 1122 290 1124 938 149 940 1082 275 1084 1085 897 50 895 896 858 894 1083 941 939 1125 1123 11
#ZOMPROPERTIES_04 03 1121 1119 937 935 1081 1079 1068 1066 890 892 1075 1077 931 933 859 1131 1133 1115 1117 1100 1094
#ZOMPROPERTIES_04  1096 1040 1038 1044 1042 888 886 1050 1052 1046 1048 1088 1086 1092 1090 901 903 905 907 909 861 3 
#ZOMPROPERTIES_04 856 884 47 882 880 46 878 876 45 874 875 997 242 995 993 241 991 240 246 252 135 237 231 225 951 226
#ZOMPROPERTIES_04  953 955 227 957 865 42 863 949 224 947 945 223 943 222 228 234 132 255 249 243 999 244 1001 1003 24
#ZOMPROPERTIES_04 5 1005 1002 1020 251 1018 1036 257 1034 916 134 914 980 236 978 964 230 962 963 961 229 959 960 974 
#ZOMPROPERTIES_04 235 976 910 133 912 1030 256 1032 1014 250 1016 1017 1015 1033 1031 913 911 977 975 958 965 867 43 8
#ZOMPROPERTIES_04 69 973 233 971 969 232 967 968 966 984 238 982 920 136 918 1024 253 1022 1008 247 1006 1009 1011 248
#ZOMPROPERTIES_04  1013 1010 1012 1026 254 1028 922 137 924 986 239 988 989 873 44 871 872 854 870 987 925 923 1029 10
#ZOMPROPERTIES_04 27 1007 1025 1023 921 919 985 983 972 970 866 868 979 981 915 917 855 1035 1037 1019 1021 1004 998 1
#ZOMPROPERTIES_04 000 944 942 948 946 864 862 954 956 950 952 992 990 996 994 877 879 881 883 885 857 2 576 296 324 60
#ZOMPROPERTIES_04 4 23 602 322 320 600 22 598 318 316 596 21 594 314 317 315 437 717 170 715 435 433 713 169 711 431 1
#ZOMPROPERTIES_04 68 174 180 129 165 159 153 391 671 154 673 393 395 675 155 677 397 305 585 18 583 303 389 669 152 66
#ZOMPROPERTIES_04 7 387 385 665 151 663 383 150 156 162 126 183 177 171 439 719 172 721 441 443 723 173 725 445 444 44
#ZOMPROPERTIES_04 2 460 740 179 738 458 476 756 185 754 474 356 636 128 634 354 420 700 164 698 418 404 684 158 682 40
#ZOMPROPERTIES_04 2 405 403 401 681 157 679 399 400 414 694 163 696 416 350 630 127 632 352 470 750 184 752 472 454 73
#ZOMPROPERTIES_04 4 178 736 456 455 457 737 735 471 473 753 751 351 353 633 631 415 417 697 695 680 678 398 683 685 30
#ZOMPROPERTIES_04 7 587 19 589 309 413 693 161 691 411 409 689 160 687 407 408 688 686 406 424 704 166 702 422 360 640
#ZOMPROPERTIES_04  130 638 358 464 744 181 742 462 448 728 175 726 446 449 727 729 451 731 176 733 453 452 450 730 732
#ZOMPROPERTIES_04  466 746 182 748 468 362 642 131 644 364 426 706 167 708 428 427 429 313 593 20 591 311 310 312 294 
#ZOMPROPERTIES_04 574 295 297 592 590 709 707 363 365 645 643 467 469 749 747 447 465 743 745 463 361 639 641 359 425 
#ZOMPROPERTIES_04 703 705 423 410 412 692 690 308 306 586 588 421 419 699 701 357 355 635 637 477 475 755 757 461 459 
#ZOMPROPERTIES_04 739 741 722 724 440 438 718 720 382 384 664 662 386 388 668 666 302 304 584 582 396 394 674 676 392 
#ZOMPROPERTIES_04 390 670 672 430 432 712 710 434 436 716 714 595 597 321 319 599 601 325 323 603 605 575 577 4 580 30
#ZOMPROPERTIES_04 0 348 628 29 626 346 344 624 28 622 342 340 620 27 618 338 341 339 533 813 206 811 531 529 809 205 8
#ZOMPROPERTIES_04 07 527 204 210 216 141 201 195 189 487 767 190 769 489 491 771 191 773 493 329 609 24 607 327 485 76
#ZOMPROPERTIES_04 5 188 763 483 481 761 187 759 479 186 192 198 138 219 213 207 535 815 208 817 537 539 819 209 821 54
#ZOMPROPERTIES_04 1 540 538 556 836 215 834 554 572 852 221 850 570 372 652 140 650 370 516 796 200 794 514 500 780 19
#ZOMPROPERTIES_04 4 778 498 501 499 497 777 193 775 495 496 510 790 199 792 512 366 646 139 648 368 566 846 220 848 56
#ZOMPROPERTIES_04 8 550 830 214 832 552 551 553 833 831 567 569 849 847 367 369 649 647 511 513 793 791 776 774 494 77
#ZOMPROPERTIES_04 9 781 331 611 25 613 333 509 789 197 787 507 505 785 196 783 503 504 784 782 502 520 800 202 798 518
#ZOMPROPERTIES_04  376 656 142 654 374 560 840 217 838 558 544 824 211 822 542 545 823 825 547 827 212 829 549 548 546
#ZOMPROPERTIES_04  826 828 562 842 218 844 564 378 658 143 660 380 522 802 203 804 524 523 525 337 617 26 615 335 334 
#ZOMPROPERTIES_04 336 298 578 299 301 616 614 805 803 379 381 661 659 563 565 845 843 543 561 839 841 559 377 655 657 
#ZOMPROPERTIES_04 375 521 799 801 519 506 508 788 786 332 330 610 612 517 515 795 797 373 371 651 653 573 571 851 853 
#ZOMPROPERTIES_04 557 555 835 837 818 820 536 534 814 816 478 480 760 758 482 484 764 762 326 328 608 606 492 490 770 
#ZOMPROPERTIES_04 772 488 486 766 768 526 528 808 806 530 532 812 810 619 621 345 343 623 625 349 347 627 629 579 581 
#ZOMPROPERTIES_04 } } } BBoxUV box3d 0 0 0 0 0 0 BBox3D box3d 0 0 0 0 0 0 Area3D double 0 AreaUV double 0 IsRoot bool 
#ZOMPROPERTIES_04 true Properties table {Selected bool false Box box3d 0 1 0 1 0 1 U int 0 V int 0 NU int 1 NV int 1 P
#ZOMPROPERTIES_04 ack table {Rotate table {Initial string "Automatic" Min double 0 Max double 90 Step double 0 } Resol
#ZOMPROPERTIES_04 utionDivisor int 0 MapResolution int 2048 UsePixelUnit bool true PaddingSize double 0.0078125 Margin
#ZOMPROPERTIES_04 Size double 0.00390625 PaddingSizePx int 16 MarginSizePx int 8 Scaling table {TexelDensity double 10
#ZOMPROPERTIES_04 24 Mode int 2 Optimization string "Fill" } MaxMutations int 1 Strategy string "Efficient" Sides stri
#ZOMPROPERTIES_04 ng "Closed" } Hotspot table {} Tiling vector3d 1 1 1 TileRatioMode string "1:1" } IsTile bool false 
#ZOMPROPERTIES_04 PolyIDs ints { } } Maps table {Pin CDataMap {PrimType string "Vertex" Size int 1 DefaultValue double
#ZOMPROPERTIES_04  0 ScaleType string "Normalized" MergeMode string "Max" MinValue double 0 MaxValue double 1 Data dou
#ZOMPROPERTIES_04 bles { r 1224 0 } } Density CDataMap {PrimType string "Polygon" Size int 1 DefaultValue double 1 Sca
#ZOMPROPERTIES_04 leType string "Log" MergeMode string "Average" MinValue double 0.1 MaxValue double 4 Data doubles { 
#ZOMPROPERTIES_04 r 1134 1 } } Protect CDataMap {PrimType string "Vertex" Size int 1 DefaultValue double 0 ScaleType s
#ZOMPROPERTIES_04 tring "Normalized" MergeMode string "Average" MinValue double -1 MaxValue double 1 Data doubles { r 
#ZOMPROPERTIES_04 1224 0 } } } } }
#ZOMPROPERTIES_04}


#ZOMSCENE_01{
#ZOMSCENE_01 CScene {Settings table {AxisSystem table {UpVector string "y" } Unit string "cm" TexelDensityDisplay
#ZOMSCENE_01 Unit string "tx/cm" } Root CXForm {Box016 CPrim {PolyRange table {Low int 0 High int 1133 } } } }
#ZOMSCENE_01}

#begin 0 fatal error vertex (that RizomUV cannot handle)
#end 0 fatal error vertex (that RizomUV cannot handle)

#begin 0 error vertex
#end 0 error vertex
