#File written by RizomUV 2025.0.96.gd7fd59ee. Compilation :Sep 15 2025,14:05:29
mtllib UNItable.mtl
#begin vertices
v 0.2271 0.1223 0.8987
v 0.2533 0.117 0.9064
v 0.2543 0.117 0.897
v 0.2491 0.117 0.9149
v 0.2422 0.117 0.9214
v 0.2335 0.117 0.9252
v 0.2241 0.117 0.9258
v 0.215 0.117 0.9231
v 0.2074 0.117 0.9175
v 0.2022 0.117 0.9096
v 0.1999 0.117 0.9004
v 0.201 0.117 0.891
v 0.2052 0.117 0.8826
v 0.212 0.117 0.876
v 0.2207 0.117 0.8722
v 0.2302 0.117 0.8716
v 0.2392 0.117 0.8743
v 0.2469 0.117 0.8799
v 0.2521 0.117 0.8878
v 0.278 0.102 0.8955
v 0.276 0.102 0.9131
v 0.2682 0.102 0.929
v 0.2553 0.102 0.9412
v 0.2391 0.102 0.9483
v 0.2215 0.102 0.9494
v 0.2045 0.102 0.9444
v 0.1902 0.102 0.9339
v 0.1804 0.102 0.9191
v 0.1763 0.102 0.9019
v 0.1782 0.102 0.8843
v 0.1861 0.102 0.8685
v 0.1989 0.102 0.8563
v 0.2151 0.102 0.8492
v 0.2328 0.102 0.8481
v 0.2498 0.102 0.8531
v 0.264 0.102 0.8636
v 0.2738 0.102 0.8783
v 0.2955 0.0792 0.8944
v 0.2929 0.0792 0.9181
v 0.2823 0.0792 0.9394
v 0.2651 0.0792 0.9558
v 0.2433 0.0792 0.9654
v 0.2195 0.0792 0.9669
v 0.1967 0.0792 0.9601
v 0.1775 0.0792 0.946
v 0.1643 0.0792 0.9262
v 0.1587 0.0792 0.903
v 0.1614 0.0792 0.8794
v 0.172 0.0792 0.8581
v 0.1892 0.0792 0.8416
v 0.211 0.0792 0.8321
v 0.2348 0.0792 0.8306
v 0.2576 0.0792 0.8373
v 0.2768 0.0792 0.8514
v 0.2899 0.0792 0.8713
v 0.3043 0.0536 0.8939
v 0.3013 0.0536 0.9206
v 0.2894 0.0536 0.9446
v 0.2699 0.0536 0.9631
v 0.2453 0.0536 0.9739
v 0.2185 0.0536 0.9756
v 0.1927 0.0536 0.968
v 0.1711 0.0536 0.9521
v 0.1563 0.0536 0.9297
v 0.1499 0.0536 0.9036
v 0.1529 0.0536 0.8769
v 0.1649 0.0536 0.8528
v 0.1843 0.0536 0.8343
v 0.2089 0.0536 0.8236
v 0.2357 0.0536 0.8219
v 0.2615 0.0536 0.8295
v 0.2831 0.0536 0.8454
v 0.298 0.0536 0.8678
v 0.2903 0.0491 0.9173
v 0.2928 0.0491 0.8946
v 0.2801 0.0491 0.9378
v 0.2636 0.0491 0.9536
v 0.2426 0.0491 0.9627
v 0.2198 0.0491 0.9642
v 0.1979 0.0491 0.9577
v 0.1795 0.0491 0.9441
v 0.1668 0.0491 0.9251
v 0.1614 0.0491 0.9029
v 0.164 0.0491 0.8801
v 0.1741 0.0491 0.8597
v 0.1907 0.0491 0.8439
v 0.2116 0.0491 0.8347
v 0.2345 0.0491 0.8333
v 0.2564 0.0491 0.8397
v 0.2748 0.0491 0.8533
v 0.2875 0.0491 0.8724
v 0.1129 0.1174 0.8821
v 0.1577 0.1045 0.8793
v 0.1607 0.1045 0.9275
v 0.116 0.1174 0.9304
v 0.12 0.1393 0.9301
v 0.1671 0.1257 0.9271
v 0.1641 0.1257 0.8789
v 0.117 0.1393 0.8819
v 0.2007 0.0861 0.8766
v 0.2038 0.0861 0.9248
v 0.0701 0.1244 0.9332
v 0.0237 0.1256 0.9363
v 0.0208 0.1256 0.8879
v 0.0671 0.1244 0.885
v 0.2124 0.1064 0.9243
v 0.2094 0.1064 0.876
v 0.0688 0.1467 0.8849
v 0.021 0.1479 0.888
v 0.0229 0.1479 0.9362
v 0.0718 0.1467 0.9331
v 0.291 0.0543 0.9135
v 0.291 0.0291 0.9135
v 0.2936 0.0291 0.8908
v 0.2936 0.0543 0.8908
v 0.2809 0.0543 0.934
v 0.2809 0.0291 0.934
v 0.2643 0.0543 0.9497
v 0.2643 0.0291 0.9497
v 0.2434 0.0543 0.9589
v 0.2434 0.0291 0.9589
v 0.2206 0.0543 0.9603
v 0.2206 0.0291 0.9603
v 0.1987 0.0543 0.9539
v 0.1987 0.0291 0.9539
v 0.1803 0.0543 0.9403
v 0.1803 0.0291 0.9403
v 0.1676 0.0543 0.9213
v 0.1676 0.0291 0.9213
v 0.1623 0.0543 0.8991
v 0.1623 0.0291 0.8991
v 0.1648 0.0543 0.8764
v 0.1648 0.0291 0.8764
v 0.175 0.0543 0.8559
v 0.175 0.0291 0.8559
v 0.1915 0.0543 0.8401
v 0.1915 0.0291 0.8401
v 0.2125 0.0543 0.831
v 0.2125 0.0291 0.831
v 0.2353 0.0543 0.8295
v 0.2353 0.0291 0.8295
v 0.2572 0.0543 0.836
v 0.2572 0.0291 0.836
v 0.2756 0.0543 0.8496
v 0.2756 0.0291 0.8496
v 0.2882 0.0543 0.8686
v 0.2882 0.0291 0.8686
v 0.2834 0.0055 0.9113
v 0.2857 0.0055 0.8913
v 0.2745 0.0055 0.9293
v 0.26 0.0055 0.9431
v 0.2415 0.0055 0.9512
v 0.2215 0.0055 0.9524
v 0.2022 0.0055 0.9467
v 0.186 0.0055 0.9348
v 0.1749 0.0055 0.9181
v 0.1702 0.0055 0.8986
v 0.1724 0.0055 0.8786
v 0.1814 0.0055 0.8606
v 0.1959 0.0055 0.8467
v 0.2143 0.0055 0.8387
v 0.2344 0.0055 0.8374
v 0.2537 0.0055 0.8431
v 0.2698 0.0055 0.855
v 0.2809 0.0055 0.8718
v 0.2691 -0.0139 0.907
v 0.2708 -0.0139 0.8922
v 0.2625 -0.0139 0.9204
v 0.2517 -0.0139 0.9307
v 0.238 -0.0139 0.9367
v 0.2231 -0.0139 0.9376
v 0.2088 -0.0139 0.9334
v 0.1968 -0.0139 0.9245
v 0.1886 -0.0139 0.9121
v 0.1851 -0.0139 0.8976
v 0.1867 -0.0139 0.8828
v 0.1934 -0.0139 0.8694
v 0.2042 -0.0139 0.8592
v 0.2178 -0.0139 0.8532
v 0.2327 -0.0139 0.8522
v 0.247 -0.0139 0.8565
v 0.259 -0.0139 0.8653
v 0.2673 -0.0139 0.8777
v 0.2499 -0.0265 0.9014
v 0.2507 -0.0265 0.8935
v 0.2463 -0.0265 0.9085
v 0.2406 -0.0265 0.914
v 0.2333 -0.0265 0.9171
v 0.2254 -0.0265 0.9176
v 0.2178 -0.0265 0.9154
v 0.2114 -0.0265 0.9107
v 0.207 -0.0265 0.9041
v 0.2051 -0.0265 0.8964
v 0.206 -0.0265 0.8885
v 0.2095 -0.0265 0.8814
v 0.2153 -0.0265 0.8759
v 0.2226 -0.0265 0.8727
v 0.2305 -0.0265 0.8722
v 0.2381 -0.0265 0.8745
v 0.2445 -0.0265 0.8792
v 0.2489 -0.0265 0.8858
v 0.2279 -0.0309 0.8949
v -0.2136 0.1223 0.9285
v -0.2398 0.117 0.9209
v -0.2408 0.117 0.9303
v -0.2356 0.117 0.9124
v -0.2287 0.117 0.9058
v -0.22 0.117 0.9021
v -0.2106 0.117 0.9015
v -0.2015 0.117 0.9041
v -0.1939 0.117 0.9097
v -0.1887 0.117 0.9176
v -0.1864 0.117 0.9268
v -0.1875 0.117 0.9362
v -0.1917 0.117 0.9447
v -0.1986 0.117 0.9512
v -0.2072 0.117 0.955
v -0.2167 0.117 0.9556
v -0.2258 0.117 0.953
v -0.2334 0.117 0.9473
v -0.2386 0.117 0.9395
v -0.2645 0.102 0.9318
v -0.2625 0.102 0.9142
v -0.2547 0.102 0.8983
v -0.2418 0.102 0.8861
v -0.2256 0.102 0.879
v -0.208 0.102 0.8779
v -0.191 0.102 0.8829
v -0.1767 0.102 0.8934
v -0.1669 0.102 0.9081
v -0.1628 0.102 0.9253
v -0.1647 0.102 0.9429
v -0.1726 0.102 0.9588
v -0.1854 0.102 0.971
v -0.2016 0.102 0.9781
v -0.2193 0.102 0.9792
v -0.2363 0.102 0.9742
v -0.2505 0.102 0.9637
v -0.2603 0.102 0.949
v -0.2821 0.0792 0.9329
v -0.2794 0.0792 0.9092
v -0.2688 0.0792 0.8879
v -0.2516 0.0792 0.8715
v -0.2298 0.0792 0.8619
v -0.206 0.0792 0.8604
v -0.1832 0.0792 0.8671
v -0.164 0.0792 0.8813
v -0.1508 0.0792 0.9011
v -0.1452 0.0792 0.9242
v -0.1479 0.0792 0.9479
v -0.1585 0.0792 0.9692
v -0.1757 0.0792 0.9856
v -0.1975 0.0792 0.9952
v -0.2213 0.0792 0.9967
v -0.2441 0.0792 0.99
v -0.2633 0.0792 0.9758
v -0.2765 0.0792 0.956
v -0.2908 0.0536 0.9334
v -0.2878 0.0536 0.9067
v -0.2759 0.0536 0.8827
v -0.2564 0.0536 0.8641
v -0.2318 0.0536 0.8534
v -0.205 0.0536 0.8517
v -0.1793 0.0536 0.8593
v -0.1576 0.0536 0.8752
v -0.1428 0.0536 0.8976
v -0.1365 0.0536 0.9237
v -0.1394 0.0536 0.9504
v -0.1514 0.0536 0.9744
v -0.1708 0.0536 0.993
v -0.1954 0.0536 1.0037
v -0.2223 0.0536 1.0054
v -0.248 0.0536 0.9978
v -0.2696 0.0536 0.9819
v -0.2845 0.0536 0.9595
v -0.2768 0.0491 0.91
v -0.2794 0.0491 0.9327
v -0.2666 0.0491 0.8895
v -0.2501 0.0491 0.8737
v -0.2291 0.0491 0.8646
v -0.2063 0.0491 0.8631
v -0.1844 0.0491 0.8696
v -0.166 0.0491 0.8831
v -0.1533 0.0491 0.9022
v -0.1479 0.0491 0.9244
v -0.1505 0.0491 0.9471
v -0.1606 0.0491 0.9676
v -0.1772 0.0491 0.9834
v -0.1982 0.0491 0.9925
v -0.221 0.0491 0.994
v -0.2429 0.0491 0.9875
v -0.2613 0.0491 0.974
v -0.274 0.0491 0.9549
v -0.0924 0.1174 0.9427
v -0.1372 0.1045 0.9455
v -0.1402 0.1045 0.8972
v -0.0955 0.1174 0.8944
v -0.0995 0.1393 0.8947
v -0.1466 0.1257 0.8976
v -0.1436 0.1257 0.9459
v -0.0965 0.1393 0.9429
v -0.1802 0.0861 0.9482
v -0.1833 0.0861 0.8999
v -0.0496 0.1244 0.8915
v -0.0028 0.1256 0.8886
v -0.0008 0.1256 0.937
v -0.0466 0.1244 0.9398
v -0.1919 0.1064 0.9005
v -0.1889 0.1064 0.9487
v -0.0483 0.1467 0.9399
v -0.0001 0.1479 0.9369
v -0.002 0.1479 0.8886
v -0.0513 0.1467 0.8916
v -0.2706 0.0543 0.9113
v -0.2706 0.0291 0.9113
v -0.2731 0.0291 0.934
v -0.2731 0.0543 0.934
v -0.2604 0.0543 0.8908
v -0.2604 0.0291 0.8908
v -0.2439 0.0543 0.8751
v -0.2439 0.0291 0.8751
v -0.2229 0.0543 0.8659
v -0.2229 0.0291 0.8659
v -0.2001 0.0543 0.8645
v -0.2001 0.0291 0.8645
v -0.1782 0.0543 0.8709
v -0.1782 0.0291 0.8709
v -0.1598 0.0543 0.8845
v -0.1598 0.0291 0.8845
v -0.1472 0.0543 0.9035
v -0.1472 0.0291 0.9035
v -0.1418 0.0543 0.9257
v -0.1418 0.0291 0.9257
v -0.1443 0.0543 0.9484
v -0.1443 0.0291 0.9484
v -0.1545 0.0543 0.9689
v -0.1545 0.0291 0.9689
v -0.171 0.0543 0.9846
v -0.171 0.0291 0.9846
v -0.192 0.0543 0.9938
v -0.192 0.0291 0.9938
v -0.2148 0.0543 0.9952
v -0.2148 0.0291 0.9952
v -0.2367 0.0543 0.9888
v -0.2367 0.0291 0.9888
v -0.2551 0.0543 0.9752
v -0.2551 0.0291 0.9752
v -0.2677 0.0543 0.9562
v -0.2677 0.0291 0.9562
v -0.2629 0.0055 0.9135
v -0.2652 0.0055 0.9335
v -0.254 0.0055 0.8955
v -0.2395 0.0055 0.8817
v -0.221 0.0055 0.8736
v -0.201 0.0055 0.8724
v -0.1817 0.0055 0.878
v -0.1655 0.0055 0.8899
v -0.1544 0.0055 0.9067
v -0.1497 0.0055 0.9262
v -0.1519 0.0055 0.9462
v -0.1609 0.0055 0.9642
v -0.1754 0.0055 0.978
v -0.1938 0.0055 0.9861
v -0.2139 0.0055 0.9873
v -0.2332 0.0055 0.9817
v -0.2493 0.0055 0.9698
v -0.2605 0.0055 0.953
v -0.2486 -0.0139 0.9177
v -0.2503 -0.0139 0.9325
v -0.242 -0.0139 0.9044
v -0.2312 -0.0139 0.8941
v -0.2175 -0.0139 0.8881
v -0.2027 -0.0139 0.8872
v -0.1883 -0.0139 0.8914
v -0.1763 -0.0139 0.9002
v -0.1681 -0.0139 0.9127
v -0.1646 -0.0139 0.9272
v -0.1662 -0.0139 0.942
v -0.1729 -0.0139 0.9553
v -0.1837 -0.0139 0.9656
v -0.1973 -0.0139 0.9716
v -0.2122 -0.0139 0.9725
v -0.2265 -0.0139 0.9683
v -0.2385 -0.0139 0.9595
v -0.2468 -0.0139 0.947
v -0.2294 -0.0265 0.9234
v -0.2302 -0.0265 0.9313
v -0.2258 -0.0265 0.9163
v -0.2201 -0.0265 0.9108
v -0.2128 -0.0265 0.9076
v -0.2049 -0.0265 0.9071
v -0.1973 -0.0265 0.9094
v -0.1909 -0.0265 0.9141
v -0.1865 -0.0265 0.9207
v -0.1846 -0.0265 0.9284
v -0.1855 -0.0265 0.9363
v -0.189 -0.0265 0.9434
v -0.1948 -0.0265 0.9489
v -0.2021 -0.0265 0.9521
v -0.21 -0.0265 0.9526
v -0.2176 -0.0265 0.9503
v -0.224 -0.0265 0.9456
v -0.2284 -0.0265 0.939
v -0.2074 -0.0309 0.9298
v -0.3601 0.7037 0.9787
v -0.3601 0.7037 -0.9636
v 0.3601 0.7037 -0.9636
v 0.3601 0.7037 0.9787
v -0.3601 0.7374 0.9787
v 0.3601 0.7374 0.9787
v 0.3601 0.7374 -0.9636
v -0.3601 0.7374 -0.9636
v -0.371 0.7146 0.9787
v -0.3682 0.7064 0.9787
v -0.371 0.7265 0.9787
v 0.371 0.7146 0.9787
v 0.371 0.7146 -0.9636
v 0.371 0.7265 -0.9636
v 0.371 0.7265 0.9787
v 0.3682 0.7064 -0.9636
v -0.371 0.7146 -0.9636
v -0.371 0.7265 -0.9636
v -0.3682 0.7064 -0.9636
v 0.3682 0.7064 0.9787
v 0.3682 0.7347 0.9787
v 0.3682 0.7347 -0.9636
v -0.3682 0.7347 -0.9636
v -0.3682 0.7347 0.9787
v -0.0256 0.7037 0.9125
v -0.0206 0.7037 0.8954
v -0.0206 0.1433 0.8954
v -0.0256 0.1433 0.9125
v -0.0071 0.7037 0.8838
v -0.0071 0.1433 0.8838
v 0.0105 0.7037 0.8812
v 0.0105 0.1433 0.8812
v 0.0267 0.7037 0.8886
v 0.0267 0.1433 0.8886
v 0.0363 0.7037 0.9036
v 0.0363 0.1433 0.9036
v 0.0363 0.7037 0.9214
v 0.0363 0.1433 0.9214
v 0.0267 0.7037 0.9364
v 0.0267 0.1433 0.9364
v 0.0105 0.7037 0.9438
v 0.0105 0.1433 0.9438
v -0.0071 0.7037 0.9412
v -0.0071 0.1433 0.9412
v -0.0206 0.7037 0.9296
v -0.0206 0.1433 0.9296
v 0.2271 0.1223 -0.9286
v 0.2533 0.117 -0.9209
v 0.2543 0.117 -0.9303
v 0.2491 0.117 -0.9124
v 0.2422 0.117 -0.9059
v 0.2335 0.117 -0.9021
v 0.2241 0.117 -0.9015
v 0.215 0.117 -0.9042
v 0.2074 0.117 -0.9098
v 0.2022 0.117 -0.9177
v 0.1999 0.117 -0.9269
v 0.201 0.117 -0.9363
v 0.2052 0.117 -0.9447
v 0.212 0.117 -0.9513
v 0.2207 0.117 -0.9551
v 0.2302 0.117 -0.9557
v 0.2392 0.117 -0.953
v 0.2469 0.117 -0.9474
v 0.2521 0.117 -0.9395
v 0.278 0.102 -0.9318
v 0.276 0.102 -0.9142
v 0.2682 0.102 -0.8983
v 0.2553 0.102 -0.8861
v 0.2391 0.102 -0.879
v 0.2215 0.102 -0.8779
v 0.2045 0.102 -0.8829
v 0.1902 0.102 -0.8934
v 0.1804 0.102 -0.9082
v 0.1763 0.102 -0.9254
v 0.1782 0.102 -0.943
v 0.1861 0.102 -0.9588
v 0.1989 0.102 -0.971
v 0.2151 0.102 -0.9781
v 0.2328 0.102 -0.9792
v 0.2498 0.102 -0.9742
v 0.264 0.102 -0.9637
v 0.2738 0.102 -0.949
v 0.2955 0.0792 -0.9329
v 0.2929 0.0792 -0.9092
v 0.2823 0.0792 -0.8879
v 0.2651 0.0792 -0.8715
v 0.2433 0.0792 -0.8619
v 0.2195 0.0792 -0.8604
v 0.1967 0.0792 -0.8672
v 0.1775 0.0792 -0.8813
v 0.1643 0.0792 -0.9011
v 0.1587 0.0792 -0.9243
v 0.1614 0.0792 -0.9479
v 0.172 0.0792 -0.9692
v 0.1892 0.0792 -0.9857
v 0.211 0.0792 -0.9952
v 0.2348 0.0792 -0.9967
v 0.2576 0.0792 -0.99
v 0.2768 0.0792 -0.9759
v 0.2899 0.0792 -0.956
v 0.3043 0.0536 -0.9334
v 0.3013 0.0536 -0.9067
v 0.2894 0.0536 -0.8827
v 0.2699 0.0536 -0.8642
v 0.2453 0.0536 -0.8534
v 0.2185 0.0536 -0.8517
v 0.1927 0.0536 -0.8593
v 0.1711 0.0536 -0.8752
v 0.1563 0.0536 -0.8976
v 0.1499 0.0536 -0.9237
v 0.1529 0.0536 -0.9504
v 0.1649 0.0536 -0.9745
v 0.1843 0.0536 -0.993
v 0.2089 0.0536 -1.0037
v 0.2357 0.0536 -1.0054
v 0.2615 0.0536 -0.9978
v 0.2831 0.0536 -0.9819
v 0.298 0.0536 -0.9595
v 0.2903 0.0491 -0.91
v 0.2928 0.0491 -0.9327
v 0.2801 0.0491 -0.8895
v 0.2636 0.0491 -0.8737
v 0.2426 0.0491 -0.8646
v 0.2198 0.0491 -0.8631
v 0.1979 0.0491 -0.8696
v 0.1795 0.0491 -0.8832
v 0.1668 0.0491 -0.9022
v 0.1614 0.0491 -0.9244
v 0.164 0.0491 -0.9472
v 0.1741 0.0491 -0.9676
v 0.1907 0.0491 -0.9834
v 0.2116 0.0491 -0.9926
v 0.2345 0.0491 -0.994
v 0.2564 0.0491 -0.9876
v 0.2748 0.0491 -0.974
v 0.2875 0.0491 -0.9549
v 0.1129 0.1174 -0.9452
v 0.1577 0.1045 -0.948
v 0.1607 0.1045 -0.8998
v 0.116 0.1174 -0.8969
v 0.12 0.1393 -0.8972
v 0.1671 0.1257 -0.9002
v 0.1641 0.1257 -0.9484
v 0.117 0.1393 -0.9454
v 0.2007 0.0861 -0.9507
v 0.2038 0.0861 -0.9025
v 0.0701 0.1244 -0.8941
v 0.0237 0.1256 -0.891
v 0.0208 0.1256 -0.9394
v 0.0671 0.1244 -0.9423
v 0.2124 0.1064 -0.903
v 0.2094 0.1064 -0.9513
v 0.0688 0.1467 -0.9424
v 0.021 0.1479 -0.9393
v 0.0229 0.1479 -0.8911
v 0.0718 0.1467 -0.8942
v 0.291 0.0543 -0.9138
v 0.291 0.0291 -0.9138
v 0.2936 0.0291 -0.9365
v 0.2936 0.0543 -0.9365
v 0.2809 0.0543 -0.8933
v 0.2809 0.0291 -0.8933
v 0.2643 0.0543 -0.8776
v 0.2643 0.0291 -0.8776
v 0.2434 0.0543 -0.8684
v 0.2434 0.0291 -0.8684
v 0.2206 0.0543 -0.867
v 0.2206 0.0291 -0.867
v 0.1987 0.0543 -0.8734
v 0.1987 0.0291 -0.8734
v 0.1803 0.0543 -0.887
v 0.1803 0.0291 -0.887
v 0.1676 0.0543 -0.906
v 0.1676 0.0291 -0.906
v 0.1623 0.0543 -0.9282
v 0.1623 0.0291 -0.9282
v 0.1648 0.0543 -0.9509
v 0.1648 0.0291 -0.9509
v 0.175 0.0543 -0.9714
v 0.175 0.0291 -0.9714
v 0.1915 0.0543 -0.9872
v 0.1915 0.0291 -0.9872
v 0.2125 0.0543 -0.9963
v 0.2125 0.0291 -0.9963
v 0.2353 0.0543 -0.9978
v 0.2353 0.0291 -0.9978
v 0.2572 0.0543 -0.9913
v 0.2572 0.0291 -0.9913
v 0.2756 0.0543 -0.9777
v 0.2756 0.0291 -0.9777
v 0.2882 0.0543 -0.9587
v 0.2882 0.0291 -0.9587
v 0.2834 0.0055 -0.916
v 0.2857 0.0055 -0.936
v 0.2745 0.0055 -0.898
v 0.26 0.0055 -0.8842
v 0.2415 0.0055 -0.8761
v 0.2215 0.0055 -0.8749
v 0.2022 0.0055 -0.8806
v 0.186 0.0055 -0.8925
v 0.1749 0.0055 -0.9092
v 0.1702 0.0055 -0.9287
v 0.1724 0.0055 -0.9487
v 0.1814 0.0055 -0.9667
v 0.1959 0.0055 -0.9806
v 0.2143 0.0055 -0.9886
v 0.2344 0.0055 -0.9899
v 0.2537 0.0055 -0.9842
v 0.2698 0.0055 -0.9723
v 0.2809 0.0055 -0.9555
v 0.2691 -0.0139 -0.9203
v 0.2708 -0.0139 -0.9351
v 0.2625 -0.0139 -0.9069
v 0.2517 -0.0139 -0.8966
v 0.238 -0.0139 -0.8906
v 0.2231 -0.0139 -0.8897
v 0.2088 -0.0139 -0.8939
v 0.1968 -0.0139 -0.9028
v 0.1886 -0.0139 -0.9152
v 0.1851 -0.0139 -0.9297
v 0.1867 -0.0139 -0.9445
v 0.1934 -0.0139 -0.9579
v 0.2042 -0.0139 -0.9681
v 0.2178 -0.0139 -0.9741
v 0.2327 -0.0139 -0.9751
v 0.247 -0.0139 -0.9708
v 0.259 -0.0139 -0.962
v 0.2673 -0.0139 -0.9496
v 0.2499 -0.0265 -0.9259
v 0.2507 -0.0265 -0.9338
v 0.2463 -0.0265 -0.9188
v 0.2406 -0.0265 -0.9133
v 0.2333 -0.0265 -0.9102
v 0.2254 -0.0265 -0.9097
v 0.2178 -0.0265 -0.9119
v 0.2114 -0.0265 -0.9166
v 0.207 -0.0265 -0.9232
v 0.2051 -0.0265 -0.9309
v 0.206 -0.0265 -0.9388
v 0.2095 -0.0265 -0.9459
v 0.2153 -0.0265 -0.9514
v 0.2226 -0.0265 -0.9546
v 0.2305 -0.0265 -0.9551
v 0.2381 -0.0265 -0.9528
v 0.2445 -0.0265 -0.9481
v 0.2489 -0.0265 -0.9415
v 0.2279 -0.0309 -0.9324
v -0.2136 0.1223 -0.8988
v -0.2398 0.117 -0.9064
v -0.2408 0.117 -0.897
v -0.2356 0.117 -0.9149
v -0.2287 0.117 -0.9215
v -0.22 0.117 -0.9252
v -0.2106 0.117 -0.9258
v -0.2015 0.117 -0.9232
v -0.1939 0.117 -0.9176
v -0.1887 0.117 -0.9097
v -0.1864 0.117 -0.9005
v -0.1875 0.117 -0.8911
v -0.1917 0.117 -0.8826
v -0.1986 0.117 -0.8761
v -0.2072 0.117 -0.8723
v -0.2167 0.117 -0.8717
v -0.2258 0.117 -0.8743
v -0.2334 0.117 -0.88
v -0.2386 0.117 -0.8878
v -0.2645 0.102 -0.8955
v -0.2625 0.102 -0.9131
v -0.2547 0.102 -0.929
v -0.2418 0.102 -0.9412
v -0.2256 0.102 -0.9483
v -0.208 0.102 -0.9494
v -0.191 0.102 -0.9444
v -0.1767 0.102 -0.9339
v -0.1669 0.102 -0.9192
v -0.1628 0.102 -0.902
v -0.1647 0.102 -0.8844
v -0.1726 0.102 -0.8685
v -0.1854 0.102 -0.8563
v -0.2016 0.102 -0.8492
v -0.2193 0.102 -0.8481
v -0.2363 0.102 -0.8531
v -0.2505 0.102 -0.8636
v -0.2603 0.102 -0.8783
v -0.2821 0.0792 -0.8944
v -0.2794 0.0792 -0.9181
v -0.2688 0.0792 -0.9394
v -0.2516 0.0792 -0.9558
v -0.2298 0.0792 -0.9654
v -0.206 0.0792 -0.9669
v -0.1832 0.0792 -0.9602
v -0.164 0.0792 -0.946
v -0.1508 0.0792 -0.9262
v -0.1452 0.0792 -0.9031
v -0.1479 0.0792 -0.8794
v -0.1585 0.0792 -0.8581
v -0.1757 0.0792 -0.8417
v -0.1975 0.0792 -0.8321
v -0.2213 0.0792 -0.8306
v -0.2441 0.0792 -0.8373
v -0.2633 0.0792 -0.8515
v -0.2765 0.0792 -0.8713
v -0.2908 0.0536 -0.8939
v -0.2878 0.0536 -0.9206
v -0.2759 0.0536 -0.9446
v -0.2564 0.0536 -0.9632
v -0.2318 0.0536 -0.9739
v -0.205 0.0536 -0.9756
v -0.1793 0.0536 -0.968
v -0.1576 0.0536 -0.9521
v -0.1428 0.0536 -0.9297
v -0.1365 0.0536 -0.9036
v -0.1394 0.0536 -0.8769
v -0.1514 0.0536 -0.8529
v -0.1708 0.0536 -0.8343
v -0.1954 0.0536 -0.8236
v -0.2223 0.0536 -0.8219
v -0.248 0.0536 -0.8295
v -0.2696 0.0536 -0.8454
v -0.2845 0.0536 -0.8678
v -0.2768 0.0491 -0.9173
v -0.2794 0.0491 -0.8946
v -0.2666 0.0491 -0.9378
v -0.2501 0.0491 -0.9536
v -0.2291 0.0491 -0.9627
v -0.2063 0.0491 -0.9642
v -0.1844 0.0491 -0.9577
v -0.166 0.0491 -0.9442
v -0.1533 0.0491 -0.9251
v -0.1479 0.0491 -0.9029
v -0.1505 0.0491 -0.8802
v -0.1606 0.0491 -0.8597
v -0.1772 0.0491 -0.8439
v -0.1982 0.0491 -0.8348
v -0.221 0.0491 -0.8333
v -0.2429 0.0491 -0.8398
v -0.2613 0.0491 -0.8533
v -0.274 0.0491 -0.8724
v -0.0924 0.1174 -0.8846
v -0.1372 0.1045 -0.8818
v -0.1402 0.1045 -0.9301
v -0.0955 0.1174 -0.9329
v -0.0995 0.1393 -0.9326
v -0.1466 0.1257 -0.9297
v -0.1436 0.1257 -0.8814
v -0.0965 0.1393 -0.8844
v -0.1802 0.0861 -0.8791
v -0.1833 0.0861 -0.9274
v -0.0496 0.1244 -0.9358
v -0.0028 0.1256 -0.9387
v -0.0008 0.1256 -0.8903
v -0.0466 0.1244 -0.8875
v -0.1919 0.1064 -0.9268
v -0.1889 0.1064 -0.8786
v -0.0483 0.1467 -0.8874
v -0.0001 0.1479 -0.8904
v -0.002 0.1479 -0.9387
v -0.0513 0.1467 -0.9357
v -0.2706 0.0543 -0.916
v -0.2706 0.0291 -0.916
v -0.2731 0.0291 -0.8933
v -0.2731 0.0543 -0.8933
v -0.2604 0.0543 -0.9365
v -0.2604 0.0291 -0.9365
v -0.2439 0.0543 -0.9522
v -0.2439 0.0291 -0.9522
v -0.2229 0.0543 -0.9614
v -0.2229 0.0291 -0.9614
v -0.2001 0.0543 -0.9628
v -0.2001 0.0291 -0.9628
v -0.1782 0.0543 -0.9564
v -0.1782 0.0291 -0.9564
v -0.1598 0.0543 -0.9428
v -0.1598 0.0291 -0.9428
v -0.1472 0.0543 -0.9238
v -0.1472 0.0291 -0.9238
v -0.1418 0.0543 -0.9016
v -0.1418 0.0291 -0.9016
v -0.1443 0.0543 -0.8789
v -0.1443 0.0291 -0.8789
v -0.1545 0.0543 -0.8584
v -0.1545 0.0291 -0.8584
v -0.171 0.0543 -0.8427
v -0.171 0.0291 -0.8427
v -0.192 0.0543 -0.8335
v -0.192 0.0291 -0.8335
v -0.2148 0.0543 -0.8321
v -0.2148 0.0291 -0.8321
v -0.2367 0.0543 -0.8385
v -0.2367 0.0291 -0.8385
v -0.2551 0.0543 -0.8521
v -0.2551 0.0291 -0.8521
v -0.2677 0.0543 -0.8711
v -0.2677 0.0291 -0.8711
v -0.2629 0.0055 -0.9138
v -0.2652 0.0055 -0.8938
v -0.254 0.0055 -0.9318
v -0.2395 0.0055 -0.9456
v -0.221 0.0055 -0.9537
v -0.201 0.0055 -0.9549
v -0.1817 0.0055 -0.9493
v -0.1655 0.0055 -0.9374
v -0.1544 0.0055 -0.9206
v -0.1497 0.0055 -0.9011
v -0.1519 0.0055 -0.8811
v -0.1609 0.0055 -0.8631
v -0.1754 0.0055 -0.8493
v -0.1938 0.0055 -0.8412
v -0.2139 0.0055 -0.84
v -0.2332 0.0055 -0.8456
v -0.2493 0.0055 -0.8575
v -0.2605 0.0055 -0.8743
v -0.2486 -0.0139 -0.9096
v -0.2503 -0.0139 -0.8948
v -0.242 -0.0139 -0.9229
v -0.2312 -0.0139 -0.9332
v -0.2175 -0.0139 -0.9392
v -0.2027 -0.0139 -0.9401
v -0.1883 -0.0139 -0.9359
v -0.1763 -0.0139 -0.9271
v -0.1681 -0.0139 -0.9146
v -0.1646 -0.0139 -0.9001
v -0.1662 -0.0139 -0.8853
v -0.1729 -0.0139 -0.872
v -0.1837 -0.0139 -0.8617
v -0.1973 -0.0139 -0.8557
v -0.2122 -0.0139 -0.8548
v -0.2265 -0.0139 -0.859
v -0.2385 -0.0139 -0.8678
v -0.2468 -0.0139 -0.8803
v -0.2294 -0.0265 -0.9039
v -0.2302 -0.0265 -0.896
v -0.2258 -0.0265 -0.911
v -0.2201 -0.0265 -0.9165
v -0.2128 -0.0265 -0.9197
v -0.2049 -0.0265 -0.9202
v -0.1973 -0.0265 -0.9179
v -0.1909 -0.0265 -0.9132
v -0.1865 -0.0265 -0.9066
v -0.1846 -0.0265 -0.8989
v -0.1855 -0.0265 -0.891
v -0.189 -0.0265 -0.8839
v -0.1948 -0.0265 -0.8784
v -0.2021 -0.0265 -0.8752
v -0.21 -0.0265 -0.8747
v -0.2176 -0.0265 -0.877
v -0.224 -0.0265 -0.8817
v -0.2284 -0.0265 -0.8883
v -0.2074 -0.0309 -0.8975
v -0.0256 0.7037 -0.9148
v -0.0206 0.7037 -0.9319
v -0.0206 0.1433 -0.9319
v -0.0256 0.1433 -0.9148
v -0.0071 0.7037 -0.9435
v -0.0071 0.1433 -0.9435
v 0.0105 0.7037 -0.9461
v 0.0105 0.1433 -0.9461
v 0.0267 0.7037 -0.9387
v 0.0267 0.1433 -0.9387
v 0.0363 0.7037 -0.9237
v 0.0363 0.1433 -0.9237
v 0.0363 0.7037 -0.9059
v 0.0363 0.1433 -0.9059
v 0.0267 0.7037 -0.8909
v 0.0267 0.1433 -0.8909
v 0.0105 0.7037 -0.8835
v 0.0105 0.1433 -0.8835
v -0.0071 0.7037 -0.8861
v -0.0071 0.1433 -0.8861
v -0.0206 0.7037 -0.8977
v -0.0206 0.1433 -0.8977
v 0.0044 0.6699 -0.9471
v 0.0044 0.6854 -0.9574
v 0.0213 0.6854 -0.9541
v 0.0173 0.6699 -0.9445
v 0.0356 0.6854 -0.9445
v 0.0283 0.6699 -0.9372
v 0.0452 0.6854 -0.9302
v 0.0356 0.6699 -0.9262
v 0.0485 0.6854 -0.9133
v 0.0382 0.6699 -0.9133
v 0.0452 0.6854 -0.8964
v 0.0356 0.6699 -0.9004
v 0.0356 0.6854 -0.8821
v 0.0283 0.6699 -0.8894
v 0.0213 0.6854 -0.8725
v 0.0173 0.6699 -0.8821
v 0.0044 0.6854 -0.8692
v 0.0044 0.6699 -0.8795
v -0.0125 0.6854 -0.8725
v -0.0085 0.6699 -0.8821
v -0.0268 0.6854 -0.8821
v -0.0195 0.6699 -0.8894
v -0.0364 0.6854 -0.8964
v -0.0268 0.6699 -0.9004
v -0.0397 0.6854 -0.9133
v -0.0294 0.6699 -0.9133
v -0.0364 0.6854 -0.9302
v -0.0268 0.6699 -0.9262
v -0.0268 0.6854 -0.9445
v -0.0195 0.6699 -0.9372
v -0.0125 0.6854 -0.9541
v -0.0085 0.6699 -0.9445
v 0.0044 0.7037 -0.9611
v 0.0227 0.7037 -0.9574
v 0.0382 0.7037 -0.9471
v 0.0485 0.7037 -0.9316
v 0.0522 0.7037 -0.9133
v 0.0485 0.7037 -0.895
v 0.0382 0.7037 -0.8795
v 0.0227 0.7037 -0.8692
v 0.0044 0.7037 -0.8655
v -0.0139 0.7037 -0.8692
v -0.0294 0.7037 -0.8795
v -0.0397 0.7037 -0.895
v -0.0434 0.7037 -0.9133
v -0.0397 0.7037 -0.9316
v -0.0294 0.7037 -0.9471
v -0.0139 0.7037 -0.9574
v 0.0044 0.6699 0.8802
v 0.0044 0.6854 0.8699
v 0.0213 0.6854 0.8732
v 0.0173 0.6699 0.8828
v 0.0356 0.6854 0.8828
v 0.0283 0.6699 0.8901
v 0.0452 0.6854 0.8971
v 0.0356 0.6699 0.9011
v 0.0485 0.6854 0.914
v 0.0382 0.6699 0.914
v 0.0452 0.6854 0.9309
v 0.0356 0.6699 0.9269
v 0.0356 0.6854 0.9452
v 0.0283 0.6699 0.9379
v 0.0213 0.6854 0.9548
v 0.0173 0.6699 0.9452
v 0.0044 0.6854 0.9581
v 0.0044 0.6699 0.9478
v -0.0125 0.6854 0.9548
v -0.0085 0.6699 0.9452
v -0.0268 0.6854 0.9452
v -0.0195 0.6699 0.9379
v -0.0364 0.6854 0.9309
v -0.0268 0.6699 0.9269
v -0.0397 0.6854 0.914
v -0.0294 0.6699 0.914
v -0.0364 0.6854 0.8971
v -0.0268 0.6699 0.9011
v -0.0268 0.6854 0.8828
v -0.0195 0.6699 0.8901
v -0.0125 0.6854 0.8732
v -0.0085 0.6699 0.8828
v 0.0044 0.7037 0.8662
v 0.0227 0.7037 0.8699
v 0.0382 0.7037 0.8802
v 0.0485 0.7037 0.8957
v 0.0522 0.7037 0.914
v 0.0485 0.7037 0.9323
v 0.0382 0.7037 0.9478
v 0.0227 0.7037 0.9581
v 0.0044 0.7037 0.9618
v -0.0139 0.7037 0.9581
v -0.0294 0.7037 0.9478
v -0.0397 0.7037 0.9323
v -0.0434 0.7037 0.914
v -0.0397 0.7037 0.8957
v -0.0294 0.7037 0.8802
v -0.0139 0.7037 0.8699
#end vertices

#begin 1278 textures vertices 
vt 0.7677043 0.4086667 0
vt 0.7817842 0.4088224 0
vt 0.7806304 0.413688 0
vt 0.7814687 0.4029787 0
vt 0.781079 0.396498 0
vt 0.7799881 0.3894795 0
vt 0.7797151 0.3821482 0
vt 0.7799227 0.3744713 0
vt 0.7810783 0.3666197 0
vt 0.7840255 0.3589206 0
vt 0.7883567 0.3518952 0
vt 0.7957268 0.3477723 0
vt 0.8036803 0.3471735 0
vt 0.8116849 0.3482121 0
vt 0.8185088 0.351364 0
vt 0.824819 0.3550298 0
vt 0.8306533 0.3586852 0
vt 0.8363915 0.3615691 0
vt 0.8416192 0.3639937 0
vt 0.7957073 0.425326 0
vt 0.7966893 0.417197 0
vt 0.7960995 0.4087962 0
vt 0.7948096 0.4004095 0
vt 0.7939893 0.3923654 0
vt 0.7926561 0.3845888 0
vt 0.7916828 0.3769066 0
vt 0.7899465 0.369633 0
vt 0.7886952 0.3623907 0
vt 0.7912717 0.3551444 0
vt 0.7972884 0.3497417 0
vt 0.8045396 0.3524455 0
vt 0.8102257 0.3585629 0
vt 0.8160505 0.3635629 0
vt 0.8220902 0.3683691 0
vt 0.8287392 0.3728097 0
vt 0.8357823 0.3774996 0
vt 0.8434849 0.381046 0
vt 0.81648 0.4293923 0
vt 0.8129819 0.4198348 0
vt 0.8106346 0.4097937 0
vt 0.8089604 0.4006549 0
vt 0.8075929 0.3920912 0
vt 0.8061428 0.3839547 0
vt 0.8044371 0.3762434 0
vt 0.8034353 0.369133 0
vt 0.8000322 0.3632034 0
vt 0.7946668 0.358143 0
vt 0.7955841 0.3504103 0
vt 0.8015884 0.3595122 0
vt 0.8034053 0.3681787 0
vt 0.8081801 0.3748518 0
vt 0.8147631 0.3806991 0
vt 0.8223641 0.3861853 0
vt 0.8309332 0.3913765 0
vt 0.8402459 0.3972027 0
vt 0.8357715 0.4209094 0
vt 0.82551 0.4152204 0
vt 0.8229073 0.4066745 0
vt 0.8213419 0.3980641 0
vt 0.8204383 0.3896839 0
vt 0.8190503 0.3815189 0
vt 0.8176243 0.373435 0
vt 0.8160272 0.3651112 0
vt 0.8116614 0.3573783 0
vt 0.8035829 0.3526409 0
vt 0.7945225 0.3519697 0
vt 0.7915005 0.3635775 0
vt 0.7925403 0.3742773 0
vt 0.7980897 0.3835443 0
vt 0.8058886 0.3908658 0
vt 0.8145951 0.3969044 0
vt 0.8238661 0.4022882 0
vt 0.8330747 0.4088182 0
vt 0.8295858 0.4125239 0
vt 0.8321196 0.4160747 0
vt 0.8284468 0.4043403 0
vt 0.8270275 0.3964648 0
vt 0.8262807 0.3882283 0
vt 0.824928 0.38014 0
vt 0.8235102 0.3722422 0
vt 0.8219561 0.3630394 0
vt 0.8157317 0.3538778 0
vt 0.8055236 0.3467596 0
vt 0.7899282 0.3522643 0
vt 0.7863715 0.3637989 0
vt 0.786853 0.3765452 0
vt 0.793466 0.3871232 0
vt 0.801895 0.3952548 0
vt 0.811092 0.4014759 0
vt 0.8202077 0.4070512 0
vt 0.8288425 0.4115048 0
vt 0.8937274 0.7997733 0
vt 0.8937331 0.7792555 0
vt 0.914949 0.7792666 0
vt 0.91499 0.799745 0
vt 0.9039583 0.1924489 0
vt 0.9255356 0.1924673 0
vt 0.925547 0.2136833 0
vt 0.9039697 0.2136648 0
vt 0.8937335 0.7586739 0
vt 0.8006067 0.7683326 0
vt 0.9149532 0.8201797 0
vt 0.9150344 0.8406159 0
vt 0.8937335 0.8405543 0
vt 0.8937373 0.8201674 0
vt 0.9472024 0.1924472 0
vt 0.8258987 0.3275342 0
vt 0.8825061 0.2136763 0
vt 0.8614562 0.2136328 0
vt 0.8609627 0.1924472 0
vt 0.8824947 0.1924604 0
vt 0.7803154 0.197347 0
vt 0.7772705 0.2079776 0
vt 0.7674091 0.2064338 0
vt 0.7701988 0.1953213 0
vt 0.7909118 0.2001314 0
vt 0.78694 0.2102947 0
vt 0.801428 0.2044717 0
vt 0.7961636 0.2140141 0
vt 0.8113355 0.2105707 0
vt 0.8045885 0.2192192 0
vt 0.8202694 0.2183368 0
vt 0.8118704 0.2258579 0
vt 0.8272147 0.2279689 0
vt 0.817929 0.2336379 0
vt 0.8322618 0.2386552 0
vt 0.8224486 0.2425076 0
vt 0.8357281 0.2499406 0
vt 0.825118 0.2520903 0
vt 0.8369913 0.2617573 0
vt 0.826038 0.2619598 0
vt 0.8361182 0.2737021 0
vt 0.8250403 0.2717937 0
vt 0.8323962 0.2851039 0
vt 0.8224705 0.2813995 0
vt 0.8272058 0.2957449 0
vt 0.8178611 0.2902177 0
vt 0.8201136 0.3052362 0
vt 0.8118038 0.2980832 0
vt 0.8115143 0.3133253 0
vt 0.8044024 0.304624 0
vt 0.8014619 0.3192631 0
vt 0.7960751 0.3100246 0
vt 0.7910507 0.3238607 0
vt 0.7868244 0.3136976 0
vt 0.7804631 0.3268799 0
vt 0.7772174 0.3161024 0
vt 0.7749951 0.2188494 0
vt 0.7661175 0.2184497 0
vt 0.7833337 0.2205268 0
vt 0.7909815 0.2233954 0
vt 0.797998 0.2275574 0
vt 0.8039509 0.2329591 0
vt 0.8088217 0.2393289 0
vt 0.812404 0.2464663 0
vt 0.8145491 0.2541297 0
vt 0.8152263 0.2620382 0
vt 0.814452 0.2699447 0
vt 0.8121789 0.277543 0
vt 0.8085958 0.2846428 0
vt 0.8037447 0.2909755 0
vt 0.797755 0.296375 0
vt 0.7907675 0.300524 0
vt 0.7831104 0.3035103 0
vt 0.7748131 0.3052043 0
vt 0.7741702 0.2299767 0
vt 0.7677798 0.2305389 0
vt 0.7804087 0.230891 0
vt 0.786317 0.2329359 0
vt 0.7915796 0.2360885 0
vt 0.7960948 0.2401333 0
vt 0.7997235 0.2449203 0
vt 0.8023647 0.2503069 0
vt 0.8039443 0.2560535 0
vt 0.804446 0.2620027 0
vt 0.8038169 0.2679346 0
vt 0.8021474 0.2736898 0
vt 0.7994155 0.2789925 0
vt 0.7957996 0.2837853 0
vt 0.7912732 0.2878253 0
vt 0.7860466 0.2909712 0
vt 0.7802111 0.2931067 0
vt 0.7739217 0.2940505 0
vt 0.7750802 0.2410478 0
vt 0.7715921 0.2415993 0
vt 0.7787496 0.2414387 0
vt 0.7822693 0.2427916 0
vt 0.7856036 0.2447151 0
vt 0.7884007 0.2474093 0
vt 0.7906796 0.2505864 0
vt 0.7923459 0.2541552 0
vt 0.7933345 0.257971 0
vt 0.793616 0.2619047 0
vt 0.7931474 0.2658313 0
vt 0.7919808 0.2695931 0
vt 0.7903685 0.2732207 0
vt 0.7879121 0.2763006 0
vt 0.7851352 0.2790244 0
vt 0.7819043 0.2811153 0
vt 0.7783881 0.2824882 0
vt 0.7747599 0.2829866 0
vt 0.7750611 0.2513237 0
vt 0.7471816 0.8196711 0
vt 0.7525878 0.805487 0
vt 0.7570358 0.8086764 0
vt 0.7463959 0.8031007 0
vt 0.7394862 0.7998067 0
vt 0.7322158 0.7956653 0
vt 0.7251823 0.7901835 0
vt 0.7182409 0.7839423 0
vt 0.7126931 0.7760942 0
vt 0.7089243 0.7671309 0
vt 0.7073489 0.7573759 0
vt 0.7089759 0.7475941 0
vt 0.7117401 0.7381449 0
vt 0.717226 0.7302115 0
vt 0.7231467 0.7230008 0
vt 0.7304966 0.7177826 0
vt 0.7374444 0.7130343 0
vt 0.7444261 0.7099047 0
vt 0.750349 0.7070269 0
vt 0.7769639 0.7997337 0
vt 0.768942 0.7950929 0
vt 0.7603258 0.7929056 0
vt 0.7511611 0.7911223 0
vt 0.7422682 0.7887838 0
vt 0.7337256 0.7854235 0
vt 0.7260106 0.7806652 0
vt 0.720501 0.7736063 0
vt 0.7161357 0.7657987 0
vt 0.7159625 0.7570233 0
vt 0.7157558 0.7482085 0
vt 0.7205452 0.7407465 0
vt 0.725416 0.733499 0
vt 0.733099 0.7286887 0
vt 0.7408672 0.7240506 0
vt 0.7496683 0.7212675 0
vt 0.7585781 0.7189997 0
vt 0.7673323 0.7159181 0
vt 0.7902327 0.779027 0
vt 0.779648 0.7797186 0
vt 0.7685277 0.7795446 0
vt 0.7587942 0.7797047 0
vt 0.749855 0.7789305 0
vt 0.7414589 0.777555 0
vt 0.7351267 0.7735795 0
vt 0.7285132 0.7700602 0
vt 0.7263459 0.7633646 0
vt 0.7237711 0.7569187 0
vt 0.7253388 0.7505344 0
vt 0.7299623 0.7451089 0
vt 0.734833 0.7397782 0
vt 0.7417873 0.7365307 0
vt 0.7496425 0.7339679 0
vt 0.7585122 0.7321995 0
vt 0.7680559 0.7309044 0
vt 0.7784611 0.7309138 0
vt 0.7909027 0.7548916 0
vt 0.7795938 0.7641762 0
vt 0.7702908 0.766848 0
vt 0.7616433 0.7671771 0
vt 0.7542285 0.7671635 0
vt 0.7479217 0.7667314 0
vt 0.7429255 0.7646658 0
vt 0.739152 0.7624306 0
vt 0.7354721 0.7605936 0
vt 0.7353573 0.7571101 0
vt 0.7377611 0.7542268 0
vt 0.7392646 0.7507328 0
vt 0.7441867 0.7493019 0
vt 0.7489101 0.7467854 0
vt 0.7548471 0.7446581 0
vt 0.7622233 0.745194 0
vt 0.7706417 0.744249 0
vt 0.7809926 0.7457685 0
vt 0.7770807 0.7588669 0
vt 0.784685 0.7542987 0
vt 0.7689033 0.7605938 0
vt 0.7616734 0.7608983 0
vt 0.7552932 0.7609009 0
vt 0.7503538 0.7610526 0
vt 0.7469215 0.7596192 0
vt 0.743976 0.7584793 0
vt 0.7413634 0.7584593 0
vt 0.7413351 0.7579454 0
vt 0.7435004 0.7564597 0
vt 0.7443386 0.754533 0
vt 0.7480382 0.7540304 0
vt 0.7520827 0.7522079 0
vt 0.7564664 0.750884 0
vt 0.7626254 0.7514317 0
vt 0.7701045 0.7506456 0
vt 0.7780431 0.7513434 0
vt 0.8673015 0.09332141 0
vt 0.867303 0.07280355 0
vt 0.8885628 0.07281302 0
vt 0.888564 0.09328875 0
vt 0.7138683 0.8541116 0
vt 0.735443 0.8541006 0
vt 0.7354427 0.8753604 0
vt 0.7138654 0.8753275 0
vt 0.8672994 0.05222201 0
vt 0.7806086 0.6131267 0
vt 0.8885753 0.1137262 0
vt 0.8885619 0.1343323 0
vt 0.8672858 0.1338805 0
vt 0.8673155 0.1137155 0
vt 0.7571123 0.8541387 0
vt 0.8580089 0.1358026 0
vt 0.6924019 0.8753246 0
vt 0.6711794 0.8753217 0
vt 0.6706974 0.8540919 0
vt 0.692402 0.8540648 0
vt 0.7669709 0.6837726 0
vt 0.7778188 0.6870524 0
vt 0.776136 0.6968484 0
vt 0.7649678 0.6939443 0
vt 0.7700797 0.6731532 0
vt 0.7802785 0.6774543 0
vt 0.7746533 0.6628288 0
vt 0.7840505 0.6683561 0
vt 0.7809899 0.6532149 0
vt 0.789231 0.6598783 0
vt 0.7886295 0.6444427 0
vt 0.7958707 0.6525417 0
vt 0.7978697 0.6370762 0
vt 0.8037702 0.6466318 0
vt 0.8086572 0.6320193 0
vt 0.8125165 0.6419491 0
vt 0.8199914 0.6283792 0
vt 0.8220613 0.6393519 0
vt 0.8319131 0.6275858 0
vt 0.8319375 0.6382448 0
vt 0.8438587 0.6283158 0
vt 0.8417773 0.6393496 0
vt 0.8552858 0.6318966 0
vt 0.8513321 0.6420361 0
vt 0.8656929 0.6374323 0
vt 0.8602204 0.6464331 0
vt 0.8751753 0.644416 0
vt 0.8680781 0.6525977 0
vt 0.8831354 0.6530051 0
vt 0.874722 0.659962 0
vt 0.8894396 0.6627888 0
vt 0.8799616 0.668364 0
vt 0.8940739 0.6733506 0
vt 0.8836424 0.6775819 0
vt 0.8967093 0.6841182 0
vt 0.8860799 0.6872038 0
vt 0.7886906 0.6895245 0
vt 0.7881405 0.6982322 0
vt 0.7904242 0.6811913 0
vt 0.7934266 0.6735542 0
vt 0.7976646 0.6665809 0
vt 0.8030483 0.6606467 0
vt 0.8092971 0.6556635 0
vt 0.8163951 0.6520229 0
vt 0.8240771 0.6498633 0
vt 0.8319666 0.6491234 0
vt 0.8398863 0.6498888 0
vt 0.8475192 0.6521439 0
vt 0.8545598 0.6557848 0
vt 0.8609396 0.6605922 0
vt 0.8663144 0.6666289 0
vt 0.8705644 0.6735433 0
vt 0.8735131 0.6811964 0
vt 0.8751917 0.689596 0
vt 0.7998497 0.6903653 0
vt 0.8003534 0.6969285 0
vt 0.8008386 0.6842007 0
vt 0.802979 0.6783133 0
vt 0.806126 0.6730091 0
vt 0.8101596 0.6685053 0
vt 0.8149653 0.6648182 0
vt 0.8202682 0.6620846 0
vt 0.8260357 0.6604937 0
vt 0.8319713 0.6599184 0
vt 0.8378947 0.6604844 0
vt 0.8436067 0.6621851 0
vt 0.848963 0.664895 0
vt 0.8537635 0.6685081 0
vt 0.8578109 0.673007 0
vt 0.8609699 0.6782576 0
vt 0.863095 0.6840987 0
vt 0.8639873 0.6903434 0
vt 0.8109961 0.6896065 0
vt 0.8115343 0.6931014 0
vt 0.8114175 0.6859331 0
vt 0.8128066 0.6824174 0
vt 0.8149603 0.679177 0
vt 0.8175155 0.6762257 0
vt 0.8206064 0.6737948 0
vt 0.824206 0.6721768 0
vt 0.8279602 0.6709734 0
vt 0.8318956 0.6707396 0
vt 0.8358193 0.6712575 0
vt 0.8396462 0.6721949 0
vt 0.843254 0.6738422 0
vt 0.8463229 0.6763154 0
vt 0.8490414 0.6790924 0
vt 0.8511221 0.682323 0
vt 0.8524815 0.6858304 0
vt 0.852965 0.6894406 0
vt 0.8212572 0.6896034 0
vt 0.6574469 0.02517459 0
vt 0.6574469 0.8784548 0
vt 0.3410527 0.8784548 0
vt 0.3410527 0.02517459 0
vt 0.007657263 0.01871114 0
vt 0.3240515 0.01871114 0
vt 0.3240515 0.8719914 0
vt 0.007657263 0.8719914 0
vt 0.6709417 0.03260815 0
vt 0.6723389 0.0290672 0
vt 0.6706974 0.03783027 0
vt 0.00390625 0.8917858 0
vt 0.8571865 0.8917858 0
vt 0.8571865 0.8970136 0
vt 0.00390625 0.8970136 0
vt 0.6713526 0.005092408 0
vt 0.00390625 0.9142038 0
vt 0.00390625 0.9194316 0
vt 0.6611978 0.8784548 0
vt 0.3373018 0.02517459 0
vt 0.3278024 0.01871114 0
vt 0.3278024 0.8719914 0
vt 0.003906331 0.8719914 0
vt 0.003906331 0.01871114 0
vt 0.6863435 0.2983829 0
vt 0.6785167 0.2983829 0
vt 0.6785167 0.05219113 0
vt 0.6863435 0.05219113 0
vt 0.7567372 0.2983829 0
vt 0.6706973 0.05219113 0
vt 0.7489214 0.2983829 0
vt 0.7489214 0.05219113 0
vt 0.7410972 0.2983829 0
vt 0.7410972 0.05219113 0
vt 0.7332734 0.2983829 0
vt 0.7332734 0.05219113 0
vt 0.7254536 0.2983829 0
vt 0.7254536 0.05219113 0
vt 0.7176299 0.2983829 0
vt 0.7176299 0.05219113 0
vt 0.7098056 0.2983829 0
vt 0.7098056 0.05219113 0
vt 0.7019898 0.2983829 0
vt 0.7019898 0.05219113 0
vt 0.6941704 0.2983829 0
vt 0.6941704 0.05219113 0
vt 0.7845117 0.854968 0
vt 0.798318 0.856185 0
vt 0.7968114 0.8608602 0
vt 0.7984814 0.8504771 0
vt 0.7985787 0.8441879 0
vt 0.7979767 0.83737 0
vt 0.7980756 0.8303411 0
vt 0.7985257 0.8230254 0
vt 0.7997646 0.8155734 0
vt 0.8026379 0.8082549 0
vt 0.8068091 0.8016104 0
vt 0.8140725 0.7979495 0
vt 0.8216195 0.7980306 0
vt 0.8291115 0.7997575 0
vt 0.8352848 0.8033667 0
vt 0.8410117 0.8073606 0
vt 0.8463702 0.8112496 0
vt 0.8517494 0.8143498 0
vt 0.8567265 0.816942 0
vt 0.8105429 0.8731679 0
vt 0.812176 0.8652349 0
vt 0.8123962 0.8569031 0
vt 0.8119476 0.8485658 0
vt 0.8118419 0.8406282 0
vt 0.811143 0.8329684 0
vt 0.8105954 0.8255143 0
vt 0.8091356 0.8185478 0
vt 0.8076157 0.8117861 0
vt 0.8095 0.8047227 0
vt 0.8153016 0.7995024 0
vt 0.8215768 0.8033264 0
vt 0.8260716 0.8098844 0
vt 0.8312512 0.8152029 0
vt 0.8368585 0.8202606 0
vt 0.8431854 0.8249475 0
vt 0.849978 0.8298015 0
vt 0.8574838 0.8335694 0
vt 0.8301909 0.8787526 0
vt 0.8276381 0.8690218 0
vt 0.8264715 0.8588656 0
vt 0.8258502 0.8496132 0
vt 0.825391 0.8409091 0
vt 0.8247149 0.8325963 0
vt 0.8236203 0.8246841 0
vt 0.8228075 0.8173753 0
vt 0.819492 0.811324 0
vt 0.8136915 0.8069315 0
vt 0.8126844 0.7986715 0
vt 0.8162788 0.8095865 0
vt 0.8175093 0.818293 0
vt 0.8220845 0.8253761 0
vt 0.8284846 0.8316988 0
vt 0.8359586 0.8375663 0
vt 0.8444043 0.8430779 0
vt 0.8535913 0.8490968 0
vt 0.8492249 0.8721355 0
vt 0.8400964 0.8657233 0
vt 0.838742 0.8569242 0
vt 0.8382782 0.848067 0
vt 0.8382707 0.8394042 0
vt 0.8376658 0.8307696 0
vt 0.8367313 0.8220698 0
vt 0.8349724 0.8130505 0
vt 0.830386 0.8044545 0
vt 0.8215789 0.7991398 0
vt 0.8106486 0.7994387 0
vt 0.8055845 0.8111801 0
vt 0.8062554 0.8227023 0
vt 0.8113831 0.8329252 0
vt 0.8190402 0.8410622 0
vt 0.8277214 0.8477362 0
vt 0.8370383 0.8535184 0
vt 0.8463317 0.8602003 0
vt 0.844355 0.8637154 0
vt 0.8458209 0.8673658 0
vt 0.8444402 0.8553097 0
vt 0.8439987 0.8471306 0
vt 0.8441296 0.8385349 0
vt 0.843522 0.829848 0
vt 0.8425388 0.8210706 0
vt 0.8408134 0.8110122 0
vt 0.8342227 0.8009888 0
vt 0.8230516 0.7932886 0
vt 0.8067619 0.7975733 0
vt 0.8004013 0.8106557 0
vt 0.8004828 0.824414 0
vt 0.8066137 0.8360866 0
vt 0.8149044 0.8451552 0
vt 0.8241449 0.8520908 0
vt 0.8333767 0.8581436 0
vt 0.8421901 0.8628368 0
vt 0.8943022 0.488221 0
vt 0.8943079 0.4677031 0
vt 0.9155238 0.4677142 0
vt 0.9155648 0.4881926 0
vt 0.8993597 0.3367287 0
vt 0.920937 0.3367471 0
vt 0.9209484 0.3579631 0
vt 0.8993711 0.3579446 0
vt 0.8943083 0.4471216 0
vt 0.6706974 0.8298383 0
vt 0.915528 0.5086273 0
vt 0.9156092 0.5290636 0
vt 0.8943083 0.529002 0
vt 0.8943121 0.508615 0
vt 0.9426038 0.336727 0
vt 0.8356707 0.618393 0
vt 0.8779075 0.3579561 0
vt 0.8568576 0.3579126 0
vt 0.8563641 0.336727 0
vt 0.8778962 0.3367402 0
vt 0.7803795 0.05423667 0
vt 0.7772182 0.06500573 0
vt 0.7673906 0.06358232 0
vt 0.7700727 0.0521911 0
vt 0.7910162 0.05726016 0
vt 0.786912 0.06724975 0
vt 0.8016486 0.06143871 0
vt 0.7960739 0.0711434 0
vt 0.8113382 0.06783394 0
vt 0.8044957 0.07631043 0
vt 0.8197886 0.075818 0
vt 0.8119342 0.08285969 0
vt 0.8270693 0.08494272 0
vt 0.8179568 0.09073846 0
vt 0.8325737 0.09543417 0
vt 0.8225143 0.09958142 0
vt 0.8360833 0.106889 0
vt 0.8253433 0.1091147 0
vt 0.8375159 0.1189175 0
vt 0.8261769 0.118981 0
vt 0.8360838 0.1309505 0
vt 0.8253158 0.1288638 0
vt 0.8325568 0.1424353 0
vt 0.8224958 0.138436 0
vt 0.8269661 0.1528897 0
vt 0.8179474 0.1472953 0
vt 0.8200316 0.1625007 0
vt 0.8117048 0.1550052 0
vt 0.8111545 0.1701681 0
vt 0.8043928 0.161613 0
vt 0.8013112 0.1761352 0
vt 0.7959986 0.1669132 0
vt 0.7909976 0.180745 0
vt 0.7867824 0.170591 0
vt 0.7804718 0.1837944 0
vt 0.7772089 0.1730265 0
vt 0.7749766 0.07592308 0
vt 0.7661175 0.07560825 0
vt 0.7833026 0.07756565 0
vt 0.7909234 0.08045662 0
vt 0.7979574 0.08462808 0
vt 0.8039678 0.09000959 0
vt 0.8088796 0.09639467 0
vt 0.8125168 0.1035188 0
vt 0.8147211 0.1111452 0
vt 0.8154016 0.1190374 0
vt 0.8146366 0.1269281 0
vt 0.8122924 0.1345134 0
vt 0.8086843 0.1416008 0
vt 0.8037766 0.1478838 0
vt 0.7977716 0.1532847 0
vt 0.7907612 0.1574192 0
vt 0.783102 0.1604146 0
vt 0.7748105 0.1621392 0
vt 0.7741899 0.08709347 0
vt 0.7678169 0.08771784 0
vt 0.7804133 0.08796988 0
vt 0.7863177 0.09000687 0
vt 0.7915923 0.09315573 0
vt 0.7961368 0.0971925 0
vt 0.7998004 0.1019717 0
vt 0.8024768 0.1073412 0
vt 0.8040838 0.1130621 0
vt 0.8045939 0.1189875 0
vt 0.8039654 0.1248943 0
vt 0.8022703 0.1306337 0
vt 0.7995138 0.1359213 0
vt 0.7958701 0.1406968 0
vt 0.7913224 0.1447307 0
vt 0.7860754 0.1478847 0
vt 0.7802272 0.1500339 0
vt 0.7739293 0.1510035 0
vt 0.7751611 0.09818748 0
vt 0.7716842 0.09877372 0
vt 0.7788231 0.09855405 0
vt 0.7823405 0.09988795 0
vt 0.7856783 0.1017993 0
vt 0.7884846 0.1044819 0
vt 0.7907751 0.1076466 0
vt 0.7924527 0.1111998 0
vt 0.793449 0.1149966 0
vt 0.7937322 0.1189101 0
vt 0.7932587 0.1228169 0
vt 0.7920807 0.1265613 0
vt 0.7904518 0.130177 0
vt 0.7879778 0.1332474 0
vt 0.785182 0.1359695 0
vt 0.7819336 0.1380651 0
vt 0.7784026 0.1394483 0
vt 0.7747629 0.1399623 0
vt 0.7752555 0.1084614 0
vt 0.7241062 0.6903599 0
vt 0.7295434 0.6761879 0
vt 0.7339855 0.6793854 0
vt 0.7233556 0.6737919 0
vt 0.7164514 0.6704869 0
vt 0.7091884 0.666334 0
vt 0.7021648 0.6608422 0
vt 0.6952333 0.6545927 0
vt 0.6896947 0.6467412 0
vt 0.6859317 0.6377788 0
vt 0.6843577 0.6280262 0
vt 0.6859835 0.618245 0
vt 0.6887458 0.6087958 0
vt 0.6942318 0.6008613 0
vt 0.7001543 0.5936506 0
vt 0.7075075 0.5884344 0
vt 0.7144592 0.5836892 0
vt 0.7214441 0.580564 0
vt 0.7273693 0.5776896 0
vt 0.753929 0.6704676 0
vt 0.7459135 0.6658164 0
vt 0.7373005 0.6636193 0
vt 0.7281381 0.6618225 0
vt 0.7192498 0.6594673 0
vt 0.7107165 0.6560879 0
vt 0.7030149 0.6513125 0
vt 0.6975229 0.644249 0
vt 0.6931627 0.6364458 0
vt 0.6929818 0.6276725 0
vt 0.6927654 0.6188599 0
vt 0.6975477 0.611393 0
vt 0.7024156 0.6041426 0
vt 0.7101017 0.5993322 0
vt 0.7178751 0.5946983 0
vt 0.7266819 0.5919238 0
vt 0.7355957 0.589667 0
vt 0.7443539 0.5865952 0
vt 0.7672208 0.649766 0
vt 0.7566398 0.6504535 0
vt 0.745521 0.6502722 0
vt 0.7357892 0.6504226 0
vt 0.7268535 0.6496323 0
vt 0.7184641 0.6482319 0
vt 0.7121521 0.6442333 0
vt 0.7055611 0.6406922 0
vt 0.7033908 0.6340027 0
vt 0.700802 0.627566 0
vt 0.7023487 0.6211778 0
vt 0.7069619 0.6157445 0
vt 0.7118284 0.6104106 0
vt 0.7187849 0.6071665 0
vt 0.7266445 0.6046129 0
vt 0.7355196 0.6028594 0
vt 0.745067 0.601582 0
vt 0.7554726 0.6016097 0
vt 0.7678973 0.6256169 0
vt 0.7565944 0.6349094 0
vt 0.7472995 0.6375824 0
vt 0.7386598 0.6379042 0
vt 0.7312532 0.6378794 0
vt 0.7249574 0.6374259 0
vt 0.7199828 0.635331 0
vt 0.7162226 0.6330719 0
vt 0.7125401 0.6312232 0
vt 0.7123936 0.6277367 0
vt 0.7147763 0.6248473 0
vt 0.7162624 0.6213544 0
vt 0.7211814 0.6199291 0
vt 0.7259008 0.6174185 0
vt 0.7318373 0.6153012 0
vt 0.7392121 0.6158573 0
vt 0.7476341 0.6149318 0
vt 0.7579871 0.6164763 0
vt 0.7540829 0.6295991 0
vt 0.7616758 0.6250239 0
vt 0.7459175 0.6313268 0
vt 0.7387011 0.6316257 0
vt 0.7323356 0.6316198 0
vt 0.7274126 0.6317576 0
vt 0.7240004 0.6303015 0
vt 0.7210566 0.6291286 0
vt 0.7184316 0.6290777 0
vt 0.7183772 0.6285541 0
vt 0.7205207 0.6270672 0
vt 0.7213403 0.6251487 0
vt 0.7250322 0.6246557 0
vt 0.7290703 0.622842 0
vt 0.7334475 0.6215294 0
vt 0.7396012 0.622096 0
vt 0.747083 0.6213273 0
vt 0.7550268 0.6220464 0
vt 0.869026 0.9095656 0
vt 0.8690276 0.8890478 0
vt 0.8902873 0.8890572 0
vt 0.8902886 0.909533 0
vt 0.8989603 0.4166654 0
vt 0.9205349 0.4166462 0
vt 0.9205428 0.437906 0
vt 0.8989655 0.4378814 0
vt 0.8690239 0.8684662 0
vt 0.8122237 0.1958075 0
vt 0.8902998 0.9299704 0
vt 0.8902865 0.9505765 0
vt 0.8690103 0.9501247 0
vt 0.86904 0.9299597 0
vt 0.9422042 0.416676 0
vt 0.8580089 0.281232 0
vt 0.877502 0.4378867 0
vt 0.8562795 0.437892 0
vt 0.8557894 0.4166623 0
vt 0.877494 0.4166269 0
vt 0.765812 0.5646464 0
vt 0.776664 0.5679114 0
vt 0.77499 0.5777065 0
vt 0.7638182 0.5748157 0
vt 0.7689069 0.5540332 0
vt 0.7791125 0.558317 0
vt 0.7734625 0.5437185 0
vt 0.7828707 0.5492232 0
vt 0.7797769 0.5341184 0
vt 0.7880339 0.5407475 0
vt 0.7873878 0.5253877 0
vt 0.7946495 0.5333815 0
vt 0.7966244 0.5181315 0
vt 0.8024816 0.5273259 0
vt 0.8071821 0.5125567 0
vt 0.8112907 0.5227218 0
vt 0.81868 0.5088918 0
vt 0.8207954 0.5200206 0
vt 0.8307648 0.5080233 0
vt 0.8306634 0.5189982 0
vt 0.842699 0.5092988 0
vt 0.8405566 0.5199767 0
vt 0.8541176 0.5127508 0
vt 0.8501229 0.5228041 0
vt 0.8645322 0.5182481 0
vt 0.8590271 0.5272252 0
vt 0.8740809 0.5252362 0
vt 0.8668733 0.5334038 0
vt 0.8821945 0.5338237 0
vt 0.8733905 0.5408426 0
vt 0.8881453 0.5438686 0
vt 0.8786293 0.549212 0
vt 0.8923613 0.5544403 0
vt 0.88238 0.558452 0
vt 0.8953972 0.5650499 0
vt 0.8846321 0.5681161 0
vt 0.7875391 0.5703623 0
vt 0.7869964 0.5790699 0
vt 0.7892639 0.5620284 0
vt 0.7922565 0.5543871 0
vt 0.7964818 0.5474005 0
vt 0.8018466 0.5414346 0
vt 0.8080699 0.5363984 0
vt 0.8151652 0.5327469 0
vt 0.8228226 0.5305615 0
vt 0.830706 0.5298312 0
vt 0.8386246 0.5305842 0
vt 0.8462617 0.5328777 0
vt 0.8533008 0.5365405 0
vt 0.8596629 0.5413644 0
vt 0.8649896 0.5474216 0
vt 0.8692244 0.5543504 0
vt 0.8721689 0.5620203 0
vt 0.8737959 0.5704296 0
vt 0.7986957 0.571178 0
vt 0.7992053 0.5777415 0
vt 0.799679 0.5650095 0
vt 0.8018111 0.5591145 0
vt 0.8049472 0.553797 0
vt 0.8089666 0.5492732 0
vt 0.8137572 0.5455621 0
vt 0.8190431 0.5428119 0
vt 0.824791 0.5412107 0
vt 0.8307113 0.5406357 0
vt 0.836622 0.5412024 0
vt 0.8423251 0.5429147 0
vt 0.8476717 0.545636 0
vt 0.8524572 0.5492587 0
vt 0.8564861 0.5537713 0
vt 0.8596302 0.5590322 0
vt 0.8617438 0.564884 0
vt 0.8626302 0.5711406 0
vt 0.8098343 0.5703956 0
vt 0.8103757 0.5738912 0
vt 0.8102508 0.5667186 0
vt 0.8116338 0.5631964 0
vt 0.8137796 0.5599472 0
vt 0.8163236 0.5569861 0
vt 0.8194014 0.5545456 0
vt 0.822987 0.5529196 0
vt 0.8267254 0.5517116 0
vt 0.8306452 0.5514765 0
vt 0.834554 0.5519962 0
vt 0.8383683 0.5529377 0
vt 0.8419645 0.5545906 0
vt 0.8450211 0.5570697 0
vt 0.8477291 0.5598555 0
vt 0.8498019 0.5630952 0
vt 0.8511574 0.5666116 0
vt 0.8516424 0.5702296 0
vt 0.8200956 0.5703856 0
vt 0.6863435 0.5541777 0
vt 0.6785167 0.5541777 0
vt 0.6785167 0.307986 0
vt 0.6863435 0.307986 0
vt 0.7567372 0.5541777 0
vt 0.6706973 0.307986 0
vt 0.7489214 0.5541777 0
vt 0.7489214 0.307986 0
vt 0.7410972 0.5541777 0
vt 0.7410972 0.307986 0
vt 0.7332734 0.5541777 0
vt 0.7332734 0.307986 0
vt 0.7254536 0.5541777 0
vt 0.7254536 0.307986 0
vt 0.7176299 0.5541777 0
vt 0.7176299 0.307986 0
vt 0.7098056 0.5541777 0
vt 0.7098056 0.307986 0
vt 0.7019898 0.5541777 0
vt 0.7019898 0.307986 0
vt 0.6941704 0.5541777 0
vt 0.6941704 0.307986 0
vt 0.8895509 0.7491067 0
vt 0.807689 0.7467732 0
vt 0.8107609 0.7399714 0
vt 0.8179978 0.7437689 0
vt 0.8147357 0.7337996 0
vt 0.8213239 0.7388005 0
vt 0.819633 0.7283835 0
vt 0.8253167 0.7342971 0
vt 0.8252922 0.7238209 0
vt 0.8299202 0.7304436 0
vt 0.8315195 0.7200798 0
vt 0.8351335 0.7274588 0
vt 0.8382645 0.7173416 0
vt 0.8407602 0.7252766 0
vt 0.8453624 0.7157259 0
vt 0.8466238 0.7238472 0
vt 0.8526087 0.7152285 0
vt 0.8526087 0.7233136 0
vt 0.859855 0.7157259 0
vt 0.8585935 0.7238472 0
vt 0.8669529 0.7173416 0
vt 0.8644572 0.7252766 0
vt 0.8736979 0.7200798 0
vt 0.8700839 0.7274588 0
vt 0.8799252 0.7238209 0
vt 0.8752972 0.7304436 0
vt 0.8855844 0.7283835 0
vt 0.8799006 0.7342971 0
vt 0.8904817 0.7337996 0
vt 0.8838935 0.7388005 0
vt 0.8944565 0.7399714 0
vt 0.8872196 0.7437689 0
vt 0.8000318 0.7433582 0
vt 0.8036948 0.7358367 0
vt 0.8083743 0.728823 0
vt 0.8139842 0.7224884 0
vt 0.8205364 0.7170028 0
vt 0.8279424 0.7127311 0
vt 0.8358412 0.7096343 0
vt 0.8440904 0.7076512 0
vt 0.8526087 0.706911 0
vt 0.861127 0.7076512 0
vt 0.8693762 0.7096343 0
vt 0.877275 0.7127311 0
vt 0.884681 0.7170028 0
vt 0.8912331 0.7224884 0
vt 0.8968431 0.728823 0
vt 0.9015226 0.7358367 0
vt 0.8556366 0.4812407 0
vt 0.7737746 0.4789071 0
vt 0.7768465 0.4721053 0
vt 0.7840835 0.4759029 0
vt 0.7808214 0.4659335 0
vt 0.7874095 0.4709345 0
vt 0.7857187 0.4605174 0
vt 0.7914024 0.4664311 0
vt 0.7913779 0.4559549 0
vt 0.7960059 0.4625776 0
vt 0.7976052 0.4522137 0
vt 0.8012192 0.4595928 0
vt 0.8043502 0.4494756 0
vt 0.8068459 0.4574106 0
vt 0.8114481 0.4478599 0
vt 0.8127095 0.4559811 0
vt 0.8186944 0.4473624 0
vt 0.8186944 0.4554476 0
vt 0.8259407 0.4478599 0
vt 0.8246792 0.4559811 0
vt 0.8330386 0.4494755 0
vt 0.8305429 0.4574105 0
vt 0.8397836 0.4522137 0
vt 0.8361696 0.4595928 0
vt 0.8460109 0.4559548 0
vt 0.8413829 0.4625776 0
vt 0.8516701 0.4605174 0
vt 0.8459864 0.4664311 0
vt 0.8565674 0.4659335 0
vt 0.8499792 0.4709345 0
vt 0.8605422 0.4721053 0
vt 0.8533053 0.4759029 0
vt 0.7661175 0.4754921 0
vt 0.7697804 0.4679706 0
vt 0.77446 0.4609569 0
vt 0.7800699 0.4546224 0
vt 0.7866221 0.4491368 0
vt 0.7940281 0.4448651 0
vt 0.8019269 0.4417683 0
vt 0.8101761 0.4397851 0
vt 0.8186944 0.4390449 0
vt 0.8272127 0.4397851 0
vt 0.8354619 0.4417683 0
vt 0.8433607 0.4448651 0
vt 0.8507667 0.4491368 0
vt 0.8573189 0.4546224 0
vt 0.8629288 0.4609569 0
vt 0.8676083 0.4679706 0
vt 0.8465722 0.3645035 0
vt 0.845034 0.3504233 0
vt 0.839535 0.3477749 0
vt 0.834872 0.3451225 0
vt 0.8280523 0.3410341 0
vt 0.8201305 0.3370089 0
vt 0.8084724 0.3339875 0
vt 0.7981941 0.3338528 0
vt 0.7855836 0.3377256 0
vt 0.7748594 0.3477029 0
vt 0.770123 0.3569684 0
vt 0.7670494 0.3678267 0
vt 0.7661175 0.377403 0
vt 0.7661175 0.3861642 0
vt 0.7669783 0.395203 0
vt 0.7675631 0.4007508 0
vt 0.7679206 0.4071454 0
vt 0.845844 0.350623 0
vt 0.820175 0.5690722 0
vt 0.8205292 0.5682165 0
vt 0.8213871 0.5667978 0
vt 0.8229537 0.5648061 0
vt 0.8243971 0.5634845 0
vt 0.8254482 0.5628899 0
vt 0.8279868 0.561923 0
vt 0.8292054 0.5617003 0
vt 0.8312196 0.5617715 0
vt 0.8339452 0.5622893 0
vt 0.8358474 0.5629433 0
vt 0.8369128 0.5635654 0
vt 0.8388793 0.5653387 0
vt 0.8400598 0.5667179 0
vt 0.8408465 0.5680798 0
vt 0.8412745 0.5693208 0
vt 0.8413675 0.5701895 0
vt 0.3240515 0.00390625 0
vt 0.9919972 0.04283739 0
vt 0.7763792 0.2513913 0
vt 0.7772309 0.2517272 0
vt 0.7792774 0.2527777 0
vt 0.7801358 0.2535107 0
vt 0.7813345 0.2549404 0
vt 0.7823177 0.2566268 0
vt 0.7830068 0.25849 0
vt 0.7833581 0.2604502 0
vt 0.7833529 0.2624854 0
vt 0.7829808 0.2644601 0
vt 0.7820336 0.267083 0
vt 0.7814608 0.2681765 0
vt 0.7797215 0.2701575 0
vt 0.7783514 0.2713683 0
vt 0.7769929 0.2721793 0
vt 0.7757445 0.272628 0
vt 0.7748782 0.2727346 0
vt 0.8712713 0.4754921 0
vt 0.9913052 0.00390626 0
vt 0.32884 0.008694776 0
vt 0.8522261 0.3828798 0
vt 0.8613499 0.7758789 0
vt 0.8491699 0.4042802 0
vt 0.8195785 0.6003188 0
vt 0.8668813 0.3153604 0
vt 0.8465164 0.317861 0
vt 0.8212285 0.7683179 0
vt 0.8415555 0.7708034 0
vt 0.847568 0.3275342 0
vt 0.8689864 0.3249199 0
vt 0.8436989 0.7612601 0
vt 0.8222807 0.7586448 0
vt 0.8259349 0.3178281 0
vt 0.9149522 0.7586447 0
vt 0.7673771 0.2935042 0
vt 0.8803567 0.7833882 0
vt 0.6835012 0.7975989 0
vt 0.6787056 0.7734935 0
vt 0.9055995 0.3028126 0
vt 0.8866381 0.3103019 0
vt 0.9472163 0.2137069 0
vt 0.8006139 0.7586448 0
vt 0.9093547 0.3118616 0
vt 0.6762972 0.7794673 0
vt 0.7817521 0.4812407 0
vt 0.6787907 0.8043377 0
vt 0.8845105 0.7745087 0
vt 0.8644951 0.7665707 0
vt 0.8897828 0.3196102 0
vt 0.7674231 0.3176213 0
vt 0.770175 0.3289905 0
vt 0.7661175 0.3056729 0
vt 0.7712875 0.2824185 0
vt 0.8407747 0.07506666 0
vt 0.8987715 0.6945161 0
vt 0.8422657 0.05219111 0
vt 0.6878199 0.805991 0
vt 0.860458 0.5977086 0
vt 0.6706974 0.770716 0
vt 0.7545999 0.7035516 0
vt 0.7415921 0.6949109 0
vt 0.7354495 0.6977698 0
vt 0.7254533 0.7033686 0
vt 0.7183152 0.7083844 0
vt 0.7085369 0.7176307 0
vt 0.7023983 0.7258215 0
vt 0.6961453 0.7391315 0
vt 0.6936902 0.7499138 0
vt 0.6936902 0.7649284 0
vt 0.6972253 0.7771919 0
vt 0.7034504 0.7884847 0
vt 0.7120313 0.7981014 0
vt 0.7195429 0.8043789 0
vt 0.7283097 0.8103439 0
vt 0.7367271 0.8147872 0
vt 0.7447365 0.8182208 0
vt 0.744174 0.6931153 0
vt 0.8357068 0.6086869 0
vt 0.6923714 0.8201505 0
vt 0.8995548 0.6104691 0
vt 0.915527 0.4470924 0
vt 0.7752396 0.7109728 0
vt 0.7901548 0.7308335 0
vt 0.8458342 0.09482318 0
vt 0.8483358 0.115188 0
vt 0.7997708 0.6055065 0
vt 0.8180506 0.5906579 0
vt 0.7971807 0.5961273 0
vt 0.8580089 0.1141358 0
vt 0.8553935 0.09271759 0
vt 0.8483039 0.1357695 0
vt 0.8885619 0.05219116 0
vt 0.6706974 0.8020038 0
vt 0.8333714 0.05630978 0
vt 0.839852 0.5977353 0
vt 0.777039 0.6041193 0
vt 0.7571095 0.8753546 0
vt 0.8500829 0.07192142 0
vt 0.687589 0.7756021 0
vt 0.8610467 0.5879233 0
vt 0.839342 0.5879233 0
vt 0.8874464 0.6972295 0
vt 0.8753953 0.6982322 0
vt 0.8633589 0.6967024 0
vt 0.8523915 0.6929024 0
vt 0.821339 0.6882934 0
vt 0.8216964 0.6874421 0
vt 0.8225591 0.6860316 0
vt 0.8241323 0.6840509 0
vt 0.8255857 0.6827379 0
vt 0.8266473 0.6821493 0
vt 0.8291978 0.6811878 0
vt 0.8304288 0.6809641 0
vt 0.8324573 0.6810311 0
vt 0.8351924 0.6815427 0
vt 0.8371049 0.6821856 0
vt 0.8381857 0.6827954 0
vt 0.840168 0.6845606 0
vt 0.8413617 0.685926 0
vt 0.8421588 0.6872749 0
vt 0.8425948 0.6885037 0
vt 0.842692 0.6893637 0
vt 0.8766533 0.6062193 0
vt 0.6759489 0.02804868 0
vt 0.674911 0.00390626 0
vt 0.6913192 0.8298236 0
vt 0.674911 0.01871115 0
vt 0.9913052 0.01871115 0
vt 0.8571865 0.9194316 0
vt 0.8571865 0.9142038 0
vt 0.6611978 0.02517459 0
vt 0.8571865 0.9103972 0
vt 0.7314406 0.8373846 0
vt 0.32884 0.01392262 0
vt 0.6701225 0.008694786 0
vt 0.6701225 0.01392263 0
vt 0.3373018 0.8784548 0
vt 0.8571865 0.8879792 0
vt 0.9960938 0.01392263 0
vt 0.9960937 0.008694786 0
vt 0.00390625 0.9103972 0
vt 0.9948637 0.005092408 0
vt 0.00390625 0.8879792 0
vt 0.3276099 0.005092399 0
vt 0.8571865 0.9008203 0
vt 0.6713526 0.017525 0
vt 0.3276099 0.01752499 0
vt 0.00390625 0.9008203 0
vt 0.8571865 0.9232382 0
vt 0.6717577 0.04148621 0
vt 0.6752569 0.04283739 0
vt 0.6797257 0.6827144 0
vt 0.7546012 0.8360144 0
vt 0.9948637 0.017525 0
vt 0.00390625 0.9232382 0
vt 0.6706973 0.2983829 0
vt 0.7567372 0.05219113 0
vt 0.8615595 0.8176611 0
vt 0.8607474 0.8037852 0
vt 0.8556822 0.801016 0
vt 0.8514918 0.79827 0
vt 0.8453978 0.7939541 0
vt 0.8383075 0.7895076 0
vt 0.8274147 0.7855426 0
vt 0.8174804 0.7845116 0
vt 0.8046605 0.7875768 0
vt 0.7937097 0.7971572 0
vt 0.7890524 0.8060349 0
vt 0.7859698 0.8163435 0
vt 0.7848574 0.8253333 0
vt 0.7845117 0.8335424 0
vt 0.7848309 0.8421293 0
vt 0.7850033 0.8473809 0
vt 0.7848594 0.8535117 0
vt 0.8614722 0.8039869 0
vt 0.8660403 0.8357335 0
vt 0.8623403 0.8562892 0
vt 0.8562883 0.6087198 0
vt 0.7116462 0.8323092 0
vt 0.85734 0.618393 0
vt 0.8787584 0.6157787 0
vt 0.7137896 0.8227659 0
vt 0.7504474 0.8448939 0
vt 0.6750347 0.6894615 0
vt 0.6798398 0.7135551 0
vt 0.9153715 0.5936715 0
vt 0.89641 0.6011607 0
vt 0.9426177 0.3579867 0
vt 0.6707046 0.8201505 0
vt 0.9191267 0.6027204 0
vt 0.6822033 0.7075745 0
vt 0.7345858 0.8280764 0
vt 0.7674318 0.1745922 0
vt 0.7702119 0.1859483 0
vt 0.7661175 0.1626516 0
vt 0.767377 0.1504921 0
vt 0.7712816 0.1394143 0
vt 0.7765486 0.1085235 0
vt 0.7773888 0.1088615 0
vt 0.7794177 0.1099031 0
vt 0.7802693 0.1106389 0
vt 0.7814647 0.1120624 0
vt 0.782447 0.1137396 0
vt 0.7831331 0.115588 0
vt 0.7834769 0.1175282 0
vt 0.7834584 0.1195397 0
vt 0.7830682 0.1214912 0
vt 0.7821005 0.1240968 0
vt 0.7814986 0.1251717 0
vt 0.7797349 0.127143 0
vt 0.7783366 0.1283469 0
vt 0.7769556 0.1291542 0
vt 0.7756895 0.1296015 0
vt 0.7748116 0.1297084 0
vt 0.731621 0.5742152 0
vt 0.718612 0.5655707 0
vt 0.7124691 0.5684249 0
vt 0.7024683 0.5740194 0
vt 0.6953253 0.5790336 0
vt 0.6855425 0.5882806 0
vt 0.6794022 0.5964732 0
vt 0.6731503 0.6097855 0
vt 0.6706973 0.6205658 0
vt 0.6706973 0.6355767 0
vt 0.6742269 0.6478342 0
vt 0.6804395 0.6591235 0
vt 0.6890044 0.6687444 0
vt 0.696502 0.6750288 0
vt 0.7052569 0.6810063 0
vt 0.7136653 0.6854625 0
vt 0.7216675 0.6889086 0
vt 0.7211899 0.5637808 0
vt 0.7522657 0.5816573 0
vt 0.7671672 0.6015453 0
vt 0.851077 0.5736969 0
vt 0.8458342 0.2402526 0
vt 0.8483358 0.2606174 0
vt 0.8313859 0.1881872 0
vt 0.8511936 0.1829996 0
vt 0.8580089 0.2595652 0
vt 0.8553936 0.238147 0
vt 0.8156665 0.7491067 0
vt 0.8496657 0.1733386 0
vt 0.8287959 0.1788081 0
vt 0.8483039 0.2811989 0
vt 0.8902865 0.8684354 0
vt 0.8714671 0.180416 0
vt 0.8920731 0.1803894 0
vt 0.6878393 0.7163421 0
vt 0.6878393 0.6850368 0
vt 0.8333714 0.2017392 0
vt 0.8407747 0.2204961 0
vt 0.8086541 0.1868001 0
vt 0.9422096 0.437892 0
vt 0.8500829 0.2173508 0
vt 0.8422657 0.1976205 0
vt 0.6706973 0.681044 0
vt 0.6709221 0.7114613 0
vt 0.8926618 0.170604 0
vt 0.8709571 0.170604 0
vt 0.8860324 0.578128 0
vt 0.8974172 0.57543 0
vt 0.8740024 0.5790699 0
vt 0.8620106 0.5775066 0
vt 0.6706973 0.5541777 0
vt 0.7567372 0.307986 0
vt 0.8975284 0.7467732 0
vt 0.9051855 0.7433582 0
vt 0.8636141 0.4789071 0
#end 1278 textures vertices 

#begin 319 normals 
vn 0 1 -0
vn 0.225 0.9721 0.0662
vn 0.234 0.9721 -0.0147
vn 0.1887 0.9721 0.1392
vn 0.1298 0.9721 0.1953
vn 0.0552 0.9721 0.2279
vn -0.0261 0.9721 0.233
vn -0.1042 0.9721 0.2101
vn -0.1698 0.9721 0.1617
vn -0.2149 0.9721 0.0939
vn -0.234 0.9721 0.0147
vn -0.225 0.9721 -0.0662
vn -0.1887 0.9721 -0.1392
vn -0.1298 0.9721 -0.1953
vn -0.0552 0.9721 -0.2279
vn 0.0261 0.9721 -0.233
vn 0.1042 0.9721 -0.2101
vn 0.1698 0.9721 -0.1617
vn 0.2149 0.9721 -0.0939
vn 0.4759 0.879 -0.03
vn 0.4575 0.879 0.1346
vn 0.3838 0.879 0.283
vn 0.2639 0.879 0.3972
vn 0.1121 0.879 0.4635
vn -0.0532 0.879 0.4739
vn -0.212 0.879 0.4272
vn -0.3453 0.879 0.3289
vn -0.437 0.879 0.1909
vn -0.4759 0.879 0.03
vn -0.4575 0.879 -0.1346
vn -0.3838 0.879 -0.283
vn -0.2639 0.879 -0.3972
vn -0.1122 0.879 -0.4635
vn 0.0532 0.879 -0.4739
vn 0.212 0.879 -0.4272
vn 0.3453 0.879 -0.3289
vn 0.437 0.879 -0.1909
vn 0.7392 0.6719 -0.0466
vn 0.7105 0.6719 0.2091
vn 0.5962 0.6719 0.4395
vn 0.4099 0.6719 0.6169
vn 0.1742 0.6719 0.7199
vn -0.0825 0.6719 0.736
vn -0.3293 0.6719 0.6634
vn -0.5363 0.6719 0.5108
vn -0.6787 0.6719 0.2966
vn -0.7392 0.6719 0.0466
vn -0.7105 0.6719 -0.2091
vn -0.5962 0.6719 -0.4395
vn -0.4099 0.6719 -0.6169
vn -0.1742 0.6719 -0.7199
vn 0.0825 0.6719 -0.736
vn 0.3293 0.6719 -0.6634
vn 0.5363 0.6719 -0.5108
vn 0.6787 0.6719 -0.2966
vn 0.8726 -0.4854 -0.055
vn 0.8388 -0.4854 0.2468
vn 0.7038 -0.4853 0.5188
vn 0.4839 -0.4853 0.7282
vn 0.2057 -0.4853 0.8498
vn -0.0974 -0.4853 0.8689
vn -0.3887 -0.4853 0.7832
vn -0.6331 -0.4853 0.603
vn -0.8012 -0.4853 0.3501
vn -0.8726 -0.4854 0.055
vn -0.8388 -0.4854 -0.2468
vn -0.7038 -0.4854 -0.5188
vn -0.4839 -0.4853 -0.7282
vn -0.2057 -0.4853 -0.8498
vn 0.0974 -0.4853 -0.8689
vn 0.3887 -0.4853 -0.7832
vn 0.6332 -0.4852 -0.603
vn 0.8012 -0.4853 -0.3501
vn 0.2101 -0.9757 0.0618
vn 0.2186 -0.9757 -0.0137
vn 0.1763 -0.9757 0.13
vn 0.1212 -0.9757 0.1824
vn 0.0515 -0.9757 0.2129
vn -0.0244 -0.9757 0.2177
vn -0.0973 -0.9757 0.1962
vn -0.1586 -0.9757 0.151
vn -0.2007 -0.9757 0.0877
vn -0.2186 -0.9757 0.0137
vn -0.2101 -0.9757 -0.0618
vn -0.1763 -0.9757 -0.13
vn -0.1212 -0.9757 -0.1824
vn -0.0515 -0.9757 -0.2129
vn 0.0244 -0.9757 -0.2177
vn 0.0974 -0.9757 -0.1962
vn 0.1586 -0.9757 -0.151
vn 0.2007 -0.9757 -0.0877
vn -0.136 -0.7813 -0.6092
vn -0.1942 -0.7689 -0.6091
vn -0.1162 -0.7689 0.6288
vn -0.0585 -0.7813 0.6214
vn 0.1367 0.7992 0.5853
vn 0.1963 0.7871 0.5848
vn 0.1214 0.7871 -0.6048
vn 0.0622 0.7992 -0.5978
vn -0.2189 -0.7332 -0.6438
vn -0.1365 -0.7332 0.6662
vn -0.0013 -0.7879 0.6158
vn 0.0275 -0.7868 0.6166
vn -0.0501 -0.7868 -0.6151
vn -0.0786 -0.7879 -0.6108
vn 0.2307 0.8073 0.5431
vn 0.1607 0.8072 -0.5679
vn 0.0036 0.8056 -0.5925
vn -0.0252 0.8097 -0.5862
vn 0.0485 0.8098 0.5847
vn 0.078 0.8056 0.5873
vn 0.9593 0 0.2823
vn 0.9249 -0.2654 0.2722
vn 0.9622 -0.2654 -0.0606
vn 0.998 0 -0.0629
vn 0.8049 0 0.5934
vn 0.776 -0.2654 0.5721
vn 0.5534 0 0.8329
vn 0.5336 -0.2654 0.803
vn 0.2352 0 0.9719
vn 0.2268 -0.2654 0.9371
vn -0.1114 0 0.9938
vn -0.1074 -0.2654 0.9581
vn -0.4446 0 0.8957
vn -0.4287 -0.2654 0.8636
vn -0.7241 0 0.6897
vn -0.6981 -0.2654 0.665
vn -0.9163 0 0.4004
vn -0.8835 -0.2654 0.386
vn -0.998 0 0.0629
vn -0.9622 -0.2654 0.0606
vn -0.9593 0 -0.2823
vn -0.9249 -0.2654 -0.2722
vn -0.8049 0 -0.5934
vn -0.776 -0.2654 -0.5721
vn -0.5534 0 -0.8329
vn -0.5336 -0.2654 -0.803
vn -0.2352 0 -0.9719
vn -0.2268 -0.2654 -0.9371
vn 0.1114 0 -0.9938
vn 0.1074 -0.2654 -0.9581
vn 0.4446 0 -0.8957
vn 0.4286 -0.2654 -0.8636
vn 0.7241 0 -0.6897
vn 0.6981 -0.2654 -0.665
vn 0.9163 0 -0.4004
vn 0.8835 -0.2654 -0.386
vn 0.7127 -0.6694 0.2097
vn 0.7414 -0.6694 -0.0467
vn 0.5979 -0.6694 0.4408
vn 0.4111 -0.6694 0.6188
vn 0.1747 -0.6694 0.7221
vn -0.0827 -0.6694 0.7383
vn -0.3303 -0.6694 0.6655
vn -0.5379 -0.6694 0.5123
vn -0.6807 -0.6694 0.2975
vn -0.7414 -0.6694 0.0467
vn -0.7127 -0.6694 -0.2097
vn -0.5979 -0.6694 -0.4408
vn -0.4111 -0.6694 -0.6188
vn -0.1747 -0.6694 -0.7221
vn 0.0827 -0.6694 -0.7383
vn 0.3303 -0.6694 -0.6655
vn 0.5379 -0.6694 -0.5123
vn 0.6807 -0.6694 -0.2975
vn 0.4559 -0.8798 0.1342
vn 0.4744 -0.8798 -0.0299
vn 0.3826 -0.8798 0.282
vn 0.2631 -0.8798 0.3959
vn 0.1118 -0.8798 0.462
vn -0.053 -0.8798 0.4723
vn -0.2113 -0.8798 0.4257
vn -0.3442 -0.8798 0.3278
vn -0.4355 -0.8798 0.1903
vn -0.4744 -0.8798 0.0299
vn -0.4559 -0.8798 -0.1342
vn -0.3826 -0.8798 -0.282
vn -0.2631 -0.8798 -0.3959
vn -0.1118 -0.8798 -0.462
vn 0.053 -0.8798 -0.4723
vn 0.2113 -0.8798 -0.4257
vn 0.3442 -0.8798 -0.3278
vn 0.4355 -0.8798 -0.1903
vn 0.2237 -0.9724 0.0658
vn 0.2327 -0.9724 -0.0146
vn 0.1877 -0.9724 0.1384
vn 0.1291 -0.9724 0.1942
vn 0.0549 -0.9724 0.2266
vn -0.026 -0.9724 0.2317
vn -0.1037 -0.9724 0.2089
vn -0.1688 -0.9724 0.1608
vn -0.2136 -0.9724 0.0934
vn -0.2327 -0.9724 0.0146
vn -0.2236 -0.9724 -0.0658
vn -0.1877 -0.9724 -0.1384
vn -0.1291 -0.9724 -0.1942
vn -0.0549 -0.9724 -0.2266
vn 0.026 -0.9724 -0.2317
vn 0.1037 -0.9724 -0.2089
vn 0.1688 -0.9724 -0.1608
vn 0.2136 -0.9724 -0.0934
vn 0 -1 -0
vn -0.2249 0.9721 -0.0662
vn -0.1121 0.879 -0.4635
vn -0.7038 -0.4853 -0.5188
vn 0.6331 -0.4853 -0.603
vn 0.7038 -0.4854 0.5188
vn -0.6332 -0.4852 0.603
vn 0.136 -0.7813 0.6092
vn 0.1942 -0.7689 0.6092
vn 0.1163 -0.769 -0.6286
vn 0.0585 -0.7813 -0.6214
vn -0.1367 0.7992 -0.5853
vn -0.1963 0.7871 -0.5848
vn -0.1214 0.787 0.6049
vn -0.0622 0.7992 0.5978
vn 0.219 -0.7332 0.6437
vn 0.1365 -0.7331 -0.6663
vn 0.0013 -0.7879 -0.6158
vn -0.0275 -0.7868 -0.6166
vn 0.0501 -0.7868 0.6151
vn 0.0786 -0.7879 0.6108
vn -0.2307 0.8073 -0.5432
vn -0.1607 0.8072 0.5679
vn -0.0036 0.8056 0.5925
vn 0.0252 0.8097 0.5862
vn -0.0485 0.8098 -0.5847
vn -0.078 0.8056 -0.5873
vn -0.5535 0 -0.8329
vn 0.9164 0 -0.4004
vn 0.998 0 -0.0628
vn -0.2237 -0.9724 -0.0658
vn 0.2236 -0.9724 0.0658
vn -0.1689 -0.9724 0.1608
vn -0.0276 0.0022 -0.9996
vn 0.0278 0.0024 0.9996
vn -0.1602 -0.9871 -0
vn 0.1602 -0.9871 -0
vn -0.1602 0.9871 -0
vn 0.1602 0.9871 -0
vn 0 0 1
vn 0.9871 -0.1602 -0
vn 0.9871 0.1602 -0
vn 0 0 -1
vn -0.9871 -0.1602 -0
vn -0.9871 0.1602 -0
vn -0.3162 -0.9487 -0
vn 0.3162 -0.9487 -0
vn 0.3162 0.9487 -0
vn -0.3162 0.9487 -0
vn 0.9487 -0.3162 -0
vn 0.9487 0.3162 -0
vn -0.9487 -0.3162 -0
vn -0.9487 0.3162 -0
vn -1 -0 -0
vn -0.8413 0 -0.5406
vn -0.4154 0 -0.9096
vn 0.1423 0 -0.9898
vn 0.6549 0 -0.7557
vn 0.9595 0 -0.2817
vn 0.9595 -0 0.2817
vn 0.6549 -0 0.7557
vn 0.1423 -0 0.9898
vn -0.4154 -0 0.9096
vn -0.8413 -0 0.5406
vn -1 0 -0
vn 0.6549 -0 0.7558
vn 0 -0.5556 -0.8315
vn 0 -0.3744 -0.9273
vn 0.3549 -0.3744 -0.8567
vn 0.3182 -0.5556 -0.7682
vn 0.6557 -0.3744 -0.6557
vn 0.5879 -0.5556 -0.5879
vn 0.8567 -0.3744 -0.3549
vn 0.7682 -0.5556 -0.3182
vn 0.9273 -0.3744 0
vn 0.8315 -0.5556 0
vn 0.8567 -0.3744 0.3549
vn 0.7682 -0.5556 0.3182
vn 0.6557 -0.3744 0.6557
vn 0.5879 -0.5556 0.5879
vn 0.3549 -0.3744 0.8567
vn 0.3182 -0.5556 0.7682
vn -0 -0.3744 0.9273
vn 0 -0.5556 0.8315
vn -0.3549 -0.3744 0.8567
vn -0.3182 -0.5556 0.7682
vn -0.6557 -0.3744 0.6557
vn -0.5879 -0.5556 0.5879
vn -0.8567 -0.3744 0.3549
vn -0.7682 -0.5556 0.3182
vn -0.9273 -0.3744 -0
vn -0.8315 -0.5556 -0
vn -0.8567 -0.3744 -0.3549
vn -0.7682 -0.5556 -0.3182
vn -0.6557 -0.3744 -0.6557
vn -0.5879 -0.5556 -0.5879
vn -0.3549 -0.3744 -0.8567
vn -0.3182 -0.5556 -0.7682
vn 0 -0.1951 -0.9808
vn 0.3753 -0.1951 -0.9061
vn 0.6935 -0.1951 -0.6935
vn 0.9061 -0.1951 -0.3753
vn 0.9808 -0.1951 0
vn 0.9061 -0.1951 0.3753
vn 0.6935 -0.1951 0.6935
vn 0.3753 -0.1951 0.9061
vn -0 -0.1951 0.9808
vn -0.3753 -0.1951 0.9061
vn -0.6935 -0.1951 0.6935
vn -0.9061 -0.1951 0.3753
vn -0.9808 -0.1951 -0
vn -0.9061 -0.1951 -0.3753
vn -0.6935 -0.1951 -0.6935
vn -0.3753 -0.1951 -0.9061
vn -0 -0.5556 -0.8315
vn -0 -0.3744 -0.9273
vn -0 -0.1951 -0.9808
vn 0 -0.1951 0.9808
#end 319 normals 

#begin 903 faces
o 对象004
usemtl cHHER_Material__24
g 对象004
s 1
f 1/1/1 2/2/2 3/3/3 
f 1/989/1 4/4/4 2/2/2 
f 1/988/1 5/5/5 4/4/4 
f 1/987/1 6/6/6 5/5/5 
f 1/986/1 7/7/7 6/6/6 
f 1/985/1 8/8/8 7/7/7 
f 1/984/1 9/9/9 8/8/8 
f 1/983/1 10/10/10 9/9/9 
f 1/982/1 11/11/11 10/10/10 
f 1/981/1 12/12/12 11/11/11 
f 1/980/1 13/13/13 12/12/12 
f 1/979/1 14/14/14 13/13/13 
f 1/978/1 15/15/15 14/14/14 
f 1/977/1 16/16/16 15/15/15 
f 1/976/1 17/17/17 16/16/16 
f 1/975/1 18/18/18 17/17/17 
f 1/974/1 19/19/19 18/18/18 
f 1/990/1 3/973/3 19/19/19 
f 20/20/20 3/3/3 2/2/2 21/21/21 
f 21/21/21 2/2/2 4/4/4 22/22/22 
f 22/22/22 4/4/4 5/5/5 23/23/23 
f 23/23/23 5/5/5 6/6/6 24/24/24 
f 24/24/24 6/6/6 7/7/7 25/25/25 
f 25/25/25 7/7/7 8/8/8 26/26/26 
f 26/26/26 8/8/8 9/9/9 27/27/27 
f 27/27/27 9/9/9 10/10/10 28/28/28 
f 28/28/28 10/10/10 11/11/11 29/29/29 
f 29/29/29 11/11/11 12/12/12 30/30/30 
f 30/30/30 12/12/12 13/13/13 31/31/31 
f 31/31/31 13/13/13 14/14/14 32/32/32 
f 32/32/32 14/14/14 15/15/15 33/33/33 
f 33/33/33 15/15/15 16/16/16 34/34/34 
f 34/34/34 16/16/16 17/17/17 35/35/35 
f 35/35/35 17/17/17 18/18/18 36/36/36 
f 36/36/36 18/18/18 19/19/19 37/37/37 
f 37/37/37 19/19/19 3/973/3 20/1030/20 
f 38/38/38 20/20/20 21/21/21 39/39/39 
f 39/39/39 21/21/21 22/22/22 40/40/40 
f 40/40/40 22/22/22 23/23/23 41/41/41 
f 41/41/41 23/23/23 24/24/24 42/42/42 
f 42/42/42 24/24/24 25/25/25 43/43/43 
f 43/43/43 25/25/25 26/26/26 44/44/44 
f 44/44/44 26/26/26 27/27/27 45/45/45 
f 45/45/45 27/27/27 28/28/28 46/46/46 
f 46/46/46 28/28/28 29/29/29 47/47/47 
f 47/47/47 29/29/29 30/30/30 48/48/48 
f 48/48/48 30/30/30 31/31/31 49/49/49 
f 49/49/49 31/31/31 32/32/32 50/50/50 
f 50/50/50 32/32/32 33/33/33 51/51/51 
f 51/51/51 33/33/33 34/34/34 52/52/52 
f 52/52/52 34/34/34 35/35/35 53/53/53 
f 53/53/53 35/35/35 36/36/36 54/54/54 
f 54/54/54 36/36/36 37/37/37 55/55/55 
f 55/55/55 37/37/37 20/1030/20 38/1032/38 
f 56/56/56 38/38/38 39/39/39 57/57/57 
f 57/57/57 39/39/39 40/40/40 58/58/58 
f 58/58/58 40/40/40 41/41/41 59/59/59 
f 59/59/59 41/41/41 42/42/42 60/60/60 
f 60/60/60 42/42/42 43/43/43 61/61/61 
f 61/61/61 43/43/43 44/44/44 62/62/62 
f 62/62/62 44/44/44 45/45/45 63/63/63 
f 63/63/63 45/45/45 46/46/46 64/64/64 
f 64/64/64 46/46/46 47/47/47 65/65/65 
f 65/65/65 47/47/47 48/48/48 66/66/66 
f 66/66/66 48/48/48 49/49/49 67/67/67 
f 67/67/67 49/49/49 50/50/50 68/68/68 
f 68/68/68 50/50/50 51/51/51 69/69/69 
f 69/69/69 51/51/51 52/52/52 70/70/70 
f 70/70/70 52/52/52 53/53/53 71/71/71 
f 71/71/71 53/53/53 54/54/54 72/72/72 
f 72/72/72 54/54/54 55/55/55 73/73/73 
f 73/73/73 55/55/55 38/1032/38 56/56/56 
s 2
f 74/74/74 75/75/75 56/56/56 57/57/57 
f 76/76/76 74/74/74 57/57/57 58/58/58 
f 77/77/77 76/76/76 58/58/58 59/59/59 
f 78/78/78 77/77/77 59/59/59 60/60/60 
f 79/79/79 78/78/78 60/60/60 61/61/61 
f 80/80/80 79/79/79 61/61/61 62/62/62 
f 81/81/81 80/80/80 62/62/62 63/63/63 
f 82/82/82 81/81/81 63/63/63 64/64/64 
f 83/83/83 82/82/82 64/64/64 65/65/65 
f 84/84/84 83/83/83 65/65/65 66/66/66 
f 85/85/85 84/84/84 66/66/66 67/67/67 
f 86/86/86 85/85/85 67/67/67 68/68/68 
f 87/87/87 86/86/86 68/68/68 69/69/69 
f 88/88/88 87/87/87 69/69/69 70/70/70 
f 89/89/89 88/88/88 70/70/70 71/71/71 
f 90/90/90 89/89/89 71/71/71 72/72/72 
f 91/91/91 90/90/90 72/72/72 73/73/73 
f 75/75/75 91/91/91 73/73/73 56/56/56 
f 92/92/92 93/93/93 94/94/94 95/95/95 
s 4
f 96/96/96 97/97/97 98/98/98 99/99/99 
s 16
f 99/1039/99 98/1038/98 93/1035/93 92/1034/92 
s 64
f 94/1036/94 97/1041/97 96/1040/96 95/1037/95 
s 2
f 93/93/93 100/100/100 101/1043/101 94/94/94 
f 102/102/102 103/103/103 104/104/104 105/105/105 
f 95/95/95 102/102/102 105/105/105 92/92/92 
s 4
f 97/97/97 106/106/106 107/1050/107 98/98/98 
f 108/108/108 109/109/109 110/110/110 111/111/111 
f 99/99/99 108/108/108 111/111/111 96/96/96 
s 16
f 98/1038/98 107/107/107 100/1042/100 93/1035/93 
f 105/1049/105 104/1048/104 109/1052/109 108/1058/108 
f 92/1034/92 105/1049/105 108/1058/108 99/1039/99 
s 64
f 111/1057/111 110/1056/110 103/1045/103 102/1031/102 
f 95/1037/95 96/1040/96 111/1057/111 102/1031/102 
f 97/1041/97 94/1036/94 101/101/101 106/1051/106 
s 1
f 112/112/112 113/113/113 114/114/114 115/115/115 
f 116/116/116 117/117/117 113/113/113 112/112/112 
f 118/118/118 119/119/119 117/117/117 116/116/116 
f 120/120/120 121/121/121 119/119/119 118/118/118 
f 122/122/122 123/123/123 121/121/121 120/120/120 
f 124/124/124 125/125/125 123/123/123 122/122/122 
f 126/126/126 127/127/127 125/125/125 124/124/124 
f 128/128/128 129/129/129 127/127/127 126/126/126 
f 130/130/130 131/131/131 129/129/129 128/128/128 
f 132/132/132 133/133/133 131/131/131 130/130/130 
f 134/134/134 135/135/135 133/133/133 132/132/132 
f 136/136/136 137/137/137 135/135/135 134/134/134 
f 138/138/138 139/139/139 137/137/137 136/136/136 
f 140/140/140 141/141/141 139/139/139 138/138/138 
f 142/142/142 143/143/143 141/141/141 140/140/140 
f 144/144/144 145/145/145 143/143/143 142/142/142 
f 146/146/146 147/147/147 145/145/145 144/144/144 
f 115/1060/115 114/1059/114 147/147/147 146/146/146 
f 113/113/113 148/148/148 149/149/149 114/114/114 
f 117/117/117 150/150/150 148/148/148 113/113/113 
f 119/119/119 151/151/151 150/150/150 117/117/117 
f 121/121/121 152/152/152 151/151/151 119/119/119 
f 123/123/123 153/153/153 152/152/152 121/121/121 
f 125/125/125 154/154/154 153/153/153 123/123/123 
f 127/127/127 155/155/155 154/154/154 125/125/125 
f 129/129/129 156/156/156 155/155/155 127/127/127 
f 131/131/131 157/157/157 156/156/156 129/129/129 
f 133/133/133 158/158/158 157/157/157 131/131/131 
f 135/135/135 159/159/159 158/158/158 133/133/133 
f 137/137/137 160/160/160 159/159/159 135/135/135 
f 139/139/139 161/161/161 160/160/160 137/137/137 
f 141/141/141 162/162/162 161/161/161 139/139/139 
f 143/143/143 163/163/163 162/162/162 141/141/141 
f 145/145/145 164/164/164 163/163/163 143/143/143 
f 147/147/147 165/165/165 164/164/164 145/145/145 
f 114/1059/114 149/1061/149 165/165/165 147/147/147 
f 148/148/148 166/166/166 167/167/167 149/149/149 
f 150/150/150 168/168/168 166/166/166 148/148/148 
f 151/151/151 169/169/169 168/168/168 150/150/150 
f 152/152/152 170/170/170 169/169/169 151/151/151 
f 153/153/153 171/171/171 170/170/170 152/152/152 
f 154/154/154 172/172/172 171/171/171 153/153/153 
f 155/155/155 173/173/173 172/172/172 154/154/154 
f 156/156/156 174/174/174 173/173/173 155/155/155 
f 157/157/157 175/175/175 174/174/174 156/156/156 
f 158/158/158 176/176/176 175/175/175 157/157/157 
f 159/159/159 177/177/177 176/176/176 158/158/158 
f 160/160/160 178/178/178 177/177/177 159/159/159 
f 161/161/161 179/179/179 178/178/178 160/160/160 
f 162/162/162 180/180/180 179/179/179 161/161/161 
f 163/163/163 181/181/181 180/180/180 162/162/162 
f 164/164/164 182/182/182 181/181/181 163/163/163 
f 165/165/165 183/183/183 182/182/182 164/164/164 
f 149/1061/149 167/1044/167 183/183/183 165/165/165 
f 166/166/166 184/184/184 185/185/185 167/167/167 
f 168/168/168 186/186/186 184/184/184 166/166/166 
f 169/169/169 187/187/187 186/186/186 168/168/168 
f 170/170/170 188/188/188 187/187/187 169/169/169 
f 171/171/171 189/189/189 188/188/188 170/170/170 
f 172/172/172 190/190/190 189/189/189 171/171/171 
f 173/173/173 191/191/191 190/190/190 172/172/172 
f 174/174/174 192/192/192 191/191/191 173/173/173 
f 175/175/175 193/193/193 192/192/192 174/174/174 
f 176/176/176 194/194/194 193/193/193 175/175/175 
f 177/177/177 195/195/195 194/194/194 176/176/176 
f 178/178/178 196/196/196 195/195/195 177/177/177 
f 179/179/179 197/197/197 196/196/196 178/178/178 
f 180/180/180 198/198/198 197/197/197 179/179/179 
f 181/181/181 199/199/199 198/198/198 180/180/180 
f 182/182/182 200/200/200 199/199/199 181/181/181 
f 183/183/183 201/201/201 200/200/200 182/182/182 
f 167/1044/167 185/1062/185 201/201/201 183/183/183 
f 202/202/202 185/185/185 184/184/184 
f 202/1010/202 184/184/184 186/186/186 
f 202/1011/202 186/186/186 187/187/187 
f 202/1012/202 187/187/187 188/188/188 
f 202/1013/202 188/188/188 189/189/189 
f 202/1014/202 189/189/189 190/190/190 
f 202/1015/202 190/190/190 191/191/191 
f 202/1016/202 191/191/191 192/192/192 
f 202/1017/202 192/192/192 193/193/193 
f 202/1018/202 193/193/193 194/194/194 
f 202/1019/202 194/194/194 195/195/195 
f 202/1020/202 195/195/195 196/196/196 
f 202/1021/202 196/196/196 197/197/197 
f 202/1022/202 197/197/197 198/198/198 
f 202/1023/202 198/198/198 199/199/199 
f 202/1024/202 199/199/199 200/200/200 
f 202/1025/202 200/200/200 201/201/201 
f 202/1026/202 201/201/201 185/1062/185 
f 203/203/1 204/204/203 205/205/11 
f 203/1085/1 206/206/13 204/204/203 
f 203/1084/1 207/207/14 206/206/13 
f 203/1083/1 208/208/15 207/207/14 
f 203/1082/1 209/209/16 208/208/15 
f 203/1081/1 210/210/17 209/209/16 
f 203/1080/1 211/211/18 210/210/17 
f 203/1079/1 212/212/19 211/211/18 
f 203/1078/1 213/213/3 212/212/19 
f 203/1077/1 214/214/2 213/213/3 
f 203/1076/1 215/215/4 214/214/2 
f 203/1075/1 216/216/5 215/215/4 
f 203/1074/1 217/217/6 216/216/5 
f 203/1073/1 218/218/7 217/217/6 
f 203/1072/1 219/219/8 218/218/7 
f 203/1071/1 220/220/9 219/219/8 
f 203/1070/1 221/221/10 220/220/9 
f 203/1086/1 205/1069/11 221/221/10 
f 222/222/29 205/205/11 204/204/203 223/223/30 
f 223/223/30 204/204/203 206/206/13 224/224/31 
f 224/224/31 206/206/13 207/207/14 225/225/32 
f 225/225/32 207/207/14 208/208/15 226/226/204 
f 226/226/204 208/208/15 209/209/16 227/227/34 
f 227/227/34 209/209/16 210/210/17 228/228/35 
f 228/228/35 210/210/17 211/211/18 229/229/36 
f 229/229/36 211/211/18 212/212/19 230/230/37 
f 230/230/37 212/212/19 213/213/3 231/231/20 
f 231/231/20 213/213/3 214/214/2 232/232/21 
f 232/232/21 214/214/2 215/215/4 233/233/22 
f 233/233/22 215/215/4 216/216/5 234/234/23 
f 234/234/23 216/216/5 217/217/6 235/235/24 
f 235/235/24 217/217/6 218/218/7 236/236/25 
f 236/236/25 218/218/7 219/219/8 237/237/26 
f 237/237/26 219/219/8 220/220/9 238/238/27 
f 238/238/27 220/220/9 221/221/10 239/239/28 
f 239/239/28 221/221/10 205/1069/11 222/1091/29 
f 240/240/47 222/222/29 223/223/30 241/241/48 
f 241/241/48 223/223/30 224/224/31 242/242/49 
f 242/242/49 224/224/31 225/225/32 243/243/50 
f 243/243/50 225/225/32 226/226/204 244/244/51 
f 244/244/51 226/226/204 227/227/34 245/245/52 
f 245/245/52 227/227/34 228/228/35 246/246/53 
f 246/246/53 228/228/35 229/229/36 247/247/54 
f 247/247/54 229/229/36 230/230/37 248/248/55 
f 248/248/55 230/230/37 231/231/20 249/249/38 
f 249/249/38 231/231/20 232/232/21 250/250/39 
f 250/250/39 232/232/21 233/233/22 251/251/40 
f 251/251/40 233/233/22 234/234/23 252/252/41 
f 252/252/41 234/234/23 235/235/24 253/253/42 
f 253/253/42 235/235/24 236/236/25 254/254/43 
f 254/254/43 236/236/25 237/237/26 255/255/44 
f 255/255/44 237/237/26 238/238/27 256/256/45 
f 256/256/45 238/238/27 239/239/28 257/257/46 
f 257/257/46 239/239/28 222/1091/29 240/1092/47 
f 258/258/65 240/240/47 241/241/48 259/259/66 
f 259/259/66 241/241/48 242/242/49 260/260/205 
f 260/260/205 242/242/49 243/243/50 261/261/68 
f 261/261/68 243/243/50 244/244/51 262/262/69 
f 262/262/69 244/244/51 245/245/52 263/263/70 
f 263/263/70 245/245/52 246/246/53 264/264/71 
f 264/264/71 246/246/53 247/247/54 265/265/206 
f 265/265/206 247/247/54 248/248/55 266/266/73 
f 266/266/73 248/248/55 249/249/38 267/267/56 
f 267/267/56 249/249/38 250/250/39 268/268/57 
f 268/268/57 250/250/39 251/251/40 269/269/207 
f 269/269/207 251/251/40 252/252/41 270/270/59 
f 270/270/59 252/252/41 253/253/42 271/271/60 
f 271/271/60 253/253/42 254/254/43 272/272/61 
f 272/272/61 254/254/43 255/255/44 273/273/62 
f 273/273/62 255/255/44 256/256/45 274/274/208 
f 274/274/208 256/256/45 257/257/46 275/275/64 
f 275/275/64 257/257/46 240/1092/47 258/258/65 
s 2
f 276/276/84 277/277/83 258/258/65 259/259/66 
f 278/278/85 276/276/84 259/259/66 260/260/205 
f 279/279/86 278/278/85 260/260/205 261/261/68 
f 280/280/87 279/279/86 261/261/68 262/262/69 
f 281/281/88 280/280/87 262/262/69 263/263/70 
f 282/282/89 281/281/88 263/263/70 264/264/71 
f 283/283/90 282/282/89 264/264/71 265/265/206 
f 284/284/91 283/283/90 265/265/206 266/266/73 
f 285/285/75 284/284/91 266/266/73 267/267/56 
f 286/286/74 285/285/75 267/267/56 268/268/57 
f 287/287/76 286/286/74 268/268/57 269/269/207 
f 288/288/77 287/287/76 269/269/207 270/270/59 
f 271/271/60 289/289/78 288/288/77 270/270/59 
f 290/290/79 289/289/78 271/271/60 272/272/61 
f 291/291/80 290/290/79 272/272/61 273/273/62 
f 292/292/81 291/291/80 273/273/62 274/274/208 
f 293/293/82 292/292/81 274/274/208 275/275/64 
f 277/277/83 293/293/82 275/275/64 258/258/65 
f 294/294/209 295/295/210 296/296/211 297/297/212 
s 4
f 298/298/213 299/299/214 300/300/215 301/301/216 
s 16
f 301/1099/216 300/1098/215 295/1094/210 294/1093/209 
s 64
f 296/1095/211 299/1097/214 298/1096/213 297/1033/212 
s 2
f 295/295/210 302/302/217 303/1101/218 296/296/211 
f 304/304/219 305/305/220 306/306/221 307/307/222 
f 297/297/212 304/304/219 307/307/222 294/294/209 
s 4
f 299/299/214 308/308/223 309/1106/224 300/300/215 
f 310/310/225 311/311/226 312/312/227 313/313/228 
f 301/301/216 310/310/225 313/313/228 298/298/213 
s 16
f 300/1098/215 309/309/224 302/1100/217 295/1094/210 
f 307/1063/222 306/1103/221 311/1065/226 310/1107/225 
f 294/1093/209 307/1063/222 310/1107/225 301/1099/216 
s 64
f 313/1110/228 312/1109/227 305/1067/220 304/1104/219 
f 297/1033/212 298/1096/213 313/1110/228 304/1104/219 
f 299/1097/214 296/1095/211 303/303/218 308/1105/223 
s 1
f 314/314/132 315/315/133 316/316/131 317/317/130 
f 318/318/134 319/319/135 315/315/133 314/314/132 
f 320/320/229 321/321/137 319/319/135 318/318/134 
f 322/322/138 323/323/139 321/321/137 320/320/229 
f 324/324/140 325/325/141 323/323/139 322/322/138 
f 326/326/142 327/327/143 325/325/141 324/324/140 
f 328/328/144 329/329/145 327/327/143 326/326/142 
f 330/330/230 331/331/147 329/329/145 328/328/144 
f 332/332/231 333/333/114 331/331/147 330/330/230 
f 334/334/112 335/335/113 333/333/114 332/332/231 
f 336/336/116 337/337/117 335/335/113 334/334/112 
f 338/338/118 339/339/119 337/337/117 336/336/116 
f 340/340/120 341/341/121 339/339/119 338/338/118 
f 342/342/122 343/343/123 341/341/121 340/340/120 
f 344/344/124 345/345/125 343/343/123 342/342/122 
f 346/346/126 347/347/127 345/345/125 344/344/124 
f 348/348/128 349/349/129 347/347/127 346/346/126 
f 317/1064/130 316/1111/131 349/349/129 348/348/128 
f 315/315/133 350/350/158 351/351/157 316/316/131 
f 319/319/135 352/352/159 350/350/158 315/315/133 
f 321/321/137 353/353/160 352/352/159 319/319/135 
f 323/323/139 354/354/161 353/353/160 321/321/137 
f 325/325/141 355/355/162 354/354/161 323/323/139 
f 327/327/143 356/356/163 355/355/162 325/325/141 
f 329/329/145 357/357/164 356/356/163 327/327/143 
f 331/331/147 358/358/165 357/357/164 329/329/145 
f 333/333/114 359/359/149 358/358/165 331/331/147 
f 335/335/113 360/360/148 359/359/149 333/333/114 
f 337/337/117 361/361/150 360/360/148 335/335/113 
f 339/339/119 362/362/151 361/361/150 337/337/117 
f 341/341/121 363/363/152 362/362/151 339/339/119 
f 343/343/123 364/364/153 363/363/152 341/341/121 
f 345/345/125 365/365/154 364/364/153 343/343/123 
f 347/347/127 366/366/155 365/365/154 345/345/125 
f 349/349/129 367/367/156 366/366/155 347/347/127 
f 316/1111/131 351/1112/157 367/367/156 349/349/129 
f 350/350/158 368/368/176 369/369/175 351/351/157 
f 352/352/159 370/370/177 368/368/176 350/350/158 
f 353/353/160 371/371/178 370/370/177 352/352/159 
f 354/354/161 372/372/179 371/371/178 353/353/160 
f 355/355/162 373/373/180 372/372/179 354/354/161 
f 356/356/163 374/374/181 373/373/180 355/355/162 
f 357/357/164 375/375/182 374/374/181 356/356/163 
f 358/358/165 376/376/183 375/375/182 357/357/164 
f 359/359/149 377/377/167 376/376/183 358/358/165 
f 360/360/148 378/378/166 377/377/167 359/359/149 
f 361/361/150 379/379/168 378/378/166 360/360/148 
f 362/362/151 380/380/169 379/379/168 361/361/150 
f 363/363/152 381/381/170 380/380/169 362/362/151 
f 364/364/153 382/382/171 381/381/170 363/363/152 
f 365/365/154 383/383/172 382/382/171 364/364/153 
f 366/366/155 384/384/173 383/383/172 365/365/154 
f 367/367/156 385/385/174 384/384/173 366/366/155 
f 351/1112/157 369/1113/175 385/385/174 367/367/156 
f 368/368/176 386/386/232 387/387/193 369/369/175 
f 370/370/177 388/388/195 386/386/232 368/368/176 
f 371/371/178 389/389/196 388/388/195 370/370/177 
f 372/372/179 390/390/197 389/389/196 371/371/178 
f 373/373/180 391/391/198 390/390/197 372/372/179 
f 374/374/181 392/392/199 391/391/198 373/373/180 
f 375/375/182 393/393/200 392/392/199 374/374/181 
f 376/376/183 394/394/201 393/393/200 375/375/182 
f 377/377/167 395/395/185 394/394/201 376/376/183 
f 378/378/166 396/396/233 395/395/185 377/377/167 
f 379/379/168 397/397/186 396/396/233 378/378/166 
f 380/380/169 398/398/187 397/397/186 379/379/168 
f 381/381/170 399/399/188 398/398/187 380/380/169 
f 382/382/171 400/400/189 399/399/188 381/381/170 
f 383/383/172 401/401/190 400/400/189 382/382/171 
f 384/384/173 402/402/234 401/401/190 383/383/172 
f 385/385/174 403/403/192 402/402/234 384/384/173 
f 369/1113/175 387/1114/193 403/403/192 385/385/174 
f 404/404/202 387/387/193 386/386/232 
f 404/1115/202 386/386/232 388/388/195 
f 404/1116/202 388/388/195 389/389/196 
f 404/1117/202 389/389/196 390/390/197 
f 404/1118/202 390/390/197 391/391/198 
f 404/1119/202 391/391/198 392/392/199 
f 404/1120/202 392/392/199 393/393/200 
f 404/1121/202 393/393/200 394/394/201 
f 404/1122/202 394/394/201 395/395/185 
f 404/1123/202 395/395/185 396/396/233 
f 404/1124/202 396/396/233 397/397/186 
f 404/1125/202 397/397/186 398/398/187 
f 404/1126/202 398/398/187 399/399/188 
f 404/1127/202 399/399/188 400/400/189 
f 404/1128/202 400/400/189 401/401/190 
f 404/1129/202 401/401/190 402/402/234 
f 404/1130/202 402/402/234 403/403/192 
f 404/1131/202 403/403/192 387/1114/193 
f 312/1108/1 311/1066/1 110/1055/1 109/1053/1 
f 306/1102/202 305/1068/202 104/1047/202 103/1046/202 
s 8
f 305/1068/235 312/1108/235 109/1053/235 104/1047/235 
f 311/1066/236 306/1102/236 103/1046/236 110/1055/236 
s 1
f 405/405/237 406/406/237 407/407/238 408/408/238 
f 409/409/239 410/410/240 411/411/240 412/412/239 
s 2
f 413/413/241 414/414/241 408/1009/241 415/415/241 
s 4
f 416/416/242 417/417/242 418/418/243 419/419/243 
s 2
f 417/1144/244 420/420/244 406/1028/244 418/1145/244 
s 4
f 421/421/245 413/1139/245 415/1138/246 422/422/246 
s 1
f 406/406/237 405/405/237 414/1140/247 423/423/247 
f 408/408/238 407/407/238 420/1146/248 424/424/248 
f 411/411/240 410/410/240 425/425/249 426/426/249 
f 409/409/239 412/412/239 427/427/250 428/428/250 
s 4
f 417/417/242 416/416/242 424/1152/251 420/1147/251 
f 419/419/243 418/418/243 426/1154/252 425/1157/252 
f 413/1139/245 421/421/245 423/1150/253 414/1141/253 
f 422/422/246 415/1138/246 428/1158/254 427/1164/254 
s 8
f 429/429/255 430/430/256 431/431/256 432/432/255 
f 430/430/256 433/1165/257 434/434/257 431/431/256 
f 433/433/257 435/435/258 436/436/258 434/1166/257 
f 435/435/258 437/437/259 438/438/259 436/436/258 
f 437/437/259 439/439/260 440/440/260 438/438/259 
f 439/439/260 441/441/261 442/442/261 440/440/260 
f 441/441/261 443/443/262 444/444/262 442/442/261 
f 443/443/262 445/445/263 446/446/263 444/444/262 
f 445/445/263 447/447/264 448/448/264 446/446/263 
f 447/447/264 449/449/265 450/450/265 448/448/264 
f 449/449/265 429/429/255 432/432/255 450/450/265 
s 1
f 451/451/1 452/452/2 453/453/3 
f 451/1183/1 454/454/4 452/452/2 
f 451/1182/1 455/455/5 454/454/4 
f 451/1181/1 456/456/6 455/455/5 
f 451/1180/1 457/457/7 456/456/6 
f 451/1179/1 458/458/8 457/457/7 
f 451/1178/1 459/459/9 458/458/8 
f 451/1177/1 460/460/10 459/459/9 
f 451/1176/1 461/461/11 460/460/10 
f 451/1175/1 462/462/12 461/461/11 
f 451/1174/1 463/463/13 462/462/12 
f 451/1173/1 464/464/14 463/463/13 
f 451/1172/1 465/465/15 464/464/14 
f 451/1171/1 466/466/16 465/465/15 
f 451/1170/1 467/467/17 466/466/16 
f 451/1169/1 468/468/18 467/467/17 
f 451/1168/1 469/469/19 468/468/18 
f 451/1184/1 453/1167/3 469/469/19 
f 470/470/20 453/453/3 452/452/2 471/471/21 
f 471/471/21 452/452/2 454/454/4 472/472/22 
f 472/472/22 454/454/4 455/455/5 473/473/23 
f 473/473/23 455/455/5 456/456/6 474/474/24 
f 474/474/24 456/456/6 457/457/7 475/475/25 
f 475/475/25 457/457/7 458/458/8 476/476/26 
f 476/476/26 458/458/8 459/459/9 477/477/27 
f 477/477/27 459/459/9 460/460/10 478/478/28 
f 478/478/28 460/460/10 461/461/11 479/479/29 
f 479/479/29 461/461/11 462/462/12 480/480/30 
f 480/480/30 462/462/12 463/463/13 481/481/31 
f 481/481/31 463/463/13 464/464/14 482/482/32 
f 482/482/32 464/464/14 465/465/15 483/483/33 
f 483/483/33 465/465/15 466/466/16 484/484/34 
f 484/484/34 466/466/16 467/467/17 485/485/35 
f 485/485/35 467/467/17 468/468/18 486/486/36 
f 486/486/36 468/468/18 469/469/19 487/487/37 
f 487/487/37 469/469/19 453/1167/3 470/1185/20 
f 488/488/38 470/470/20 471/471/21 489/489/39 
f 489/489/39 471/471/21 472/472/22 490/490/40 
f 490/490/40 472/472/22 473/473/23 491/491/41 
f 491/491/41 473/473/23 474/474/24 492/492/42 
f 492/492/42 474/474/24 475/475/25 493/493/43 
f 493/493/43 475/475/25 476/476/26 494/494/44 
f 494/494/44 476/476/26 477/477/27 495/495/45 
f 495/495/45 477/477/27 478/478/28 496/496/46 
f 496/496/46 478/478/28 479/479/29 497/497/47 
f 497/497/47 479/479/29 480/480/30 498/498/48 
f 498/498/48 480/480/30 481/481/31 499/499/49 
f 499/499/49 481/481/31 482/482/32 500/500/50 
f 500/500/50 482/482/32 483/483/33 501/501/51 
f 501/501/51 483/483/33 484/484/34 502/502/52 
f 502/502/52 484/484/34 485/485/35 503/503/53 
f 503/503/53 485/485/35 486/486/36 504/504/54 
f 504/504/54 486/486/36 487/487/37 505/505/55 
f 505/505/55 487/487/37 470/1185/20 488/1186/38 
f 506/506/56 488/488/38 489/489/39 507/507/57 
f 507/507/57 489/489/39 490/490/40 508/508/58 
f 508/508/58 490/490/40 491/491/41 509/509/59 
f 509/509/59 491/491/41 492/492/42 510/510/60 
f 510/510/60 492/492/42 493/493/43 511/511/61 
f 511/511/61 493/493/43 494/494/44 512/512/62 
f 512/512/62 494/494/44 495/495/45 513/513/63 
f 513/513/63 495/495/45 496/496/46 514/514/64 
f 514/514/64 496/496/46 497/497/47 515/515/65 
f 515/515/65 497/497/47 498/498/48 516/516/66 
f 516/516/66 498/498/48 499/499/49 517/517/67 
f 517/517/67 499/499/49 500/500/50 518/518/68 
f 518/518/68 500/500/50 501/501/51 519/519/69 
f 519/519/69 501/501/51 502/502/52 520/520/70 
f 520/520/70 502/502/52 503/503/53 521/521/71 
f 521/521/71 503/503/53 504/504/54 522/522/72 
f 522/522/72 504/504/54 505/505/55 523/523/73 
f 523/523/73 505/505/55 488/1186/38 506/506/56 
s 2
f 524/524/74 525/525/75 506/506/56 507/507/57 
f 526/526/76 524/524/74 507/507/57 508/508/58 
f 527/527/77 526/526/76 508/508/58 509/509/59 
f 528/528/78 527/527/77 509/509/59 510/510/60 
f 529/529/79 528/528/78 510/510/60 511/511/61 
f 530/530/80 529/529/79 511/511/61 512/512/62 
f 531/531/81 530/530/80 512/512/62 513/513/63 
f 532/532/82 531/531/81 513/513/63 514/514/64 
f 533/533/83 532/532/82 514/514/64 515/515/65 
f 534/534/84 533/533/83 515/515/65 516/516/66 
f 535/535/85 534/534/84 516/516/66 517/517/67 
f 536/536/86 535/535/85 517/517/67 518/518/68 
f 537/537/87 536/536/86 518/518/68 519/519/69 
f 538/538/88 537/537/87 519/519/69 520/520/70 
f 539/539/89 538/538/88 520/520/70 521/521/71 
f 540/540/90 539/539/89 521/521/71 522/522/72 
f 541/541/91 540/540/90 522/522/72 523/523/73 
f 525/525/75 541/541/91 523/523/73 506/506/56 
f 542/542/92 543/543/93 544/544/94 545/545/95 
s 4
f 546/546/96 547/547/97 548/548/98 549/549/99 
s 16
f 549/1190/99 548/1189/98 543/1187/93 542/1132/92 
s 64
f 544/1135/94 547/1088/97 546/1191/96 545/1188/95 
s 2
f 543/543/93 550/550/100 551/1090/101 544/544/94 
f 552/552/102 553/553/103 554/554/104 555/555/105 
f 545/545/95 552/552/102 555/555/105 542/542/92 
s 4
f 547/547/97 556/556/106 557/1197/107 548/548/98 
f 558/558/108 559/559/109 560/560/110 561/561/111 
f 549/549/99 558/558/108 561/561/111 546/546/96 
s 16
f 548/1189/98 557/557/107 550/1087/100 543/1187/93 
f 555/1196/105 554/1195/104 559/1199/109 558/1089/108 
f 542/1132/92 555/1196/105 558/1089/108 549/1190/99 
s 64
f 561/1201/111 560/1162/110 553/1192/103 552/1142/102 
f 545/1188/95 546/1191/96 561/1201/111 552/1142/102 
f 547/1088/97 544/1135/94 551/551/101 556/1198/106 
s 1
f 562/562/112 563/563/113 564/564/114 565/565/115 
f 566/566/116 567/567/117 563/563/113 562/562/112 
f 568/568/118 569/569/119 567/567/117 566/566/116 
f 570/570/120 571/571/121 569/569/119 568/568/118 
f 572/572/122 573/573/123 571/571/121 570/570/120 
f 574/574/124 575/575/125 573/573/123 572/572/122 
f 576/576/126 577/577/127 575/575/125 574/574/124 
f 578/578/128 579/579/129 577/577/127 576/576/126 
f 580/580/130 581/581/131 579/579/129 578/578/128 
f 582/582/132 583/583/133 581/581/131 580/580/130 
f 584/584/134 585/585/135 583/583/133 582/582/132 
f 586/586/136 587/587/137 585/585/135 584/584/134 
f 588/588/138 589/589/139 587/587/137 586/586/136 
f 590/590/140 591/591/141 589/589/139 588/588/138 
f 592/592/142 593/593/143 591/591/141 590/590/140 
f 594/594/144 595/595/145 593/593/143 592/592/142 
f 596/596/146 597/597/147 595/595/145 594/594/144 
f 565/1203/115 564/1202/114 597/597/147 596/596/146 
f 563/563/113 598/598/148 599/599/149 564/564/114 
f 567/567/117 600/600/150 598/598/148 563/563/113 
f 569/569/119 601/601/151 600/600/150 567/567/117 
f 571/571/121 602/602/152 601/601/151 569/569/119 
f 573/573/123 603/603/153 602/602/152 571/571/121 
f 575/575/125 604/604/154 603/603/153 573/573/123 
f 577/577/127 605/605/155 604/604/154 575/575/125 
f 579/579/129 606/606/156 605/605/155 577/577/127 
f 581/581/131 607/607/157 606/606/156 579/579/129 
f 583/583/133 608/608/158 607/607/157 581/581/131 
f 585/585/135 609/609/159 608/608/158 583/583/133 
f 587/587/137 610/610/160 609/609/159 585/585/135 
f 589/589/139 611/611/161 610/610/160 587/587/137 
f 591/591/141 612/612/162 611/611/161 589/589/139 
f 593/593/143 613/613/163 612/612/162 591/591/141 
f 595/595/145 614/614/164 613/613/163 593/593/143 
f 597/597/147 615/615/165 614/614/164 595/595/145 
f 564/1202/114 599/1204/149 615/615/165 597/597/147 
f 598/598/148 616/616/166 617/617/167 599/599/149 
f 600/600/150 618/618/168 616/616/166 598/598/148 
f 601/601/151 619/619/169 618/618/168 600/600/150 
f 602/602/152 620/620/170 619/619/169 601/601/151 
f 603/603/153 621/621/171 620/620/170 602/602/152 
f 604/604/154 622/622/172 621/621/171 603/603/153 
f 605/605/155 623/623/173 622/622/172 604/604/154 
f 606/606/156 624/624/174 623/623/173 605/605/155 
f 607/607/157 625/625/175 624/624/174 606/606/156 
f 608/608/158 626/626/176 625/625/175 607/607/157 
f 609/609/159 627/627/177 626/626/176 608/608/158 
f 610/610/160 628/628/178 627/627/177 609/609/159 
f 611/611/161 629/629/179 628/628/178 610/610/160 
f 612/612/162 630/630/180 629/629/179 611/611/161 
f 613/613/163 631/631/181 630/630/180 612/612/162 
f 614/614/164 632/632/182 631/631/181 613/613/163 
f 615/615/165 633/633/183 632/632/182 614/614/164 
f 599/1204/149 617/1205/167 633/633/183 615/615/165 
f 616/616/166 634/634/184 635/635/185 617/617/167 
f 618/618/168 636/636/186 634/634/184 616/616/166 
f 619/619/169 637/637/187 636/636/186 618/618/168 
f 620/620/170 638/638/188 637/637/187 619/619/169 
f 621/621/171 639/639/189 638/638/188 620/620/170 
f 622/622/172 640/640/190 639/639/189 621/621/171 
f 623/623/173 641/641/191 640/640/190 622/622/172 
f 624/624/174 642/642/192 641/641/191 623/623/173 
f 625/625/175 643/643/193 642/642/192 624/624/174 
f 626/626/176 644/644/194 643/643/193 625/625/175 
f 627/627/177 645/645/195 644/644/194 626/626/176 
f 628/628/178 646/646/196 645/645/195 627/627/177 
f 629/629/179 647/647/197 646/646/196 628/628/178 
f 630/630/180 648/648/198 647/647/197 629/629/179 
f 631/631/181 649/649/199 648/648/198 630/630/180 
f 632/632/182 650/650/200 649/649/199 631/631/181 
f 633/633/183 651/651/201 650/650/200 632/632/182 
f 617/1205/167 635/1206/185 651/651/201 633/633/183 
f 652/652/202 635/635/185 634/634/184 
f 652/1207/202 634/634/184 636/636/186 
f 652/1208/202 636/636/186 637/637/187 
f 652/1209/202 637/637/187 638/638/188 
f 652/1210/202 638/638/188 639/639/189 
f 652/1211/202 639/639/189 640/640/190 
f 652/1212/202 640/640/190 641/641/191 
f 652/1213/202 641/641/191 642/642/192 
f 652/1214/202 642/642/192 643/643/193 
f 652/1215/202 643/643/193 644/644/194 
f 652/1216/202 644/644/194 645/645/195 
f 652/1217/202 645/645/195 646/646/196 
f 652/1218/202 646/646/196 647/647/197 
f 652/1219/202 647/647/197 648/648/198 
f 652/1220/202 648/648/198 649/649/199 
f 652/1221/202 649/649/199 650/650/200 
f 652/1222/202 650/650/200 651/651/201 
f 652/1223/202 651/651/201 635/1206/185 
f 653/653/1 654/654/203 655/655/11 
f 653/1240/1 656/656/13 654/654/203 
f 653/1239/1 657/657/14 656/656/13 
f 653/1238/1 658/658/15 657/657/14 
f 653/1237/1 659/659/16 658/658/15 
f 653/1236/1 660/660/17 659/659/16 
f 653/1235/1 661/661/18 660/660/17 
f 653/1234/1 662/662/19 661/661/18 
f 653/1233/1 663/663/3 662/662/19 
f 653/1232/1 664/664/2 663/663/3 
f 653/1231/1 665/665/4 664/664/2 
f 653/1230/1 666/666/5 665/665/4 
f 653/1229/1 667/667/6 666/666/5 
f 653/1228/1 668/668/7 667/667/6 
f 653/1227/1 669/669/8 668/668/7 
f 653/1226/1 670/670/9 669/669/8 
f 653/1225/1 671/671/10 670/670/9 
f 653/1241/1 655/1224/11 671/671/10 
f 672/672/29 655/655/11 654/654/203 673/673/30 
f 673/673/30 654/654/203 656/656/13 674/674/31 
f 674/674/31 656/656/13 657/657/14 675/675/32 
f 675/675/32 657/657/14 658/658/15 676/676/204 
f 676/676/204 658/658/15 659/659/16 677/677/34 
f 677/677/34 659/659/16 660/660/17 678/678/35 
f 678/678/35 660/660/17 661/661/18 679/679/36 
f 679/679/36 661/661/18 662/662/19 680/680/37 
f 680/680/37 662/662/19 663/663/3 681/681/20 
f 681/681/20 663/663/3 664/664/2 682/682/21 
f 682/682/21 664/664/2 665/665/4 683/683/22 
f 683/683/22 665/665/4 666/666/5 684/684/23 
f 684/684/23 666/666/5 667/667/6 685/685/24 
f 685/685/24 667/667/6 668/668/7 686/686/25 
f 686/686/25 668/668/7 669/669/8 687/687/26 
f 687/687/26 669/669/8 670/670/9 688/688/27 
f 688/688/27 670/670/9 671/671/10 689/689/28 
f 689/689/28 671/671/10 655/1224/11 672/1242/29 
f 690/690/47 672/672/29 673/673/30 691/691/48 
f 691/691/48 673/673/30 674/674/31 692/692/49 
f 692/692/49 674/674/31 675/675/32 693/693/50 
f 693/693/50 675/675/32 676/676/204 694/694/51 
f 694/694/51 676/676/204 677/677/34 695/695/52 
f 695/695/52 677/677/34 678/678/35 696/696/53 
f 696/696/53 678/678/35 679/679/36 697/697/54 
f 697/697/54 679/679/36 680/680/37 698/698/55 
f 698/698/55 680/680/37 681/681/20 699/699/38 
f 699/699/38 681/681/20 682/682/21 700/700/39 
f 700/700/39 682/682/21 683/683/22 701/701/40 
f 701/701/40 683/683/22 684/684/23 702/702/41 
f 702/702/41 684/684/23 685/685/24 703/703/42 
f 703/703/42 685/685/24 686/686/25 704/704/43 
f 704/704/43 686/686/25 687/687/26 705/705/44 
f 705/705/44 687/687/26 688/688/27 706/706/45 
f 706/706/45 688/688/27 689/689/28 707/707/46 
f 707/707/46 689/689/28 672/1242/29 690/1243/47 
f 708/708/65 690/690/47 691/691/48 709/709/66 
f 709/709/66 691/691/48 692/692/49 710/710/205 
f 710/710/205 692/692/49 693/693/50 711/711/68 
f 711/711/68 693/693/50 694/694/51 712/712/69 
f 712/712/69 694/694/51 695/695/52 713/713/70 
f 713/713/70 695/695/52 696/696/53 714/714/71 
f 714/714/71 696/696/53 697/697/54 715/715/206 
f 715/715/206 697/697/54 698/698/55 716/716/73 
f 716/716/73 698/698/55 699/699/38 717/717/56 
f 717/717/56 699/699/38 700/700/39 718/718/57 
f 718/718/57 700/700/39 701/701/40 719/719/207 
f 719/719/207 701/701/40 702/702/41 720/720/59 
f 720/720/59 702/702/41 703/703/42 721/721/60 
f 721/721/60 703/703/42 704/704/43 722/722/61 
f 722/722/61 704/704/43 705/705/44 723/723/62 
f 723/723/62 705/705/44 706/706/45 724/724/208 
f 724/724/208 706/706/45 707/707/46 725/725/64 
f 725/725/64 707/707/46 690/1243/47 708/708/65 
s 2
f 726/726/84 727/727/83 708/708/65 709/709/66 
f 728/728/85 726/726/84 709/709/66 710/710/205 
f 729/729/86 728/728/85 710/710/205 711/711/68 
f 730/730/87 729/729/86 711/711/68 712/712/69 
f 731/731/88 730/730/87 712/712/69 713/713/70 
f 732/732/89 731/731/88 713/713/70 714/714/71 
f 733/733/90 732/732/89 714/714/71 715/715/206 
f 734/734/91 733/733/90 715/715/206 716/716/73 
f 735/735/75 734/734/91 716/716/73 717/717/56 
f 736/736/74 735/735/75 717/717/56 718/718/57 
f 737/737/76 736/736/74 718/718/57 719/719/207 
f 738/738/77 737/737/76 719/719/207 720/720/59 
f 721/721/60 739/739/78 738/738/77 720/720/59 
f 740/740/79 739/739/78 721/721/60 722/722/61 
f 741/741/80 740/740/79 722/722/61 723/723/62 
f 742/742/81 741/741/80 723/723/62 724/724/208 
f 743/743/82 742/742/81 724/724/208 725/725/64 
f 727/727/83 743/743/82 725/725/64 708/708/65 
f 744/744/209 745/745/210 746/746/211 747/747/212 
s 4
f 748/748/213 749/749/214 750/750/215 751/751/216 
s 16
f 751/1250/216 750/1249/215 745/1246/210 744/1245/209 
s 64
f 746/1247/211 749/1253/214 748/1252/213 747/1248/212 
s 2
f 745/745/210 752/752/217 753/1255/218 746/746/211 
f 754/754/219 755/755/220 756/756/221 757/757/222 
f 747/747/212 754/754/219 757/757/222 744/744/209 
s 4
f 749/749/214 758/758/223 759/1263/224 750/750/215 
f 760/760/225 761/761/226 762/762/227 763/763/228 
f 751/751/216 760/760/225 763/763/228 748/748/213 
s 16
f 750/1249/215 759/759/224 752/1254/217 745/1246/210 
f 757/1261/222 756/1260/221 761/1265/226 760/1264/225 
f 744/1245/209 757/1261/222 760/1264/225 751/1250/216 
s 64
f 763/1269/228 762/1268/227 755/1257/220 754/1256/219 
f 747/1248/212 748/1252/213 763/1269/228 754/1256/219 
f 749/1253/214 746/1247/211 753/753/218 758/1262/223 
s 1
f 764/764/132 765/765/133 766/766/131 767/767/130 
f 768/768/134 769/769/135 765/765/133 764/764/132 
f 770/770/229 771/771/137 769/769/135 768/768/134 
f 772/772/138 773/773/139 771/771/137 770/770/229 
f 774/774/140 775/775/141 773/773/139 772/772/138 
f 776/776/142 777/777/143 775/775/141 774/774/140 
f 778/778/144 779/779/145 777/777/143 776/776/142 
f 780/780/230 781/781/147 779/779/145 778/778/144 
f 782/782/231 783/783/114 781/781/147 780/780/230 
f 784/784/112 785/785/113 783/783/114 782/782/231 
f 786/786/116 787/787/117 785/785/113 784/784/112 
f 788/788/118 789/789/119 787/787/117 786/786/116 
f 790/790/120 791/791/121 789/789/119 788/788/118 
f 792/792/122 793/793/123 791/791/121 790/790/120 
f 794/794/124 795/795/125 793/793/123 792/792/122 
f 796/796/126 797/797/127 795/795/125 794/794/124 
f 798/798/128 799/799/129 797/797/127 796/796/126 
f 767/1271/130 766/1270/131 799/799/129 798/798/128 
f 765/765/133 800/800/158 801/801/157 766/766/131 
f 769/769/135 802/802/159 800/800/158 765/765/133 
f 771/771/137 803/803/160 802/802/159 769/769/135 
f 773/773/139 804/804/161 803/803/160 771/771/137 
f 775/775/141 805/805/162 804/804/161 773/773/139 
f 777/777/143 806/806/163 805/805/162 775/775/141 
f 779/779/145 807/807/164 806/806/163 777/777/143 
f 781/781/147 808/808/165 807/807/164 779/779/145 
f 783/783/114 809/809/149 808/808/165 781/781/147 
f 785/785/113 810/810/148 809/809/149 783/783/114 
f 787/787/117 811/811/150 810/810/148 785/785/113 
f 789/789/119 812/812/151 811/811/150 787/787/117 
f 791/791/121 813/813/152 812/812/151 789/789/119 
f 793/793/123 814/814/153 813/813/152 791/791/121 
f 795/795/125 815/815/154 814/814/153 793/793/123 
f 797/797/127 816/816/155 815/815/154 795/795/125 
f 799/799/129 817/817/156 816/816/155 797/797/127 
f 766/1270/131 801/1272/157 817/817/156 799/799/129 
f 800/800/158 818/818/176 819/819/175 801/801/157 
f 802/802/159 820/820/177 818/818/176 800/800/158 
f 803/803/160 821/821/178 820/820/177 802/802/159 
f 804/804/161 822/822/179 821/821/178 803/803/160 
f 805/805/162 823/823/180 822/822/179 804/804/161 
f 806/806/163 824/824/181 823/823/180 805/805/162 
f 807/807/164 825/825/182 824/824/181 806/806/163 
f 808/808/165 826/826/183 825/825/182 807/807/164 
f 809/809/149 827/827/167 826/826/183 808/808/165 
f 810/810/148 828/828/166 827/827/167 809/809/149 
f 811/811/150 829/829/168 828/828/166 810/810/148 
f 812/812/151 830/830/169 829/829/168 811/811/150 
f 813/813/152 831/831/170 830/830/169 812/812/151 
f 814/814/153 832/832/171 831/831/170 813/813/152 
f 815/815/154 833/833/172 832/832/171 814/814/153 
f 816/816/155 834/834/173 833/833/172 815/815/154 
f 817/817/156 835/835/174 834/834/173 816/816/155 
f 801/1272/157 819/1273/175 835/835/174 817/817/156 
f 818/818/176 836/836/232 837/837/193 819/819/175 
f 820/820/177 838/838/195 836/836/232 818/818/176 
f 821/821/178 839/839/196 838/838/195 820/820/177 
f 822/822/179 840/840/197 839/839/196 821/821/178 
f 823/823/180 841/841/198 840/840/197 822/822/179 
f 824/824/181 842/842/199 841/841/198 823/823/180 
f 825/825/182 843/843/200 842/842/199 824/824/181 
f 826/826/183 844/844/201 843/843/200 825/825/182 
f 827/827/167 845/845/185 844/844/201 826/826/183 
f 828/828/166 846/846/233 845/845/185 827/827/167 
f 829/829/168 847/847/186 846/846/233 828/828/166 
f 830/830/169 848/848/187 847/847/186 829/829/168 
f 831/831/170 849/849/188 848/848/187 830/830/169 
f 832/832/171 850/850/189 849/849/188 831/831/170 
f 833/833/172 851/851/190 850/850/189 832/832/171 
f 834/834/173 852/852/234 851/851/190 833/833/172 
f 835/835/174 853/853/192 852/852/234 834/834/173 
f 819/1273/175 837/1244/193 853/853/192 835/835/174 
f 854/854/202 837/837/193 836/836/232 
f 854/991/202 836/836/232 838/838/195 
f 854/992/202 838/838/195 839/839/196 
f 854/993/202 839/839/196 840/840/197 
f 854/994/202 840/840/197 841/841/198 
f 854/995/202 841/841/198 842/842/199 
f 854/996/202 842/842/199 843/843/200 
f 854/997/202 843/843/200 844/844/201 
f 854/998/202 844/844/201 845/845/185 
f 854/999/202 845/845/185 846/846/233 
f 854/1000/202 846/846/233 847/847/186 
f 854/1001/202 847/847/186 848/848/187 
f 854/1002/202 848/848/187 849/849/188 
f 854/1003/202 849/849/188 850/850/189 
f 854/1004/202 850/850/189 851/851/190 
f 854/1005/202 851/851/190 852/852/234 
f 854/1006/202 852/852/234 853/853/192 
f 854/1007/202 853/853/192 837/1244/193 
f 762/1267/1 761/1266/1 560/1161/1 559/1200/1 
f 756/1259/202 755/1258/202 554/1194/202 553/1193/202 
s 8
f 755/1258/235 762/1267/235 559/1200/235 554/1194/235 
f 761/1266/236 756/1259/236 553/1193/236 560/1161/236 
f 855/855/266 856/856/256 857/857/256 858/858/266 
f 856/856/256 859/1274/257 860/860/257 857/857/256 
f 859/859/257 861/861/258 862/862/258 860/1275/257 
f 861/861/258 863/863/259 864/864/259 862/862/258 
f 863/863/259 865/865/260 866/866/260 864/864/259 
f 865/865/260 867/867/261 868/868/261 866/866/260 
f 867/867/261 869/869/267 870/870/267 868/868/261 
f 869/869/267 871/871/263 872/872/263 870/870/267 
f 871/871/263 873/873/264 874/874/264 872/872/263 
f 873/873/264 875/875/265 876/876/265 874/874/264 
f 875/875/265 855/855/266 858/858/266 876/876/265 
s 1
f 877/1251/268 878/878/269 879/879/270 880/880/271 
f 880/880/271 879/879/270 881/881/272 882/882/273 
f 882/882/273 881/881/272 883/883/274 884/884/275 
f 884/884/275 883/883/274 885/885/276 886/886/277 
f 886/886/277 885/885/276 887/887/278 888/888/279 
f 888/888/279 887/887/278 889/889/280 890/890/281 
f 890/890/281 889/889/280 891/891/282 892/892/283 
f 892/892/283 891/891/282 893/893/284 894/894/285 
f 894/894/285 893/893/284 895/895/286 896/896/287 
f 896/896/287 895/895/286 897/897/288 898/898/289 
f 898/898/289 897/897/288 899/899/290 900/900/291 
f 900/900/291 899/899/290 901/901/292 902/902/293 
f 902/902/293 901/901/292 903/903/294 904/904/295 
f 904/904/295 903/903/294 905/905/296 906/906/297 
f 906/906/297 905/905/296 907/907/298 908/908/299 
f 908/908/299 907/907/298 878/1276/269 877/877/268 
f 878/878/269 909/909/300 910/910/301 879/879/270 
f 879/879/270 910/910/301 911/911/302 881/881/272 
f 881/881/272 911/911/302 912/912/303 883/883/274 
f 883/883/274 912/912/303 913/913/304 885/885/276 
f 885/885/276 913/913/304 914/914/305 887/887/278 
f 887/887/278 914/914/305 915/915/306 889/889/280 
f 889/889/280 915/915/306 916/916/307 891/891/282 
f 891/891/282 916/916/307 917/917/308 893/893/284 
f 893/893/284 917/917/308 918/918/309 895/895/286 
f 895/895/286 918/918/309 919/919/310 897/897/288 
f 897/897/288 919/919/310 920/920/311 899/899/290 
f 899/899/290 920/920/311 921/921/312 901/901/292 
f 901/901/292 921/921/312 922/922/313 903/903/294 
f 903/903/294 922/922/313 923/923/314 905/905/296 
f 905/905/296 923/923/314 924/924/315 907/907/298 
f 907/907/298 924/924/315 909/1277/300 878/1276/269 
f 925/1054/316 926/926/317 927/927/270 928/928/271 
f 928/928/271 927/927/270 929/929/272 930/930/273 
f 930/930/273 929/929/272 931/931/274 932/932/275 
f 932/932/275 931/931/274 933/933/276 934/934/277 
f 934/934/277 933/933/276 935/935/278 936/936/279 
f 936/936/279 935/935/278 937/937/280 938/938/281 
f 938/938/281 937/937/280 939/939/282 940/940/283 
f 940/940/283 939/939/282 941/941/284 942/942/285 
f 942/942/285 941/941/284 943/943/286 944/944/287 
f 944/944/287 943/943/286 945/945/288 946/946/289 
f 946/946/289 945/945/288 947/947/290 948/948/291 
f 948/948/291 947/947/290 949/949/292 950/950/293 
f 950/950/293 949/949/292 951/951/294 952/952/295 
f 952/952/295 951/951/294 953/953/296 954/954/297 
f 954/954/297 953/953/296 955/955/298 956/956/299 
f 956/956/299 955/955/298 926/1278/317 925/925/316 
f 926/926/317 957/957/318 958/958/301 927/927/270 
f 927/927/270 958/958/301 959/959/302 929/929/272 
f 929/929/272 959/959/302 960/960/303 931/931/274 
f 931/931/274 960/960/303 961/961/304 933/933/276 
f 933/933/276 961/961/304 962/962/305 935/935/278 
f 935/935/278 962/962/305 963/963/306 937/937/280 
f 937/937/280 963/963/306 964/964/307 939/939/282 
f 939/939/282 964/964/307 965/965/319 941/941/284 
f 941/941/284 965/965/319 966/966/309 943/943/286 
f 943/943/286 966/966/309 967/967/310 945/945/288 
f 945/945/288 967/967/310 968/968/311 947/947/290 
f 947/947/290 968/968/311 969/969/312 949/949/292 
f 949/949/292 969/969/312 970/970/313 951/951/294 
f 951/951/294 970/970/313 971/971/314 953/953/296 
f 953/953/296 971/971/314 972/972/315 955/955/298 
f 955/955/298 972/972/315 957/1027/318 926/1278/317 
s 2
f 414/414/241 405/1133/241 408/1009/241 
f 408/1009/241 409/1160/241 428/1159/241 415/415/241 
f 420/420/244 407/1134/244 406/1028/244 
f 406/1028/244 411/1136/244 426/1155/244 418/1145/244 
f 406/1028/244 427/1163/244 412/1137/244 411/1136/244 
f 408/1008/241 416/1029/241 419/1143/241 425/1156/241 
f 406/1028/244 421/1149/244 422/1148/244 427/1163/244 
f 408/1008/241 424/1153/241 416/1029/241 
f 406/1028/244 423/1151/244 421/1149/244 
s 32
f 409/409/241 408/1008/241 410/410/241 
f 408/1008/241 425/1156/241 410/410/241 
#end 903 faces

#ZOMPROPERTIES_04{
#ZOMPROPERTIES_04 table {Mesh table {SymPlane table {Point vector3d 0 0 0 Normal vector3d 1 0 0 Threshold double 0.01 
#ZOMPROPERTIES_04 Enabled bool false EdgeID int -1 SymEdgeID int -1 UPos double 0.5 LocalMode bool false } RootGroup C
#ZOMPROPERTIES_04 SubMeshGroup {Children table {Tile_0_0 CSubMeshGroup {Children table {} BBoxUV box3d 0 0 0 0 0 0 BBo
#ZOMPROPERTIES_04 x3D box3d 0 0 0 0 0 0 Area3D double 0 AreaUV double 0 IsRoot bool false Properties table {Selected b
#ZOMPROPERTIES_04 ool false Box box3d 0 1 0 1 0 1 U int 0 V int 0 NU int 0 NV int 0 Pack table {BoxFrameEdit bool fals
#ZOMPROPERTIES_04 e Behavior string "Free" Locked bool false Scaling table {Optimization string "Fill" } } Hotspot tab
#ZOMPROPERTIES_04 le {} } IsTile bool true PolyIDs ints { 392 395 393 394 813 816 814 815 288 296 298 297 709 717 719 
#ZOMPROPERTIES_04 718 513 523 522 521 92 100 102 101 514 525 524 526 93 104 103 105 289 300 299 301 710 721 720 722 51
#ZOMPROPERTIES_04 1 517 516 515 90 96 95 94 707 711 713 712 286 292 291 290 512 520 519 518 91 99 98 97 287 293 295 29
#ZOMPROPERTIES_04 4 708 716 715 714 828 829 830 846 847 831 832 833 834 850 849 851 835 836 837 838 854 853 855 839 84
#ZOMPROPERTIES_04 0 841 842 858 857 859 843 856 852 848 845 844 860 861 862 878 879 863 864 865 866 882 883 867 868 86
#ZOMPROPERTIES_04 9 870 886 887 871 872 873 874 890 891 875 889 888 885 884 881 880 877 876 398 893 892 400 895 896 89
#ZOMPROPERTIES_04 8 900 894 302 320 338 356 357 358 359 377 360 378 361 379 362 380 363 345 346 364 365 383 366 348 34
#ZOMPROPERTIES_04 9 367 385 368 369 387 370 352 353 371 372 354 355 337 319 318 317 335 334 316 315 333 332 350 314 31
#ZOMPROPERTIES_04 3 312 311 329 347 310 309 327 326 308 307 306 324 342 325 343 323 341 305 304 303 322 321 339 340 34
#ZOMPROPERTIES_04 4 328 330 331 351 336 373 391 390 389 388 386 384 382 381 376 375 374 723 741 742 760 759 777 795 77
#ZOMPROPERTIES_04 8 779 780 781 799 782 764 765 766 784 785 803 786 804 787 769 770 788 789 790 808 791 773 774 792 79
#ZOMPROPERTIES_04 3 775 776 794 812 758 740 739 738 737 736 754 753 735 734 733 732 731 730 748 729 747 746 728 727 74
#ZOMPROPERTIES_04 5 744 762 726 725 724 743 763 749 750 768 751 752 771 772 755 756 757 811 810 809 807 806 805 767 80
#ZOMPROPERTIES_04 2 783 801 800 798 761 797 796 106 124 142 143 161 179 162 163 145 146 128 129 147 165 164 182 183 16
#ZOMPROPERTIES_04 6 184 167 185 168 169 187 170 188 171 189 172 173 191 174 192 175 193 176 194 177 195 159 158 140 14
#ZOMPROPERTIES_04 1 123 122 121 120 119 137 136 135 117 118 116 115 133 151 152 134 132 150 114 113 131 130 112 111 14
#ZOMPROPERTIES_04 9 153 154 155 156 138 139 157 190 186 148 110 109 127 126 125 144 108 107 181 180 160 178 527 545 56
#ZOMPROPERTIES_04 3 564 582 600 583 601 584 602 585 586 604 587 605 588 589 590 608 591 609 592 574 575 593 594 612 59
#ZOMPROPERTIES_04 5 577 578 596 597 615 598 580 579 561 562 544 543 542 541 540 539 557 556 538 537 536 535 553 571 55
#ZOMPROPERTIES_04 2 570 534 533 551 550 532 531 530 529 547 546 565 548 566 528 549 567 568 569 554 572 573 555 558 57
#ZOMPROPERTIES_04 6 559 560 616 614 613 611 610 607 606 603 581 599 196 214 232 250 268 269 270 271 272 273 255 256 23
#ZOMPROPERTIES_04 8 239 257 275 274 276 277 278 260 261 279 280 281 282 283 265 266 267 249 231 213 230 229 211 228 21
#ZOMPROPERTIES_04 0 227 209 226 208 225 207 224 206 223 222 204 240 241 259 205 242 243 244 262 245 263 264 246 247 24
#ZOMPROPERTIES_04 8 212 285 284 258 221 203 220 202 219 201 218 200 217 199 216 198 215 234 235 253 233 251 252 236 25
#ZOMPROPERTIES_04 4 237 197 617 635 653 654 636 637 638 639 640 622 658 676 675 657 674 656 673 655 672 671 689 706 70
#ZOMPROPERTIES_04 5 704 703 685 667 649 631 648 630 647 629 646 628 645 663 662 680 679 661 660 642 624 641 643 625 64
#ZOMPROPERTIES_04 4 626 659 678 677 695 694 696 697 698 699 681 682 664 700 701 702 684 683 665 627 666 650 651 652 63
#ZOMPROPERTIES_04 4 670 669 687 688 633 632 668 686 690 691 692 693 623 621 620 619 618 0 18 36 54 72 89 71 70 52 51 3
#ZOMPROPERTIES_04 3 15 32 14 31 13 30 12 29 47 46 45 27 9 26 8 25 7 24 23 22 21 39 40 58 57 56 38 20 2 19 37 55 74 75 
#ZOMPROPERTIES_04 73 76 77 78 79 80 81 63 62 44 82 83 84 85 67 68 69 50 86 87 88 49 66 48 65 64 61 43 42 60 59 41 3 4 
#ZOMPROPERTIES_04 5 6 28 10 11 34 35 53 17 16 1 421 439 457 475 493 510 492 474 456 438 455 454 436 453 435 452 434 45
#ZOMPROPERTIES_04 1 433 450 468 467 449 448 447 429 446 428 445 444 443 442 460 461 479 478 496 495 477 459 441 423 44
#ZOMPROPERTIES_04 0 458 476 494 497 498 499 500 501 502 503 504 505 506 488 489 490 508 507 509 491 473 472 471 470 48
#ZOMPROPERTIES_04 7 469 486 485 484 466 483 465 482 464 463 481 480 462 424 425 426 427 430 431 432 437 422 399 407 40
#ZOMPROPERTIES_04 6 401 409 408 817 818 827 826 825 824 823 822 821 820 819 410 411 420 419 418 417 416 415 414 413 41
#ZOMPROPERTIES_04 2 396 403 402 397 404 901 902 897 899 405 } } } BBoxUV box3d 0 0 0 0 0 0 BBox3D box3d 0 0 0 0 0 0 Ar
#ZOMPROPERTIES_04 ea3D double 0 AreaUV double 0.5 IsRoot bool true Properties table {Selected bool false Box box3d 0 1
#ZOMPROPERTIES_04  0 1 0 1 U int 0 V int 0 NU int 1 NV int 1 Pack table {Rotate table {Initial string "Automatic" Min 
#ZOMPROPERTIES_04 double 0 Max double 90 Step double 0 } ResolutionDivisor int 0 MapResolution int 2048 UsePixelUnit b
#ZOMPROPERTIES_04 ool true PaddingSize double 0.0078125 MarginSize double 0.00390625 PaddingSizePx int 16 MarginSizePx
#ZOMPROPERTIES_04  int 8 Scaling table {TexelDensity double 1024 Mode int 2 Optimization string "Fill" } MaxMutations 
#ZOMPROPERTIES_04 int 1 Strategy string "Efficient" Sides string "Closed" } Hotspot table {} Tiling vector3d 1 1 1 Til
#ZOMPROPERTIES_04 eRatioMode string "1:1" } IsTile bool false PolyIDs ints { } } Maps table {Pin CDataMap {PrimType st
#ZOMPROPERTIES_04 ring "Vertex" Size int 1 DefaultValue double 0 ScaleType string "Normalized" MergeMode string "Max" 
#ZOMPROPERTIES_04 MinValue double 0 MaxValue double 1 Data doubles { r 1278 0 } } Density CDataMap {PrimType string "P
#ZOMPROPERTIES_04 olygon" Size int 1 DefaultValue double 1 ScaleType string "Log" MergeMode string "Average" MinValue 
#ZOMPROPERTIES_04 double 0.1 MaxValue double 4 Data doubles { r 903 1 } } Protect CDataMap {PrimType string "Vertex" S
#ZOMPROPERTIES_04 ize int 1 DefaultValue double 0 ScaleType string "Normalized" MergeMode string "Average" MinValue do
#ZOMPROPERTIES_04 uble -1 MaxValue double 1 Data doubles { r 1278 0 } } } } }
#ZOMPROPERTIES_04}


#ZOMSCENE_01{
#ZOMSCENE_01 CScene {Settings table {AxisSystem table {UpVector string "y" } Unit string "cm" TexelDensityDisplay
#ZOMSCENE_01 Unit string "tx/cm" } Root CXForm {对象004 CPrim {PolyRange table {Low int 0 High int 902 } } } }
#ZOMSCENE_01}

#begin 0 fatal error vertex (that RizomUV cannot handle)
#end 0 fatal error vertex (that RizomUV cannot handle)

#begin 0 error vertex
#end 0 error vertex
