#File written by RizomUV 2025.0.96.gd7fd59ee. Compilation :Sep 15 2025,14:05:29
mtllib cHHER.mtl
#begin vertices
v -0.2062 0.577 0.2274
v -0.2062 0.577 -0.2274
v -0.1903 0.5697 -0.2274
v -0.1903 0.5697 0.2274
v -0.2446 0.9931 0.2274
v -0.2446 0.9931 -0.2274
v -0.2582 0.9817 -0.2274
v -0.2582 0.9817 0.2274
v -0.1704 0.7631 0.2634
v -0.1773 0.8157 0.2634
v -0.1942 0.8121 0.2634
v -0.1876 0.7619 0.2634
v -0.1876 0.7619 -0.2634
v -0.1942 0.8121 -0.2634
v -0.1773 0.8157 -0.2634
v -0.1704 0.7631 -0.2634
v -0.2046 0.9172 0.2634
v -0.2246 0.9651 0.2634
v -0.2391 0.955 0.2634
v -0.22 0.9091 0.2634
v -0.1887 0.8672 0.2634
v -0.205 0.8613 0.2634
v -0.1878 0.66 0.2634
v -0.1945 0.6092 0.2634
v -0.178 0.6033 0.2634
v -0.1708 0.6565 0.2634
v -0.1855 0.711 0.2634
v -0.1683 0.7099 0.2634
v -0.22 0.9091 -0.2634
v -0.2391 0.955 -0.2634
v -0.2246 0.9651 -0.2634
v -0.2046 0.9172 -0.2634
v -0.205 0.8613 -0.2634
v -0.1887 0.8672 -0.2634
v -0.1708 0.6565 -0.2634
v -0.178 0.6033 -0.2634
v -0.1945 0.6092 -0.2634
v -0.1878 0.66 -0.2634
v -0.1683 0.7099 -0.2634
v -0.1855 0.711 -0.2634
v -0.1878 0.66 0.2276
v -0.1878 0.66 -0.2276
v -0.1773 0.8157 0.2276
v -0.1704 0.7631 0.2276
v -0.1704 0.7631 -0.2276
v -0.1773 0.8157 -0.2276
v -0.1942 0.8121 -0.2276
v -0.1876 0.7619 -0.2276
v -0.1876 0.7619 0.2276
v -0.1942 0.8121 0.2276
v -0.2046 0.9172 0.2276
v -0.1887 0.8672 0.2276
v -0.1887 0.8672 -0.2276
v -0.2046 0.9172 -0.2276
v -0.1708 0.6565 -0.2276
v -0.1683 0.7099 -0.2276
v -0.1683 0.7099 0.2276
v -0.1708 0.6565 0.2276
v -0.22 0.9091 -0.2276
v -0.205 0.8613 -0.2276
v -0.205 0.8613 0.2276
v -0.22 0.9091 0.2276
v -0.1855 0.711 0.2276
v -0.1855 0.711 -0.2276
v -0.1887 0.8672 0.1634
v -0.1887 0.8672 -0.1634
v -0.1907 0.8736 -0.1634
v -0.1907 0.8736 0.1634
v -0.2046 0.9172 -0.1634
v -0.2046 0.9172 0.1634
v -0.2025 0.9108 0.1634
v -0.2025 0.9108 -0.1634
v -0.1871 0.8599 0.1634
v -0.1871 0.8599 -0.1634
v -0.1773 0.8157 0.1634
v -0.1773 0.8157 -0.1634
v -0.1789 0.8231 -0.1634
v -0.1789 0.8231 0.1634
v -0.1764 0.8092 0.1634
v -0.1764 0.8092 -0.1634
v -0.1704 0.7631 0.1634
v -0.1704 0.7631 -0.1634
v -0.1713 0.7697 -0.1634
v -0.1713 0.7697 0.1634
v -0.1683 0.7099 0.1634
v -0.1683 0.7099 -0.1634
v -0.1685 0.7163 -0.1634
v -0.1685 0.7163 0.1634
v -0.1702 0.7567 0.1634
v -0.1702 0.7567 -0.1634
v -0.1686 0.7018 0.1634
v -0.1686 0.7018 -0.1634
v -0.1708 0.6565 0.1634
v -0.1708 0.6565 -0.1634
v -0.1704 0.6646 -0.1634
v -0.1704 0.6646 0.1634
v -0.2054 0.579 -0.2431
v -0.1895 0.5718 -0.2431
v -0.2031 0.5849 -0.2544
v -0.187 0.578 -0.2544
v -0.1895 0.5718 0.2431
v -0.2054 0.579 0.2431
v -0.187 0.578 0.2544
v -0.2031 0.5849 0.2544
v -0.2569 0.9801 0.2431
v -0.2433 0.9914 0.2431
v -0.2532 0.9752 0.2544
v -0.2394 0.9863 0.2544
v -0.2433 0.9914 -0.2431
v -0.2569 0.9801 -0.2431
v -0.2394 0.9863 -0.2544
v -0.2532 0.9752 -0.2544
v -0.1993 0.5949 0.2611
v -0.1831 0.5885 0.2611
v -0.2331 0.9776 0.2611
v -0.2472 0.9669 0.2611
v -0.1831 0.5885 -0.2611
v -0.1993 0.5949 -0.2611
v -0.2472 0.9669 -0.2611
v -0.2331 0.9776 -0.2611
v -0.1938 0.8092 -0.1634
v -0.1938 0.8092 0.1634
v -0.1886 0.7697 0.1634
v -0.1886 0.7697 -0.1634
v -0.2209 0.9108 -0.1634
v -0.22 0.9091 -0.1634
v -0.2089 0.8736 0.1634
v -0.22 0.9091 0.1634
v -0.2209 0.9108 0.1634
v -0.2089 0.8736 -0.1634
v -0.2047 0.8599 -0.1634
v -0.2047 0.8599 0.1634
v -0.1966 0.8231 0.1634
v -0.1966 0.8231 -0.1634
v -0.1875 0.6646 0.1634
v -0.1875 0.6646 -0.1634
v -0.1859 0.7018 -0.1634
v -0.1859 0.7018 0.1634
v -0.1857 0.7163 0.1634
v -0.1857 0.7163 -0.1634
v -0.1874 0.7567 -0.1634
v -0.1874 0.7567 0.1634
v -0.1905 0.453 -0.2422
v -0.1915 0.4532 -0.249
v -0.1778 0.5375 -0.249
v -0.1768 0.5373 -0.2422
v -0.1945 0.4539 -0.2549
v -0.1809 0.5379 -0.2549
v -0.1991 0.4549 -0.2593
v -0.1855 0.5386 -0.2593
v -0.2047 0.4561 -0.2616
v -0.1911 0.5394 -0.2616
v -0.2106 0.4573 -0.2616
v -0.1971 0.5403 -0.2616
v -0.2162 0.4586 -0.2593
v -0.2028 0.5412 -0.2593
v -0.2208 0.4595 -0.2549
v -0.2074 0.5419 -0.2549
v -0.2238 0.4602 -0.249
v -0.2104 0.5423 -0.249
v -0.2248 0.4604 -0.2422
v -0.2114 0.5425 -0.2422
v -0.2238 0.4602 -0.2355
v -0.2104 0.5423 -0.2355
v -0.2208 0.4595 -0.2296
v -0.2074 0.5419 -0.2296
v -0.2162 0.4586 -0.2251
v -0.2028 0.5412 -0.2251
v -0.2106 0.4573 -0.2228
v -0.1971 0.5403 -0.2228
v -0.2047 0.4561 -0.2228
v -0.1911 0.5394 -0.2228
v -0.1991 0.4549 -0.2251
v -0.1855 0.5386 -0.2251
v -0.1945 0.4539 -0.2296
v -0.1809 0.5379 -0.2296
v -0.1915 0.4532 -0.2355
v -0.1778 0.5375 -0.2355
v -0.169 0.6224 -0.249
v -0.1679 0.6223 -0.2422
v -0.172 0.6227 -0.2549
v -0.1767 0.623 -0.2593
v -0.1823 0.6235 -0.2616
v -0.1884 0.624 -0.2616
v -0.1941 0.6245 -0.2593
v -0.1987 0.6249 -0.2549
v -0.2018 0.6252 -0.249
v -0.2028 0.6253 -0.2422
v -0.2018 0.6252 -0.2355
v -0.1987 0.6249 -0.2296
v -0.1941 0.6245 -0.2251
v -0.1884 0.624 -0.2228
v -0.1823 0.6235 -0.2228
v -0.1767 0.623 -0.2251
v -0.172 0.6227 -0.2296
v -0.169 0.6224 -0.2355
v -0.1649 0.7115 -0.249
v -0.1639 0.7115 -0.2422
v -0.168 0.7116 -0.2549
v -0.1726 0.7117 -0.2593
v -0.1783 0.7118 -0.2616
v -0.1844 0.7119 -0.2616
v -0.1901 0.712 -0.2593
v -0.1948 0.712 -0.2549
v -0.1978 0.7121 -0.249
v -0.1989 0.7121 -0.2422
v -0.1978 0.7121 -0.2355
v -0.1948 0.712 -0.2296
v -0.1901 0.712 -0.2251
v -0.1844 0.7119 -0.2228
v -0.1783 0.7118 -0.2228
v -0.1726 0.7117 -0.2251
v -0.168 0.7116 -0.2296
v -0.1649 0.7115 -0.2355
v -0.1905 0.453 0.242
v -0.1915 0.4532 0.2352
v -0.1778 0.5375 0.2352
v -0.1768 0.5373 0.242
v -0.1945 0.4539 0.2293
v -0.1809 0.5379 0.2293
v -0.1991 0.4549 0.2249
v -0.1855 0.5386 0.2249
v -0.2047 0.4561 0.2225
v -0.1911 0.5394 0.2225
v -0.2106 0.4573 0.2225
v -0.1971 0.5403 0.2225
v -0.2162 0.4586 0.2249
v -0.2028 0.5412 0.2249
v -0.2208 0.4595 0.2293
v -0.2074 0.5419 0.2293
v -0.2238 0.4602 0.2352
v -0.2104 0.5423 0.2352
v -0.2248 0.4604 0.242
v -0.2114 0.5425 0.242
v -0.2238 0.4602 0.2487
v -0.2104 0.5423 0.2487
v -0.2208 0.4595 0.2546
v -0.2074 0.5419 0.2546
v -0.2162 0.4586 0.259
v -0.2028 0.5412 0.259
v -0.2106 0.4573 0.2614
v -0.1971 0.5403 0.2614
v -0.2047 0.4561 0.2614
v -0.1911 0.5394 0.2614
v -0.1991 0.4549 0.259
v -0.1855 0.5386 0.259
v -0.1945 0.4539 0.2546
v -0.1809 0.5379 0.2546
v -0.1915 0.4532 0.2487
v -0.1778 0.5375 0.2487
v -0.169 0.6224 0.2352
v -0.1679 0.6223 0.242
v -0.172 0.6227 0.2293
v -0.1767 0.623 0.2249
v -0.1823 0.6235 0.2225
v -0.1884 0.624 0.2225
v -0.1941 0.6245 0.2249
v -0.1987 0.6249 0.2293
v -0.2018 0.6252 0.2352
v -0.2028 0.6253 0.242
v -0.2018 0.6252 0.2487
v -0.1987 0.6249 0.2546
v -0.1941 0.6245 0.259
v -0.1884 0.624 0.2614
v -0.1823 0.6235 0.2614
v -0.1767 0.623 0.259
v -0.172 0.6227 0.2546
v -0.169 0.6224 0.2487
v -0.1649 0.7115 0.2352
v -0.1639 0.7115 0.242
v -0.168 0.7116 0.2293
v -0.1726 0.7117 0.2249
v -0.1783 0.7118 0.2225
v -0.1844 0.7119 0.2225
v -0.1901 0.712 0.2249
v -0.1948 0.712 0.2293
v -0.1978 0.7121 0.2352
v -0.1989 0.7121 0.242
v -0.1978 0.7121 0.2487
v -0.1948 0.712 0.2546
v -0.1901 0.712 0.259
v -0.1844 0.7119 0.2614
v -0.1783 0.7118 0.2614
v -0.1726 0.7117 0.259
v -0.168 0.7116 0.2546
v -0.1649 0.7115 0.2487
v -0.018 0.3679 0.0034
v -0.0414 0.3824 0.0034
v -0.0383 0.3823 -0.014
v -0.0163 0.3678 -0.0059
v -0.0295 0.382 -0.0294
v -0.0116 0.3677 -0.014
v -0.0159 0.3816 -0.0408
v -0.0044 0.3674 -0.0201
v 0.0008 0.3811 -0.0469
v 0.0045 0.3671 -0.0233
v 0.0185 0.3805 -0.0469
v 0.0139 0.3668 -0.0233
v 0.0352 0.38 -0.0408
v 0.0228 0.3666 -0.0201
v 0.0488 0.3795 -0.0294
v 0.03 0.3663 -0.014
v 0.0576 0.3793 -0.014
v 0.0347 0.3662 -0.0059
v 0.0607 0.3792 0.0034
v 0.0364 0.3661 0.0034
v 0.0576 0.3793 0.0209
v 0.0347 0.3662 0.0127
v 0.0488 0.3795 0.0363
v 0.03 0.3663 0.0209
v 0.0352 0.38 0.0477
v 0.0228 0.3666 0.027
v 0.0185 0.3805 0.0537
v 0.0139 0.3668 0.0302
v 0.0008 0.3811 0.0537
v 0.0045 0.3671 0.0302
v -0.0159 0.3816 0.0477
v -0.0044 0.3674 0.027
v -0.0295 0.382 0.0363
v -0.0116 0.3677 0.0209
v -0.0383 0.3823 0.0209
v -0.0163 0.3678 0.0127
v -0.0585 0.4041 0.0034
v -0.0543 0.404 -0.0201
v -0.0424 0.4036 -0.0408
v -0.0241 0.403 -0.0562
v -0.0016 0.4023 -0.0644
v 0.0223 0.4015 -0.0644
v 0.0447 0.4008 -0.0562
v 0.063 0.4002 -0.0408
v 0.075 0.3999 -0.0201
v 0.0791 0.3997 0.0034
v 0.075 0.3999 0.027
v 0.063 0.4002 0.0477
v 0.0447 0.4008 0.063
v 0.0223 0.4015 0.0712
v -0.0016 0.4023 0.0712
v -0.0241 0.403 0.063
v -0.0424 0.4036 0.0477
v -0.0543 0.404 0.027
v -0.0671 0.4303 0.0034
v -0.0624 0.4302 -0.0233
v -0.0488 0.4298 -0.0469
v -0.028 0.4291 -0.0644
v -0.0024 0.4283 -0.0737
v 0.0247 0.4274 -0.0737
v 0.0503 0.4266 -0.0644
v 0.0711 0.4259 -0.0469
v 0.0847 0.4255 -0.0233
v 0.0894 0.4254 0.0034
v 0.0847 0.4255 0.0302
v 0.0711 0.4259 0.0537
v 0.0503 0.4266 0.0712
v 0.0247 0.4274 0.0805
v -0.0024 0.4283 0.0805
v -0.028 0.4291 0.0712
v -0.0488 0.4298 0.0537
v -0.0624 0.4302 0.0302
v -0.214 0.4139 0.294
v -0.214 0.4139 -0.2821
v 0.2866 0.4139 -0.2821
v 0.2866 0.4139 0.294
v -0.214 0.4867 0.294
v 0.2866 0.4867 0.294
v 0.2866 0.4867 -0.2821
v -0.214 0.4858 -0.2821
v -0.234 0.4339 0.294
v -0.229 0.4189 0.294
v -0.234 0.4667 0.294
v 0.3066 0.4339 0.294
v 0.3066 0.4339 -0.2821
v 0.3066 0.4667 -0.2821
v 0.3066 0.4667 0.294
v 0.3016 0.4189 -0.2821
v -0.234 0.4339 -0.2821
v -0.234 0.4657 -0.2821
v -0.229 0.4189 -0.2821
v 0.3016 0.4189 0.294
v 0.3016 0.4817 0.294
v 0.3016 0.4817 -0.2821
v -0.229 0.4808 -0.2821
v -0.229 0.4817 0.294
v 0.0078 0.3736 0.0309
v -0.0017 0.3738 0.0292
v -0.0079 0.0653 0.0292
v 0.0016 0.0651 0.0309
v -0.0101 0.374 0.0243
v -0.0163 0.0655 0.0243
v -0.0163 0.3742 0.0169
v -0.0225 0.0657 0.0169
v -0.0196 0.3742 0.0078
v -0.0258 0.0658 0.0078
v -0.0196 0.3742 -0.0018
v -0.0258 0.0658 -0.0018
v -0.0163 0.3742 -0.0109
v -0.0225 0.0657 -0.0109
v -0.0101 0.374 -0.0183
v -0.0163 0.0655 -0.0183
v -0.0017 0.3738 -0.0232
v -0.0079 0.0653 -0.0232
v 0.0078 0.3736 -0.0249
v 0.0016 0.0651 -0.0249
v 0.0173 0.3733 -0.0232
v 0.0112 0.0649 -0.0232
v 0.0257 0.3731 -0.0183
v 0.0195 0.0646 -0.0183
v 0.0319 0.373 -0.0109
v 0.0258 0.0645 -0.0109
v 0.0352 0.3729 -0.0018
v 0.0291 0.0644 -0.0018
v 0.0352 0.3729 0.0078
v 0.0291 0.0644 0.0078
v 0.0319 0.373 0.0169
v 0.0258 0.0645 0.0169
v 0.0257 0.3731 0.0243
v 0.0195 0.0646 0.0243
v 0.0173 0.3733 0.0292
v 0.0112 0.0649 0.0292
v 0.0038 0.0518 -0.2128
v 0.0038 0.0478 -0.2401
v -0.0055 0.0478 -0.2384
v -0.0137 0.0478 -0.2337
v -0.0198 0.0478 -0.2265
v -0.023 0.0478 -0.2176
v -0.023 0.0478 -0.2081
v -0.0198 0.0478 -0.1992
v -0.0137 0.0478 -0.1919
v -0.0055 0.0478 -0.1872
v 0.0038 0.0478 -0.1856
v 0.0132 0.0478 -0.1872
v 0.0214 0.0478 -0.1919
v 0.0275 0.0478 -0.1992
v 0.0307 0.0478 -0.2081
v 0.0307 0.0478 -0.2176
v 0.0275 0.0478 -0.2265
v 0.0214 0.0478 -0.2337
v 0.0132 0.0478 -0.2384
v -0.0136 0.0365 -0.2607
v 0.0038 0.0365 -0.2638
v -0.0289 0.0365 -0.2519
v -0.0403 0.0365 -0.2383
v -0.0464 0.0365 -0.2217
v -0.0464 0.0365 -0.204
v -0.0403 0.0365 -0.1873
v -0.0289 0.0365 -0.1738
v -0.0136 0.0365 -0.1649
v 0.0038 0.0365 -0.1619
v 0.0213 0.0365 -0.1649
v 0.0366 0.0365 -0.1738
v 0.048 0.0365 -0.1873
v 0.054 0.0365 -0.204
v 0.054 0.0365 -0.2217
v 0.048 0.0365 -0.2383
v 0.0366 0.0365 -0.2519
v 0.0213 0.0365 -0.2607
v -0.0196 0.0193 -0.2772
v 0.0038 0.0193 -0.2814
v -0.0402 0.0193 -0.2653
v -0.0555 0.0193 -0.2471
v -0.0637 0.0193 -0.2247
v -0.0637 0.0193 -0.2009
v -0.0555 0.0193 -0.1786
v -0.0402 0.0193 -0.1603
v -0.0196 0.0193 -0.1484
v 0.0038 0.0193 -0.1443
v 0.0273 0.0193 -0.1484
v 0.0479 0.0193 -0.1603
v 0.0632 0.0193 -0.1786
v 0.0714 0.0193 -0.2009
v 0.0714 0.0193 -0.2247
v 0.0632 0.0193 -0.2471
v 0.0479 0.0193 -0.2653
v 0.0273 0.0193 -0.2772
v -0.0226 0 -0.2855
v 0.0038 0 -0.2902
v -0.0459 0 -0.2721
v -0.0631 0 -0.2515
v -0.0723 0 -0.2263
v -0.0723 0 -0.1994
v -0.0631 0 -0.1742
v -0.0459 0 -0.1536
v -0.0226 0 -0.1402
v 0.0038 0 -0.1355
v 0.0303 0 -0.1402
v 0.0536 0 -0.1536
v 0.0708 0 -0.1742
v 0.08 0 -0.1994
v 0.08 0 -0.2263
v 0.0708 0 -0.2515
v 0.0536 0 -0.2721
v 0.0303 0 -0.2855
v 0.0038 -0.0034 -0.2787
v -0.0187 -0.0034 -0.2747
v -0.0385 -0.0034 -0.2633
v -0.0532 -0.0034 -0.2457
v -0.061 -0.0034 -0.2243
v -0.061 -0.0034 -0.2014
v -0.0532 -0.0034 -0.1799
v -0.0385 -0.0034 -0.1624
v -0.0187 -0.0034 -0.151
v 0.0038 -0.0034 -0.147
v 0.0264 -0.0034 -0.151
v 0.0462 -0.0034 -0.1624
v 0.0609 -0.0034 -0.1799
v 0.0687 -0.0034 -0.2014
v 0.0687 -0.0034 -0.2243
v 0.0609 -0.0034 -0.2457
v 0.0462 -0.0034 -0.2633
v 0.0264 -0.0034 -0.2747
v -0.0207 0.0481 -0.0999
v -0.0207 0.0384 -0.1447
v 0.0276 0.0384 -0.1447
v 0.0276 0.0481 -0.0999
v 0.0276 0.0646 -0.104
v 0.0276 0.0544 -0.1511
v -0.0207 0.0544 -0.1511
v -0.0207 0.0646 -0.104
v -0.0207 0.0245 -0.1879
v 0.0276 0.0245 -0.1879
v 0.0276 0.0534 -0.054
v 0.0276 0.0543 -0.0076
v -0.0207 0.0543 -0.0076
v -0.0207 0.0534 -0.054
v 0.0276 0.0398 -0.1965
v -0.0207 0.0398 -0.1965
v -0.0207 0.0702 -0.0557
v -0.0207 0.0711 -0.0069
v 0.0276 0.0711 -0.0069
v 0.0276 0.0702 -0.0557
v 0.0076 0.0005 -0.2797
v 0.0076 -0.0185 -0.2797
v -0.0149 -0.0185 -0.2757
v -0.0149 0.0005 -0.2757
v -0.0347 -0.0185 -0.2643
v -0.0347 0.0005 -0.2643
v -0.0494 -0.0185 -0.2468
v -0.0494 0.0005 -0.2468
v -0.0572 -0.0185 -0.2253
v -0.0572 0.0005 -0.2253
v -0.0572 -0.0185 -0.2024
v -0.0572 0.0005 -0.2024
v -0.0494 -0.0185 -0.181
v -0.0494 0.0005 -0.181
v -0.0347 -0.0185 -0.1635
v -0.0347 0.0005 -0.1635
v -0.0149 -0.0185 -0.152
v -0.0149 0.0005 -0.152
v 0.0076 -0.0185 -0.1481
v 0.0076 0.0005 -0.1481
v 0.0301 -0.0185 -0.152
v 0.0301 0.0005 -0.152
v 0.0499 -0.0185 -0.1635
v 0.0499 0.0005 -0.1635
v 0.0646 -0.0185 -0.181
v 0.0646 0.0005 -0.181
v 0.0724 -0.0185 -0.2024
v 0.0724 0.0005 -0.2024
v 0.0724 -0.0185 -0.2253
v 0.0724 0.0005 -0.2253
v 0.0646 -0.0185 -0.2468
v 0.0646 0.0005 -0.2468
v 0.0499 -0.0185 -0.2643
v 0.0499 0.0005 -0.2643
v 0.0301 -0.0185 -0.2757
v 0.0301 0.0005 -0.2757
v 0.0076 -0.0363 -0.2717
v -0.0122 -0.0363 -0.2682
v -0.0296 -0.0363 -0.2582
v -0.0425 -0.0363 -0.2428
v -0.0494 -0.0363 -0.2239
v -0.0494 -0.0363 -0.2038
v -0.0425 -0.0363 -0.1849
v -0.0296 -0.0363 -0.1695
v -0.0122 -0.0363 -0.1595
v 0.0076 -0.0363 -0.156
v 0.0274 -0.0363 -0.1595
v 0.0448 -0.0363 -0.1695
v 0.0577 -0.0363 -0.1849
v 0.0646 -0.0363 -0.2038
v 0.0646 -0.0363 -0.2239
v 0.0577 -0.0363 -0.2428
v 0.0448 -0.0363 -0.2582
v 0.0274 -0.0363 -0.2682
v 0.0076 -0.0509 -0.2568
v -0.0071 -0.0509 -0.2542
v -0.02 -0.0509 -0.2468
v -0.0296 -0.0509 -0.2353
v -0.0347 -0.0509 -0.2213
v -0.0347 -0.0509 -0.2064
v -0.0296 -0.0509 -0.1924
v -0.02 -0.0509 -0.181
v -0.0071 -0.0509 -0.1735
v 0.0076 -0.0509 -0.1709
v 0.0223 -0.0509 -0.1735
v 0.0352 -0.0509 -0.181
v 0.0448 -0.0509 -0.1924
v 0.0499 -0.0509 -0.2064
v 0.0499 -0.0509 -0.2213
v 0.0448 -0.0509 -0.2353
v 0.0352 -0.0509 -0.2468
v 0.0223 -0.0509 -0.2542
v 0.0076 -0.0604 -0.2367
v -0.0002 -0.0604 -0.2353
v -0.0071 -0.0604 -0.2314
v -0.0122 -0.0604 -0.2253
v -0.0149 -0.0604 -0.2178
v -0.0149 -0.0604 -0.2099
v -0.0122 -0.0604 -0.2024
v -0.0071 -0.0604 -0.1964
v -0.0002 -0.0604 -0.1924
v 0.0076 -0.0604 -0.191
v 0.0154 -0.0604 -0.1924
v 0.0223 -0.0604 -0.1964
v 0.0274 -0.0604 -0.2024
v 0.0301 -0.0604 -0.2099
v 0.0301 -0.0604 -0.2178
v 0.0274 -0.0604 -0.2253
v 0.0223 -0.0604 -0.2314
v 0.0154 -0.0604 -0.2353
v 0.0076 -0.0637 -0.2139
v 0.2207 0.0518 -0.0092
v 0.2469 0.0478 -0.0015
v 0.2479 0.0478 -0.0109
v 0.2427 0.0478 0.007
v 0.2358 0.0478 0.0135
v 0.2271 0.0478 0.0173
v 0.2177 0.0478 0.0179
v 0.2086 0.0478 0.0152
v 0.201 0.0478 0.0096
v 0.1958 0.0478 0.0017
v 0.1935 0.0478 -0.0075
v 0.1946 0.0478 -0.0169
v 0.1988 0.0478 -0.0253
v 0.2056 0.0478 -0.0319
v 0.2143 0.0478 -0.0357
v 0.2238 0.0478 -0.0363
v 0.2328 0.0478 -0.0336
v 0.2405 0.0478 -0.028
v 0.2457 0.0478 -0.0201
v 0.2696 0.0365 0.0052
v 0.2716 0.0365 -0.0124
v 0.2618 0.0365 0.0211
v 0.2489 0.0365 0.0333
v 0.2327 0.0365 0.0404
v 0.2151 0.0365 0.0415
v 0.1981 0.0365 0.0365
v 0.1838 0.0365 0.026
v 0.174 0.0365 0.0112
v 0.1699 0.0365 -0.006
v 0.1718 0.0365 -0.0236
v 0.1797 0.0365 -0.0394
v 0.1925 0.0365 -0.0516
v 0.2087 0.0365 -0.0587
v 0.2264 0.0365 -0.0598
v 0.2434 0.0365 -0.0548
v 0.2576 0.0365 -0.0443
v 0.2674 0.0365 -0.0296
v 0.2865 0.0193 0.0102
v 0.2891 0.0193 -0.0135
v 0.2759 0.0193 0.0315
v 0.2587 0.0193 0.0479
v 0.2369 0.0193 0.0575
v 0.2131 0.0193 0.059
v 0.1903 0.0193 0.0522
v 0.1711 0.0193 0.0381
v 0.1579 0.0193 0.0183
v 0.1523 0.0193 -0.0049
v 0.155 0.0193 -0.0285
v 0.1656 0.0193 -0.0498
v 0.1828 0.0193 -0.0663
v 0.2046 0.0193 -0.0758
v 0.2284 0.0193 -0.0773
v 0.2512 0.0193 -0.0706
v 0.2704 0.0193 -0.0565
v 0.2835 0.0193 -0.0366
v 0.2949 0 0.0127
v 0.2979 0 -0.014
v 0.283 0 0.0367
v 0.2635 0 0.0552
v 0.2389 0 0.066
v 0.2121 0 0.0677
v 0.1863 0 0.0601
v 0.1647 0 0.0442
v 0.1499 0 0.0218
v 0.1435 0 -0.0043
v 0.1465 0 -0.031
v 0.1585 0 -0.0551
v 0.1779 0 -0.0736
v 0.2025 0 -0.0843
v 0.2293 0 -0.086
v 0.2551 0 -0.0784
v 0.2767 0 -0.0625
v 0.2916 0 -0.0401
v 0.2839 -0.0034 0.0094
v 0.2864 -0.0034 -0.0133
v 0.2737 -0.0034 0.0299
v 0.2572 -0.0034 0.0457
v 0.2362 -0.0034 0.0548
v 0.2134 -0.0034 0.0563
v 0.1915 -0.0034 0.0498
v 0.1731 -0.0034 0.0362
v 0.1604 -0.0034 0.0172
v 0.155 -0.0034 -0.005
v 0.1576 -0.0034 -0.0278
v 0.1677 -0.0034 -0.0482
v 0.1843 -0.0034 -0.064
v 0.2052 -0.0034 -0.0732
v 0.2281 -0.0034 -0.0746
v 0.25 -0.0034 -0.0682
v 0.2684 -0.0034 -0.0546
v 0.2811 -0.0034 -0.0355
v 0.1096 0.0481 0.0225
v 0.1065 0.0481 -0.0258
v 0.1513 0.0384 -0.0286
v 0.1543 0.0384 0.0196
v 0.1106 0.0646 -0.026
v 0.1136 0.0646 0.0222
v 0.1607 0.0544 0.0192
v 0.1577 0.0544 -0.029
v 0.1943 0.0245 -0.0313
v 0.1974 0.0245 0.0169
v 0.0607 0.0534 -0.0229
v 0.0637 0.0534 0.0253
v 0.0175 0.0543 0.0283
v 0.0144 0.0543 -0.02
v 0.206 0.0398 0.0164
v 0.203 0.0398 -0.0319
v 0.0654 0.0702 0.0252
v 0.0624 0.0702 -0.023
v 0.0137 0.0711 -0.0199
v 0.0167 0.0711 0.0283
v 0.2872 0.0005 -0.0171
v 0.2846 0.0005 0.0056
v 0.2846 -0.0185 0.0056
v 0.2872 -0.0185 -0.0171
v 0.2745 0.0005 0.0261
v 0.2745 -0.0185 0.0261
v 0.2579 0.0005 0.0418
v 0.2579 -0.0185 0.0418
v 0.237 0.0005 0.051
v 0.237 -0.0185 0.051
v 0.2142 0.0005 0.0524
v 0.2142 -0.0185 0.0524
v 0.1923 0.0005 0.046
v 0.1923 -0.0185 0.046
v 0.1739 0.0005 0.0324
v 0.1739 -0.0185 0.0324
v 0.1612 0.0005 0.0134
v 0.1612 -0.0185 0.0134
v 0.1559 0.0005 -0.0088
v 0.1559 -0.0185 -0.0088
v 0.1584 0.0005 -0.0315
v 0.1584 -0.0185 -0.0315
v 0.1686 0.0005 -0.052
v 0.1686 -0.0185 -0.052
v 0.1851 0.0005 -0.0678
v 0.1851 -0.0185 -0.0678
v 0.2061 0.0005 -0.0769
v 0.2061 -0.0185 -0.0769
v 0.2289 0.0005 -0.0784
v 0.2289 -0.0185 -0.0784
v 0.2508 0.0005 -0.0719
v 0.2508 -0.0185 -0.0719
v 0.2692 0.0005 -0.0583
v 0.2692 -0.0185 -0.0583
v 0.2818 0.0005 -0.0393
v 0.2818 -0.0185 -0.0393
v 0.277 -0.0363 0.0034
v 0.2793 -0.0363 -0.0166
v 0.2681 -0.0363 0.0214
v 0.2536 -0.0363 0.0352
v 0.2351 -0.0363 0.0433
v 0.2151 -0.0363 0.0445
v 0.1958 -0.0363 0.0388
v 0.1796 -0.0363 0.0269
v 0.1685 -0.0363 0.0102
v 0.1638 -0.0363 -0.0093
v 0.166 -0.0363 -0.0293
v 0.175 -0.0363 -0.0473
v 0.1895 -0.0363 -0.0612
v 0.2079 -0.0363 -0.0692
v 0.228 -0.0363 -0.0705
v 0.2473 -0.0363 -0.0648
v 0.2634 -0.0363 -0.0529
v 0.2745 -0.0363 -0.0361
v 0.2627 -0.0509 -0.0009
v 0.2644 -0.0509 -0.0157
v 0.2561 -0.0509 0.0125
v 0.2453 -0.0509 0.0228
v 0.2316 -0.0509 0.0288
v 0.2167 -0.0509 0.0297
v 0.2024 -0.0509 0.0255
v 0.1904 -0.0509 0.0166
v 0.1822 -0.0509 0.0042
v 0.1787 -0.0509 -0.0103
v 0.1803 -0.0509 -0.0251
v 0.187 -0.0509 -0.0385
v 0.1978 -0.0509 -0.0487
v 0.2114 -0.0509 -0.0547
v 0.2263 -0.0509 -0.0557
v 0.2406 -0.0509 -0.0514
v 0.2526 -0.0509 -0.0426
v 0.2609 -0.0509 -0.0302
v 0.2435 -0.0604 -0.0065
v 0.2443 -0.0604 -0.0144
v 0.2399 -0.0604 0.0006
v 0.2342 -0.0604 0.0061
v 0.2269 -0.0604 0.0092
v 0.219 -0.0604 0.0097
v 0.2114 -0.0604 0.0075
v 0.205 -0.0604 0.0028
v 0.2006 -0.0604 -0.0038
v 0.1987 -0.0604 -0.0115
v 0.1996 -0.0604 -0.0194
v 0.2031 -0.0604 -0.0265
v 0.2089 -0.0604 -0.032
v 0.2162 -0.0604 -0.0352
v 0.2241 -0.0604 -0.0357
v 0.2317 -0.0604 -0.0334
v 0.2381 -0.0604 -0.0287
v 0.2425 -0.0604 -0.0221
v 0.2215 -0.0637 -0.013
v 0.0038 0.0518 0.2218
v 0.0038 0.0478 0.2491
v 0.0132 0.0478 0.2474
v 0.0214 0.0478 0.2427
v 0.0275 0.0478 0.2354
v 0.0307 0.0478 0.2265
v 0.0307 0.0478 0.2171
v 0.0275 0.0478 0.2082
v 0.0214 0.0478 0.2009
v 0.0132 0.0478 0.1962
v 0.0038 0.0478 0.1945
v -0.0055 0.0478 0.1962
v -0.0137 0.0478 0.2009
v -0.0198 0.0478 0.2082
v -0.023 0.0478 0.2171
v -0.023 0.0478 0.2265
v -0.0198 0.0478 0.2354
v -0.0137 0.0478 0.2427
v -0.0055 0.0478 0.2474
v 0.0213 0.0365 0.2697
v 0.0038 0.0365 0.2728
v 0.0366 0.0365 0.2608
v 0.048 0.0365 0.2473
v 0.054 0.0365 0.2307
v 0.054 0.0365 0.2129
v 0.048 0.0365 0.1963
v 0.0366 0.0365 0.1828
v 0.0213 0.0365 0.1739
v 0.0038 0.0365 0.1708
v -0.0136 0.0365 0.1739
v -0.0289 0.0365 0.1828
v -0.0403 0.0365 0.1963
v -0.0464 0.0365 0.2129
v -0.0464 0.0365 0.2307
v -0.0403 0.0365 0.2473
v -0.0289 0.0365 0.2608
v -0.0136 0.0365 0.2697
v 0.0273 0.0193 0.2862
v 0.0038 0.0193 0.2904
v 0.0479 0.0193 0.2743
v 0.0632 0.0193 0.2561
v 0.0714 0.0193 0.2337
v 0.0714 0.0193 0.2099
v 0.0632 0.0193 0.1875
v 0.0479 0.0193 0.1693
v 0.0273 0.0193 0.1574
v 0.0038 0.0193 0.1533
v -0.0196 0.0193 0.1574
v -0.0402 0.0193 0.1693
v -0.0555 0.0193 0.1875
v -0.0637 0.0193 0.2099
v -0.0637 0.0193 0.2337
v -0.0555 0.0193 0.2561
v -0.0402 0.0193 0.2743
v -0.0196 0.0193 0.2862
v 0.0303 0 0.2945
v 0.0038 0 0.2991
v 0.0536 0 0.281
v 0.0708 0 0.2605
v 0.08 0 0.2352
v 0.08 0 0.2084
v 0.0708 0 0.1831
v 0.0536 0 0.1626
v 0.0303 0 0.1491
v 0.0038 0 0.1445
v -0.0226 0 0.1491
v -0.0459 0 0.1626
v -0.0631 0 0.1831
v -0.0723 0 0.2084
v -0.0723 0 0.2352
v -0.0631 0 0.2605
v -0.0459 0 0.281
v -0.0226 0 0.2945
v 0.0038 -0.0034 0.2876
v 0.0264 -0.0034 0.2837
v 0.0462 -0.0034 0.2722
v 0.0609 -0.0034 0.2547
v 0.0687 -0.0034 0.2332
v 0.0687 -0.0034 0.2104
v 0.0609 -0.0034 0.1889
v 0.0462 -0.0034 0.1714
v 0.0264 -0.0034 0.1599
v 0.0038 -0.0034 0.156
v -0.0187 -0.0034 0.1599
v -0.0385 -0.0034 0.1714
v -0.0532 -0.0034 0.1889
v -0.061 -0.0034 0.2104
v -0.061 -0.0034 0.2332
v -0.0532 -0.0034 0.2547
v -0.0385 -0.0034 0.2722
v -0.0187 -0.0034 0.2837
v 0.0284 0.0481 0.1089
v 0.0284 0.0384 0.1537
v -0.0199 0.0384 0.1537
v -0.0199 0.0481 0.1089
v -0.0199 0.0646 0.1129
v -0.0199 0.0544 0.1601
v 0.0284 0.0544 0.1601
v 0.0284 0.0646 0.1129
v 0.0284 0.0245 0.1968
v -0.0199 0.0245 0.1968
v -0.0199 0.0534 0.0629
v -0.0199 0.0543 0.0166
v 0.0284 0.0543 0.0166
v 0.0284 0.0534 0.0629
v -0.0199 0.0398 0.2055
v 0.0284 0.0398 0.2055
v 0.0284 0.0702 0.0646
v 0.0284 0.0711 0.0158
v -0.0199 0.0711 0.0158
v -0.0199 0.0702 0.0646
v 0.0001 0.0005 0.2886
v 0.0001 -0.0185 0.2886
v 0.0226 -0.0185 0.2847
v 0.0226 0.0005 0.2847
v 0.0424 -0.0185 0.2732
v 0.0424 0.0005 0.2732
v 0.0571 -0.0185 0.2557
v 0.0571 0.0005 0.2557
v 0.0649 -0.0185 0.2343
v 0.0649 0.0005 0.2343
v 0.0649 -0.0185 0.2114
v 0.0649 0.0005 0.2114
v 0.0571 -0.0185 0.1899
v 0.0571 0.0005 0.1899
v 0.0424 -0.0185 0.1724
v 0.0424 0.0005 0.1724
v 0.0226 -0.0185 0.161
v 0.0226 0.0005 0.161
v 0.0001 -0.0185 0.157
v 0.0001 0.0005 0.157
v -0.0224 -0.0185 0.161
v -0.0224 0.0005 0.161
v -0.0422 -0.0185 0.1724
v -0.0422 0.0005 0.1724
v -0.0569 -0.0185 0.1899
v -0.0569 0.0005 0.1899
v -0.0647 -0.0185 0.2114
v -0.0647 0.0005 0.2114
v -0.0647 -0.0185 0.2343
v -0.0647 0.0005 0.2343
v -0.0569 -0.0185 0.2557
v -0.0569 0.0005 0.2557
v -0.0422 -0.0185 0.2732
v -0.0422 0.0005 0.2732
v -0.0224 -0.0185 0.2847
v -0.0224 0.0005 0.2847
v 0.0001 -0.0363 0.2807
v 0.0199 -0.0363 0.2772
v 0.0373 -0.0363 0.2672
v 0.0502 -0.0363 0.2518
v 0.0571 -0.0363 0.2329
v 0.0571 -0.0363 0.2128
v 0.0502 -0.0363 0.1939
v 0.0373 -0.0363 0.1785
v 0.0199 -0.0363 0.1685
v 0.0001 -0.0363 0.165
v -0.0197 -0.0363 0.1685
v -0.0371 -0.0363 0.1785
v -0.05 -0.0363 0.1939
v -0.0569 -0.0363 0.2128
v -0.0569 -0.0363 0.2329
v -0.05 -0.0363 0.2518
v -0.0371 -0.0363 0.2672
v -0.0197 -0.0363 0.2772
v 0.0001 -0.0509 0.2658
v 0.0148 -0.0509 0.2632
v 0.0277 -0.0509 0.2557
v 0.0373 -0.0509 0.2443
v 0.0424 -0.0509 0.2303
v 0.0424 -0.0509 0.2154
v 0.0373 -0.0509 0.2014
v 0.0277 -0.0509 0.1899
v 0.0148 -0.0509 0.1825
v 0.0001 -0.0509 0.1799
v -0.0146 -0.0509 0.1825
v -0.0275 -0.0509 0.1899
v -0.0371 -0.0509 0.2014
v -0.0422 -0.0509 0.2154
v -0.0422 -0.0509 0.2303
v -0.0371 -0.0509 0.2443
v -0.0275 -0.0509 0.2557
v -0.0146 -0.0509 0.2632
v 0.0001 -0.0604 0.2457
v 0.0079 -0.0604 0.2443
v 0.0148 -0.0604 0.2403
v 0.0199 -0.0604 0.2343
v 0.0226 -0.0604 0.2268
v 0.0226 -0.0604 0.2189
v 0.0199 -0.0604 0.2114
v 0.0148 -0.0604 0.2053
v 0.0079 -0.0604 0.2014
v 0.0001 -0.0604 0.2
v -0.0077 -0.0604 0.2014
v -0.0146 -0.0604 0.2053
v -0.0197 -0.0604 0.2114
v -0.0224 -0.0604 0.2189
v -0.0224 -0.0604 0.2268
v -0.0197 -0.0604 0.2343
v -0.0146 -0.0604 0.2403
v -0.0077 -0.0604 0.2443
v 0.0001 -0.0637 0.2228
v -0.213 0.0518 0.0181
v -0.2392 0.0478 0.0105
v -0.2402 0.0478 0.0199
v -0.235 0.0478 0.002
v -0.2281 0.0478 -0.0046
v -0.2194 0.0478 -0.0083
v -0.21 0.0478 -0.0089
v -0.2009 0.0478 -0.0063
v -0.1933 0.0478 -0.0007
v -0.1881 0.0478 0.0072
v -0.1858 0.0478 0.0164
v -0.1869 0.0478 0.0258
v -0.1911 0.0478 0.0343
v -0.198 0.0478 0.0408
v -0.2066 0.0478 0.0446
v -0.2161 0.0478 0.0452
v -0.2252 0.0478 0.0426
v -0.2328 0.0478 0.0369
v -0.238 0.0478 0.0291
v -0.2619 0.0365 0.0038
v -0.2639 0.0365 0.0214
v -0.2541 0.0365 -0.0121
v -0.2412 0.0365 -0.0243
v -0.225 0.0365 -0.0314
v -0.2074 0.0365 -0.0325
v -0.1904 0.0365 -0.0275
v -0.1761 0.0365 -0.017
v -0.1663 0.0365 -0.0023
v -0.1622 0.0365 0.0149
v -0.1641 0.0365 0.0325
v -0.172 0.0365 0.0484
v -0.1848 0.0365 0.0606
v -0.201 0.0365 0.0677
v -0.2187 0.0365 0.0688
v -0.2357 0.0365 0.0638
v -0.2499 0.0365 0.0533
v -0.2597 0.0365 0.0386
v -0.2788 0.0193 -0.0012
v -0.2815 0.0193 0.0225
v -0.2682 0.0193 -0.0225
v -0.251 0.0193 -0.0389
v -0.2292 0.0193 -0.0485
v -0.2054 0.0193 -0.05
v -0.1826 0.0193 -0.0433
v -0.1634 0.0193 -0.0291
v -0.1502 0.0193 -0.0093
v -0.1446 0.0193 0.0138
v -0.1473 0.0193 0.0375
v -0.1579 0.0193 0.0588
v -0.1751 0.0193 0.0752
v -0.1969 0.0193 0.0848
v -0.2207 0.0193 0.0863
v -0.2435 0.0193 0.0796
v -0.2627 0.0193 0.0654
v -0.2759 0.0193 0.0456
v -0.2872 0 -0.0037
v -0.2902 0 0.023
v -0.2753 0 -0.0277
v -0.2558 0 -0.0463
v -0.2312 0 -0.057
v -0.2044 0 -0.0587
v -0.1787 0 -0.0511
v -0.157 0 -0.0352
v -0.1422 0 -0.0128
v -0.1359 0 0.0133
v -0.1388 0 0.04
v -0.1508 0 0.064
v -0.1702 0 0.0826
v -0.1948 0 0.0933
v -0.2217 0 0.095
v -0.2474 0 0.0874
v -0.269 0 0.0715
v -0.2839 0 0.0491
v -0.2762 -0.0034 -0.0004
v -0.2788 -0.0034 0.0223
v -0.266 -0.0034 -0.0209
v -0.2495 -0.0034 -0.0367
v -0.2285 -0.0034 -0.0458
v -0.2057 -0.0034 -0.0473
v -0.1838 -0.0034 -0.0408
v -0.1654 -0.0034 -0.0273
v -0.1527 -0.0034 -0.0082
v -0.1473 -0.0034 0.014
v -0.1499 -0.0034 0.0367
v -0.16 -0.0034 0.0572
v -0.1766 -0.0034 0.073
v -0.1976 -0.0034 0.0821
v -0.2204 -0.0034 0.0836
v -0.2423 -0.0034 0.0771
v -0.2607 -0.0034 0.0636
v -0.2734 -0.0034 0.0445
v -0.1019 0.0481 -0.0135
v -0.0988 0.0481 0.0348
v -0.1436 0.0384 0.0376
v -0.1466 0.0384 -0.0107
v -0.1029 0.0646 0.035
v -0.1059 0.0646 -0.0132
v -0.153 0.0544 -0.0103
v -0.15 0.0544 0.038
v -0.1866 0.0245 0.0403
v -0.1897 0.0245 -0.008
v -0.053 0.0534 0.0319
v -0.056 0.0534 -0.0164
v -0.0098 0.0543 -0.0193
v -0.0067 0.0543 0.029
v -0.1983 0.0398 -0.0074
v -0.1953 0.0398 0.0408
v -0.0577 0.0702 -0.0163
v -0.0547 0.0702 0.032
v -0.006 0.0711 0.0289
v -0.009 0.0711 -0.0193
v -0.2795 0.0005 0.0261
v -0.277 0.0005 0.0034
v -0.277 -0.0185 0.0034
v -0.2795 -0.0185 0.0261
v -0.2668 0.0005 -0.0171
v -0.2668 -0.0185 -0.0171
v -0.2503 0.0005 -0.0328
v -0.2503 -0.0185 -0.0328
v -0.2293 0.0005 -0.042
v -0.2293 -0.0185 -0.042
v -0.2065 0.0005 -0.0434
v -0.2065 -0.0185 -0.0434
v -0.1846 0.0005 -0.037
v -0.1846 -0.0185 -0.037
v -0.1662 0.0005 -0.0234
v -0.1662 -0.0185 -0.0234
v -0.1536 0.0005 -0.0044
v -0.1536 -0.0185 -0.0044
v -0.1482 0.0005 0.0178
v -0.1482 -0.0185 0.0178
v -0.1507 0.0005 0.0405
v -0.1507 -0.0185 0.0405
v -0.1609 0.0005 0.061
v -0.1609 -0.0185 0.061
v -0.1774 0.0005 0.0767
v -0.1774 -0.0185 0.0767
v -0.1984 0.0005 0.0859
v -0.1984 -0.0185 0.0859
v -0.2212 0.0005 0.0873
v -0.2212 -0.0185 0.0873
v -0.2431 0.0005 0.0809
v -0.2431 -0.0185 0.0809
v -0.2615 0.0005 0.0673
v -0.2615 -0.0185 0.0673
v -0.2741 0.0005 0.0483
v -0.2741 -0.0185 0.0483
v -0.2693 -0.0363 0.0056
v -0.2716 -0.0363 0.0256
v -0.2604 -0.0363 -0.0124
v -0.2459 -0.0363 -0.0262
v -0.2274 -0.0363 -0.0343
v -0.2074 -0.0363 -0.0355
v -0.1881 -0.0363 -0.0299
v -0.1719 -0.0363 -0.018
v -0.1608 -0.0363 -0.0012
v -0.1561 -0.0363 0.0183
v -0.1583 -0.0363 0.0383
v -0.1673 -0.0363 0.0563
v -0.1818 -0.0363 0.0701
v -0.2002 -0.0363 0.0782
v -0.2203 -0.0363 0.0794
v -0.2396 -0.0363 0.0738
v -0.2557 -0.0363 0.0619
v -0.2669 -0.0363 0.0451
v -0.255 -0.0509 0.0098
v -0.2567 -0.0509 0.0246
v -0.2484 -0.0509 -0.0035
v -0.2376 -0.0509 -0.0138
v -0.2239 -0.0509 -0.0198
v -0.2091 -0.0509 -0.0207
v -0.1947 -0.0509 -0.0165
v -0.1827 -0.0509 -0.0077
v -0.1745 -0.0509 0.0048
v -0.171 -0.0509 0.0193
v -0.1726 -0.0509 0.0341
v -0.1793 -0.0509 0.0474
v -0.1901 -0.0509 0.0577
v -0.2037 -0.0509 0.0637
v -0.2186 -0.0509 0.0646
v -0.2329 -0.0509 0.0604
v -0.2449 -0.0509 0.0516
v -0.2532 -0.0509 0.0391
v -0.2358 -0.0604 0.0155
v -0.2366 -0.0604 0.0234
v -0.2322 -0.0604 0.0084
v -0.2265 -0.0604 0.0029
v -0.2192 -0.0604 -0.0003
v -0.2113 -0.0604 -0.0008
v -0.2037 -0.0604 0.0015
v -0.1973 -0.0604 0.0062
v -0.1929 -0.0604 0.0128
v -0.191 -0.0604 0.0205
v -0.1919 -0.0604 0.0284
v -0.1954 -0.0604 0.0355
v -0.2012 -0.0604 0.041
v -0.2085 -0.0604 0.0442
v -0.2164 -0.0604 0.0447
v -0.224 -0.0604 0.0424
v -0.2304 -0.0604 0.0377
v -0.2348 -0.0604 0.0311
v -0.2138 -0.0637 0.0219
#end vertices

#begin 1712 textures vertices 
vt 0.3019615 0.3624891 0
vt 0.2045879 0.9506265 0
vt 0.6312664 0.3627315 0
vt 0.1939717 0.6746605 0
vt 0.3653262 0.6387275 0
vt 0.1848492 0.9506265 0
vt 0.02641194 0.6173707 0
vt 0.1740812 0.6746605 0
vt 0.2479377 0.7858522 0
vt 0.2478542 0.8180424 0
vt 0.2374047 0.8171832 0
vt 0.2374933 0.7864606 0
vt 0.2674029 0.7864606 0
vt 0.2674915 0.8171832 0
vt 0.257042 0.8180424 0
vt 0.2569585 0.7858522 0
vt 0.2392762 0.8812405 0
vt 0.6718979 0.4862526 0
vt 0.2214371 0.9066587 0
vt 0.2293813 0.877557 0
vt 0.2449773 0.8499188 0
vt 0.234711 0.8476289 0
vt 0.2294899 0.7251492 0
vt 0.3302098 0.6822289 0
vt 0.2310016 0.6902671 0
vt 0.2394503 0.7217277 0
vt 0.2348195 0.7556648 0
vt 0.245086 0.7536722 0
vt 0.2755149 0.877557 0
vt 0.5365317 0.5370841 0
vt 0.2739512 0.9116155 0
vt 0.26562 0.8812405 0
vt 0.2701852 0.8476289 0
vt 0.2599189 0.8499188 0
vt 0.2654459 0.7217277 0
vt 0.4579319 0.5630257 0
vt 0.2833685 0.6950944 0
vt 0.2754063 0.7251492 0
vt 0.2598102 0.7536722 0
vt 0.2700767 0.7556648 0
vt 0.3020879 0.4140773 0
vt 0.02579244 0.4140777 0
vt 0.3557371 0.5134031 0
vt 0.3555363 0.4812134 0
vt 0.6408464 0.4908858 0
vt 0.6410521 0.5230756 0
vt 0.02579281 0.5067317 0
vt 0.02580662 0.4759984 0
vt 0.3021159 0.4759485 0
vt 0.3021329 0.506663 0
vt 0.3561352 0.5772442 0
vt 0.3559367 0.5454084 0
vt 0.6412567 0.5550808 0
vt 0.6414602 0.5869165 0
vt 0.6404332 0.4261431 0
vt 0.6406401 0.4585803 0
vt 0.3553345 0.4489078 0
vt 0.3551318 0.4164706 0
vt 0.0257969 0.5677596 0
vt 0.02579713 0.5373003 0
vt 0.3021359 0.5372224 0
vt 0.3021677 0.5676472 0
vt 0.3021 0.4450448 0
vt 0.02580911 0.4450735 0
vt 0.6728585 0.1387811 0
vt 0.8768661 0.1414901 0
vt 0.8768151 0.1457628 0
vt 0.6727864 0.1430434 0
vt 0.8849009 0.1744712 0
vt 0.6746974 0.1744712 0
vt 0.6746955 0.1701838 0
vt 0.8849014 0.1701839 0
vt 0.6729472 0.1340306 0
vt 0.8769132 0.1367278 0
vt 0.6716868 0.1047665 0
vt 0.8787452 0.1063781 0
vt 0.8787593 0.111203 0
vt 0.6715846 0.1095791 0
vt 0.671778 0.1005965 0
vt 0.8787307 0.102195 0
vt 0.6705886 0.0713472 0
vt 0.880177 0.07177326 0
vt 0.8802337 0.07601827 0
vt 0.670524 0.07558173 0
vt 0.6680395 0.03856699 0
vt 0.8823631 0.03787299 0
vt 0.8824093 0.0419518 0
vt 0.6680364 0.0426394 0
vt 0.6706489 0.0672776 0
vt 0.8801236 0.06769169 0
vt 0.6680303 0.03341088 0
vt 0.8823176 0.03271066 0
vt 0.671825 0.004856332 0
vt 0.8779771 0.003906275 0
vt 0.8780091 0.009068535 0
vt 0.6718624 0.01001794 0
vt 0.6830409 0.63135 0
vt 0.6724505 0.6312426 0
vt 0.6831684 0.6392088 0
vt 0.6725398 0.6392088 0
vt 0.003906305 0.6826267 0
vt 0.01449673 0.6825194 0
vt 0.003995589 0.6746605 0
vt 0.01462421 0.6746605 0
vt 0.6405833 0.3703797 0
vt 0.6513124 0.3703735 0
vt 0.6404045 0.3625782 0
vt 0.6511504 0.362489 0
vt 0.4142832 0.4350903 0
vt 0.4035541 0.4350842 0
vt 0.4141211 0.4429748 0
vt 0.4033752 0.4428856 0
vt 0.2174847 0.6867652 0
vt 0.2267411 0.6816636 0
vt 0.2267479 0.9198897 0
vt 0.2174316 0.9145454 0
vt 0.2781551 0.6816636 0
vt 0.2874116 0.6867652 0
vt 0.2874646 0.9145454 0
vt 0.2781484 0.9198897 0
vt 0.06477277 0.5049456 0
vt 0.2631584 0.5048964 0
vt 0.263144 0.4807272 0
vt 0.06478176 0.4807633 0
vt 0.06479952 0.5687925 0
vt 0.0647091 0.5676377 0
vt 0.2629492 0.5450614 0
vt 0.2632726 0.567555 0
vt 0.6763014 0.1586178 0
vt 0.8752973 0.1571171 0
vt 0.06478287 0.5364205 0
vt 0.2631633 0.5363646 0
vt 0.2631476 0.5135042 0
vt 0.06479157 0.5135529 0
vt 0.2631238 0.4168744 0
vt 0.06476896 0.4168751 0
vt 0.06477381 0.439481 0
vt 0.2631327 0.4394612 0
vt 0.2631335 0.4482671 0
vt 0.06477903 0.448288 0
vt 0.06477679 0.4728335 0
vt 0.2631453 0.4727979 0
vt 0.3720298 0.7995291 0
vt 0.3762136 0.799542 0
vt 0.3762312 0.8511263 0
vt 0.3720636 0.851091 0
vt 0.3802606 0.7996655 0
vt 0.3802788 0.8511173 0
vt 0.3841753 0.799818 0
vt 0.3841616 0.8511703 0
vt 0.3172476 0.8001818 0
vt 0.3878655 0.8512044 0
vt 0.320898 0.8003341 0
vt 0.3208643 0.8513819 0
vt 0.3246433 0.8005753 0
vt 0.3246358 0.851468 0
vt 0.328534 0.8006718 0
vt 0.3285269 0.8515205 0
vt 0.3325574 0.8007997 0
vt 0.3325584 0.8515183 0
vt 0.3367135 0.8008168 0
vt 0.3367397 0.8515529 0
vt 0.3408098 0.8007795 0
vt 0.3408608 0.8515047 0
vt 0.344833 0.8006318 0
vt 0.3448923 0.8514937 0
vt 0.3487651 0.8005159 0
vt 0.3488256 0.8514282 0
vt 0.3525098 0.800256 0
vt 0.3525973 0.8513295 0
vt 0.3561596 0.8000855 0
vt 0.356279 0.8512549 0
vt 0.3599038 0.7998862 0
vt 0.3599833 0.8512087 0
vt 0.3638597 0.7997112 0
vt 0.3639082 0.8511431 0
vt 0.3679064 0.7995651 0
vt 0.367956 0.8511393 0
vt 0.3762556 0.9024285 0
vt 0.3720806 0.9024145 0
vt 0.3802708 0.9024748 0
vt 0.3841757 0.9024424 0
vt 0.3878583 0.9024896 0
vt 0.3209246 0.90247 0
vt 0.3246676 0.9025065 0
vt 0.3285403 0.9025347 0
vt 0.3325952 0.9025714 0
vt 0.3367748 0.9025851 0
vt 0.3408943 0.9025725 0
vt 0.3449493 0.9025369 0
vt 0.3488642 0.9025099 0
vt 0.3526074 0.9024747 0
vt 0.3563201 0.9024582 0
vt 0.360003 0.9024187 0
vt 0.3639499 0.902459 0
vt 0.3679652 0.9024205 0
vt 0.376269 0.9563004 0
vt 0.3720885 0.956323 0
vt 0.3803212 0.9562748 0
vt 0.3841909 0.9562059 0
vt 0.3879202 0.9561037 0
vt 0.3210394 0.9558815 0
vt 0.3247602 0.9557721 0
vt 0.3286552 0.9556308 0
vt 0.3326569 0.9556031 0
vt 0.3368198 0.9555747 0
vt 0.340923 0.9556105 0
vt 0.3449243 0.9556452 0
vt 0.3488607 0.9557937 0
vt 0.3525809 0.95591 0
vt 0.3562766 0.9560389 0
vt 0.3600051 0.9561569 0
vt 0.3639163 0.9562419 0
vt 0.3679682 0.9562838 0
vt 0.7792173 0.7989766 0
vt 0.783401 0.7989892 0
vt 0.7834206 0.850574 0
vt 0.779253 0.8505388 0
vt 0.7874481 0.7991125 0
vt 0.7874682 0.8505649 0
vt 0.7913627 0.7992649 0
vt 0.7913511 0.8506177 0
vt 0.7244496 0.7996313 0
vt 0.7950783 0.8506518 0
vt 0.7280999 0.7997834 0
vt 0.7280686 0.8508306 0
vt 0.7318682 0.8000244 0
vt 0.731863 0.8509166 0
vt 0.7357589 0.8001207 0
vt 0.7357541 0.850969 0
vt 0.7397824 0.8002484 0
vt 0.7397855 0.8509667 0
vt 0.7439385 0.8002654 0
vt 0.7439668 0.8510012 0
vt 0.7480347 0.8002279 0
vt 0.7480879 0.8509529 0
vt 0.7520579 0.80008 0
vt 0.7521195 0.8509418 0
vt 0.7559483 0.7999642 0
vt 0.7560107 0.8508764 0
vt 0.759716 0.7997041 0
vt 0.7598053 0.8507776 0
vt 0.7633658 0.7995334 0
vt 0.7634871 0.8507029 0
vt 0.7671331 0.7993339 0
vt 0.7672146 0.8506566 0
vt 0.7710472 0.799159 0
vt 0.7710976 0.8505911 0
vt 0.7750938 0.7990127 0
vt 0.7751454 0.8505872 0
vt 0.7834454 0.9018769 0
vt 0.7792703 0.9018628 0
vt 0.7874606 0.9019233 0
vt 0.7913655 0.901891 0
vt 0.7950714 0.9019383 0
vt 0.7281287 0.9019176 0
vt 0.7318947 0.9019541 0
vt 0.7357674 0.9019824 0
vt 0.7398223 0.9020192 0
vt 0.7440019 0.9020329 0
vt 0.7481214 0.9020204 0
vt 0.7521764 0.9019849 0
vt 0.7560492 0.9019579 0
vt 0.7598154 0.9019228 0
vt 0.7635282 0.9019063 0
vt 0.7672345 0.9018669 0
vt 0.7711396 0.9019072 0
vt 0.775155 0.9018688 0
vt 0.7834563 0.9557493 0
vt 0.7792758 0.9557717 0
vt 0.7875086 0.9557239 0
vt 0.7913782 0.9556551 0
vt 0.7951307 0.9555531 0
vt 0.7282414 0.9553285 0
vt 0.7319852 0.9552192 0
vt 0.7358803 0.955078 0
vt 0.7398819 0.9550506 0
vt 0.7440449 0.9550223 0
vt 0.748148 0.9550583 0
vt 0.7521494 0.9550932 0
vt 0.7560442 0.9552416 0
vt 0.7597874 0.9553581 0
vt 0.7634831 0.9554871 0
vt 0.7672347 0.9556052 0
vt 0.7711037 0.9556902 0
vt 0.7751556 0.9557323 0
vt 0.7829385 0.7741678 0
vt 0.7253073 0.7851497 0
vt 0.7205476 0.7755865 0
vt 0.7362249 0.7690313 0
vt 0.7182465 0.7653986 0
vt 0.7350091 0.7632637 0
vt 0.7184556 0.7550529 0
vt 0.7353149 0.7572042 0
vt 0.721064 0.7450797 0
vt 0.7368637 0.7512575 0
vt 0.7260038 0.7361123 0
vt 0.7397347 0.7458453 0
vt 0.7328266 0.7284918 0
vt 0.7439837 0.741363 0
vt 0.7413285 0.7228531 0
vt 0.7490424 0.7378274 0
vt 0.7508569 0.7192318 0
vt 0.7548053 0.7357743 0
vt 0.7609435 0.7180393 0
vt 0.7609508 0.7351369 0
vt 0.7710965 0.7192547 0
vt 0.7671006 0.7356954 0
vt 0.7806443 0.7228187 0
vt 0.7728421 0.7379346 0
vt 0.7891278 0.7284783 0
vt 0.7779274 0.7414184 0
vt 0.7958943 0.7361106 0
vt 0.7821993 0.7458669 0
vt 0.8008528 0.7450382 0
vt 0.7850888 0.7512547 0
vt 0.8035218 0.7549524 0
vt 0.7866582 0.7571829 0
vt 0.8037432 0.7653392 0
vt 0.7869827 0.7632365 0
vt 0.8014624 0.7755396 0
vt 0.7857464 0.7690458 0
vt 0.7099102 0.7938347 0
vt 0.7044433 0.7806398 0
vt 0.7016109 0.766652 0
vt 0.7021639 0.7524664 0
vt 0.7056595 0.7387551 0
vt 0.7125687 0.7264519 0
vt 0.7219041 0.7158774 0
vt 0.7337144 0.7081051 0
vt 0.7468877 0.7029588 0
vt 0.7609114 0.7014992 0
vt 0.7749952 0.7029583 0
vt 0.788253 0.7080027 0
vt 0.7999396 0.7159079 0
vt 0.8093649 0.7263745 0
vt 0.8163112 0.7386666 0
vt 0.8197973 0.7523935 0
vt 0.820322 0.7664816 0
vt 0.8176095 0.7805223 0
vt 0.6940241 0.8005094 0
vt 0.6881309 0.7846444 0
vt 0.6851583 0.7674075 0
vt 0.6855475 0.7497016 0
vt 0.6905202 0.7324776 0
vt 0.6988653 0.7166271 0
vt 0.711214 0.7034531 0
vt 0.7259908 0.6931061 0
vt 0.7430368 0.687069 0
vt 0.7608516 0.6846058 0
vt 0.778708 0.687082 0
vt 0.7956016 0.6931764 0
vt 0.8106594 0.7031273 0
vt 0.8230561 0.7164008 0
vt 0.8314472 0.7323416 0
vt 0.8364756 0.7496373 0
vt 0.8369133 0.7674252 0
vt 0.8337053 0.7845228 0
vt 0.6493191 0.00390625 0
vt 0.6493191 0.3534753 0
vt 0.3455624 0.3534753 0
vt 0.3455624 0.00390625 0
vt 0.01350037 0.003906272 0
vt 0.3172571 0.003906272 0
vt 0.3172576 0.3534753 0
vt 0.01350037 0.3534757 0
vt 0.6680304 0.2486511 0
vt 0.6710643 0.2395494 0
vt 0.6680304 0.2685537 0
vt 0.3624891 0.6577339 0
vt 0.7120581 0.6577339 0
vt 0.7120581 0.6776364 0
vt 0.3624891 0.6776364 0
vt 0.6711164 0.1864915 0
vt 0.003921341 0.636735 0
vt 0.003951656 0.6560307 0
vt 0.6589133 0.3534753 0
vt 0.3359683 0.00390625 0
vt 0.3268512 0.003906259 0
vt 0.3268517 0.3534753 0
vt 0.003906252 0.3534805 0
vt 0.003906252 0.003911012 0
vt 0.7540253 0.2896359 0
vt 0.7598826 0.2896275 0
vt 0.7599758 0.4768585 0
vt 0.7541185 0.4768669 0
vt 0.7657846 0.2896056 0
vt 0.7658778 0.4768367 0
vt 0.7716436 0.289557 0
vt 0.7717368 0.476788 0
vt 0.6718981 0.2896192 0
vt 0.7776107 0.4767647 0
vt 0.6777232 0.2896192 0
vt 0.6777232 0.4767896 0
vt 0.6835967 0.289579 0
vt 0.6835971 0.47681 0
vt 0.6894557 0.2896247 0
vt 0.6894561 0.4768558 0
vt 0.6953577 0.2896436 0
vt 0.6953581 0.4768747 0
vt 0.701215 0.2896491 0
vt 0.7012154 0.4768802 0
vt 0.7070735 0.2897153 0
vt 0.7071324 0.4768844 0
vt 0.7129755 0.2897339 0
vt 0.7129832 0.476965 0
vt 0.7188337 0.2897188 0
vt 0.7188805 0.4769486 0
vt 0.7247076 0.2897384 0
vt 0.7247544 0.4769682 0
vt 0.7305327 0.2897369 0
vt 0.7305795 0.4769668 0
vt 0.7364066 0.2897144 0
vt 0.7364534 0.4769442 0
vt 0.7422648 0.2897266 0
vt 0.7423508 0.4769577 0
vt 0.7481668 0.289705 0
vt 0.7482015 0.4768742 0
vt 0.003906306 0.7274923 0
vt 0.01880859 0.7136142 0
vt 0.02313484 0.7199884 0
vt 0.02587877 0.7287194 0
vt 0.02889836 0.7387343 0
vt 0.03309266 0.7494297 0
vt 0.03917992 0.7600855 0
vt 0.04759423 0.7697197 0
vt 0.05819296 0.7775453 0
vt 0.07024467 0.7829348 0
vt 0.08360107 0.7835765 0
vt 0.0970662 0.7827263 0
vt 0.1089702 0.7772126 0
vt 0.1194459 0.769349 0
vt 0.1277689 0.7595735 0
vt 0.1349705 0.7494295 0
vt 0.1401147 0.7390656 0
vt 0.1429163 0.7289026 0
vt 0.1455014 0.7200616 0
vt 0.03766535 0.700654 0
vt 0.0328652 0.6887387 0
vt 0.03956823 0.7129568 0
vt 0.04103705 0.7254812 0
vt 0.04319471 0.73767 0
vt 0.04659348 0.7494826 0
vt 0.05310717 0.7595565 0
vt 0.06215058 0.7671473 0
vt 0.07257212 0.7723662 0
vt 0.08366493 0.7745849 0
vt 0.09472507 0.7719396 0
vt 0.1049424 0.766461 0
vt 0.1141719 0.7591907 0
vt 0.1216541 0.749959 0
vt 0.1249252 0.737945 0
vt 0.1269634 0.7255754 0
vt 0.128872 0.713146 0
vt 0.1307464 0.7007761 0
vt 0.05575928 0.6903599 0
vt 0.05838249 0.6746605 0
vt 0.05507359 0.7049584 0
vt 0.0551414 0.7178638 0
vt 0.05590554 0.7296938 0
vt 0.05832802 0.7402121 0
vt 0.0613565 0.7499005 0
vt 0.06681604 0.7577764 0
vt 0.07546353 0.7600579 0
vt 0.08375632 0.763289 0
vt 0.09147188 0.759397 0
vt 0.09983742 0.7565116 0
vt 0.1058263 0.7491062 0
vt 0.1098047 0.7400814 0
vt 0.1126622 0.7298369 0
vt 0.1135425 0.7178988 0
vt 0.1135809 0.7049003 0
vt 0.1126786 0.6903652 0
vt 0.0719623 0.6897635 0
vt 0.08417518 0.6761417 0
vt 0.06973727 0.7034875 0
vt 0.06937282 0.7152103 0
vt 0.06929869 0.7252218 0
vt 0.0700352 0.7338108 0
vt 0.07120402 0.7413309 0
vt 0.0738214 0.7469257 0
vt 0.078276 0.7495492 0
vt 0.08296023 0.7498907 0
vt 0.08789445 0.7472557 0
vt 0.0928354 0.7450309 0
vt 0.09617502 0.739887 0
vt 0.09840809 0.7330116 0
vt 0.09978372 0.7247616 0
vt 0.09966409 0.7149719 0
vt 0.09898002 0.7034652 0
vt 0.09641653 0.6899034 0
vt 0.08413392 0.6839094 0
vt 0.07976471 0.6936196 0
vt 0.07809421 0.7047828 0
vt 0.07784627 0.7152429 0
vt 0.07762785 0.7240517 0
vt 0.07783799 0.7311389 0
vt 0.07794977 0.7366562 0
vt 0.07865175 0.740132 0
vt 0.08041529 0.7411488 0
vt 0.08247709 0.7417313 0
vt 0.08510337 0.7392196 0
vt 0.08816969 0.7379121 0
vt 0.08982614 0.734517 0
vt 0.09105892 0.7295063 0
vt 0.0913431 0.7232071 0
vt 0.091262 0.715041 0
vt 0.09069922 0.7049723 0
vt 0.08869354 0.6938808 0
vt 0.1105663 0.8684336 0
vt 0.1105663 0.8962475 0
vt 0.08125852 0.8962475 0
vt 0.08125852 0.8684336 0
vt 0.03321403 0.8580968 0
vt 0.03321403 0.8873389 0
vt 0.003906299 0.8873389 0
vt 0.003906299 0.8580968 0
vt 0.1105663 0.9237841 0
vt 0.9198053 0.5641573 0
vt 0.08125852 0.8403971 0
vt 0.08125852 0.812237 0
vt 0.9347367 0.7006676 0
vt 0.1105663 0.8403971 0
vt 0.03321403 0.9162764 0
vt 0.8199722 0.6939843 0
vt 0.003906299 0.8285927 0
vt 0.003906299 0.7989766 0
vt 0.8094745 0.5904036 0
vt 0.03321403 0.8285927 0
vt 0.9345776 0.2895569 0
vt 0.7997821 0.2900099 0
vt 0.7982852 0.3036166 0
vt 0.7868212 0.3037173 0
vt 0.7983055 0.3171864 0
vt 0.7870143 0.3187031 0
vt 0.800671 0.3304927 0
vt 0.7898001 0.3338716 0
vt 0.8056423 0.3430744 0
vt 0.7956027 0.3484472 0
vt 0.8131624 0.35438 0
vt 0.8043989 0.3616585 0
vt 0.8228843 0.3637996 0
vt 0.8158142 0.3727328 0
vt 0.8344791 0.3709426 0
vt 0.8294527 0.3811764 0
vt 0.8473882 0.375441 0
vt 0.8446763 0.3865203 0
vt 0.8609472 0.3770489 0
vt 0.860695 0.3884378 0
vt 0.8745225 0.3755903 0
vt 0.8767441 0.3867805 0
vt 0.8874979 0.3712341 0
vt 0.892069 0.3816846 0
vt 0.8992018 0.3642115 0
vt 0.9058757 0.3734495 0
vt 0.9090555 0.3548628 0
vt 0.9175252 0.3625118 0
vt 0.9168124 0.3435901 0
vt 0.9266387 0.3493476 0
vt 0.921894 0.3309336 0
vt 0.9326977 0.3346671 0
vt 0.9243102 0.3175105 0
vt 0.9356714 0.3192839 0
vt 0.9242453 0.3038366 0
vt 0.9359215 0.3040123 0
vt 0.812443 0.2923321 0
vt 0.8101941 0.3041465 0
vt 0.8098738 0.3158536 0
vt 0.8118017 0.3270558 0
vt 0.8159 0.3375374 0
vt 0.8220976 0.3468318 0
vt 0.8301034 0.3545837 0
vt 0.8395819 0.3603811 0
vt 0.8500802 0.3639659 0
vt 0.8611026 0.3651798 0
vt 0.8721566 0.364046 0
vt 0.8827027 0.3605384 0
vt 0.892261 0.3548152 0
vt 0.900411 0.3471408 0
vt 0.9065686 0.3377933 0
vt 0.9107802 0.3273402 0
vt 0.9127095 0.3161232 0
vt 0.9122875 0.3044132 0
vt 0.8256648 0.2974999 0
vt 0.8230057 0.3062023 0
vt 0.822502 0.3149597 0
vt 0.8238885 0.3235969 0
vt 0.8269895 0.3315851 0
vt 0.8316968 0.3386461 0
vt 0.8377637 0.3444839 0
vt 0.8449853 0.3487613 0
vt 0.8529098 0.3514751 0
vt 0.8612251 0.3523843 0
vt 0.8695449 0.351507 0
vt 0.8774899 0.3488256 0
vt 0.8847265 0.3445955 0
vt 0.8908311 0.3388136 0
vt 0.8955518 0.331793 0
vt 0.8986784 0.3238344 0
vt 0.9000288 0.315235 0
vt 0.8994007 0.3065436 0
vt 0.8384715 0.3054674 0
vt 0.8367274 0.310083 0
vt 0.8364634 0.3151622 0
vt 0.8372546 0.3203577 0
vt 0.8391985 0.3253334 0
vt 0.8421259 0.3297807 0
vt 0.8461913 0.333332 0
vt 0.8506978 0.3361696 0
vt 0.8558648 0.3377206 0
vt 0.8612115 0.3381408 0
vt 0.8665514 0.3377528 0
vt 0.8717066 0.3362291 0
vt 0.8762052 0.3334107 0
vt 0.8802408 0.3298852 0
vt 0.8833887 0.3256462 0
vt 0.8852778 0.3207124 0
vt 0.8860039 0.31557 0
vt 0.8856452 0.3105567 0
vt 0.8504031 0.3130165 0
vt 0.8846351 0.4230134 0
vt 0.8657519 0.4222012 0
vt 0.8676017 0.4156908 0
vt 0.8656121 0.4300606 0
vt 0.8654966 0.4386318 0
vt 0.86642 0.4478351 0
vt 0.8664942 0.4572743 0
vt 0.8662803 0.467054 0
vt 0.865209 0.4769933 0
vt 0.8620635 0.4868419 0
vt 0.8571364 0.4957064 0
vt 0.8472754 0.500154 0
vt 0.8377068 0.4984063 0
vt 0.828562 0.494029 0
vt 0.8216603 0.4876128 0
vt 0.8151868 0.4809461 0
vt 0.808924 0.4746205 0
vt 0.8023012 0.4694018 0
vt 0.7960105 0.4649418 0
vt 0.8483096 0.4113469 0
vt 0.8501855 0.4003942 0
vt 0.8478633 0.4228448 0
vt 0.848185 0.434125 0
vt 0.8481128 0.4448298 0
vt 0.8490219 0.4551817 0
vt 0.8497988 0.4652883 0
vt 0.8517359 0.4746414 0
vt 0.8544071 0.4832898 0
vt 0.8535338 0.492749 0
vt 0.8471719 0.5006086 0
vt 0.8401845 0.4924878 0
vt 0.8366719 0.4821928 0
vt 0.8311422 0.4737251 0
vt 0.824564 0.4657603 0
vt 0.8166897 0.4583319 0
vt 0.8080038 0.4507045 0
vt 0.7981511 0.4442935 0
vt 0.8312911 0.4071629 0
vt 0.8276839 0.3939825 0
vt 0.8316845 0.4208315 0
vt 0.8317593 0.4332605 0
vt 0.831951 0.444952 0
vt 0.8328149 0.4562134 0
vt 0.8342529 0.4670987 0
vt 0.8353366 0.4773899 0
vt 0.8394474 0.4861826 0
vt 0.8466756 0.4924549 0
vt 0.8512154 0.5033881 0
vt 0.8488403 0.4873095 0
vt 0.8495282 0.4749903 0
vt 0.8446926 0.4641582 0
vt 0.8369148 0.4541815 0
vt 0.827415 0.4449811 0
vt 0.8164098 0.4365071 0
vt 0.8042412 0.4275587 0
vt 0.8185265 0.4097212 0
vt 0.8076401 0.4003145 0
vt 0.8184133 0.4221698 0
vt 0.8180884 0.434453 0
vt 0.8179068 0.4463612 0
vt 0.8187786 0.458116 0
vt 0.8200518 0.46986 0
vt 0.8219961 0.4820589 0
vt 0.8275907 0.4939408 0
vt 0.8388844 0.5021107 0
vt 0.852381 0.5044421 0
vt 0.8601879 0.4881254 0
vt 0.8625245 0.4727766 0
vt 0.8575621 0.4578155 0
vt 0.8483523 0.4453407 0
vt 0.8373589 0.4348599 0
vt 0.8250649 0.4259746 0
vt 0.8121479 0.4165804 0
vt 0.8125686 0.4113739 0
vt 0.8121367 0.4065726 0
vt 0.8105808 0.4233944 0
vt 0.8104678 0.435244 0
vt 0.8100576 0.4474199 0
vt 0.8109514 0.4594235 0
vt 0.812281 0.4712304 0
vt 0.8141746 0.484696 0
vt 0.8223215 0.4985089 0
vt 0.8366736 0.5099507 0
vt 0.8586511 0.5043771 0
vt 0.8662402 0.4900911 0
vt 0.8705015 0.4720603 0
vt 0.8644591 0.4546238 0
vt 0.8544502 0.440562 0
vt 0.8425225 0.4294988 0
vt 0.8301007 0.4199863 0
vt 0.817684 0.4129944 0
vt 0.7150793 0.8670224 0
vt 0.6857113 0.8670668 0
vt 0.6857148 0.8392011 0
vt 0.7150184 0.8392121 0
vt 0.8299465 0.6752692 0
vt 0.8299136 0.6459655 0
vt 0.8592123 0.645974 0
vt 0.8592452 0.6752777 0
vt 0.6857108 0.811731 0
vt 0.8145294 0.5478586 0
vt 0.6857297 0.8950983 0
vt 0.7150334 0.8951103 0
vt 0.7150973 0.923208 0
vt 0.9193119 0.8233264 0
vt 0.8881419 0.6459297 0
vt 0.8045018 0.8166442 0
vt 0.8004136 0.6459987 0
vt 0.8004466 0.6753023 0
vt 0.7708313 0.6752939 0
vt 0.9248965 0.5216136 0
vt 0.4265809 0.6978047 0
vt 0.4410297 0.696455 0
vt 0.4409653 0.70789 0
vt 0.4273754 0.7098434 0
vt 0.45634 0.6962086 0
vt 0.4546663 0.7078116 0
vt 0.4718122 0.6993672 0
vt 0.4681163 0.7101922 0
vt 0.4864201 0.7055395 0
vt 0.4807412 0.7153662 0
vt 0.4993941 0.7146677 0
vt 0.4920967 0.7229727 0
vt 0.5107638 0.7260092 0
vt 0.5012941 0.732972 0
vt 0.5188102 0.7400441 0
vt 0.5083367 0.7446446 0
vt 0.5237269 0.7553719 0
vt 0.512558 0.7576121 0
vt 0.5252215 0.7713072 0
vt 0.5138693 0.771171 0
vt 0.5232205 0.7871323 0
vt 0.5124092 0.7847491 0
vt 0.5184901 0.8025495 0
vt 0.5078355 0.7975762 0
vt 0.5098607 0.8161084 0
vt 0.500811 0.809178 0
vt 0.4986892 0.8274346 0
vt 0.4914376 0.8190596 0
vt 0.4858323 0.8366881 0
vt 0.4801082 0.8264939 0
vt 0.4711334 0.8423277 0
vt 0.46762 0.8317883 0
vt 0.4559675 0.8455023 0
vt 0.4542183 0.834178 0
vt 0.4408336 0.8459669 0
vt 0.440667 0.8342164 0
vt 0.4416687 0.7198293 0
vt 0.429765 0.7225173 0
vt 0.4533593 0.7194545 0
vt 0.4645118 0.7212657 0
vt 0.4750681 0.7254085 0
vt 0.4843228 0.7317339 0
vt 0.491955 0.7399269 0
vt 0.4976497 0.7494955 0
vt 0.5010731 0.7600556 0
vt 0.5021224 0.7711118 0
vt 0.500876 0.7821638 0
vt 0.4971173 0.7926056 0
vt 0.4914023 0.8021013 0
vt 0.4837606 0.810167 0
vt 0.4744823 0.8164515 0
vt 0.4639913 0.8205682 0
vt 0.4528183 0.8225749 0
vt 0.4411425 0.8223203 0
vt 0.4437571 0.7327228 0
vt 0.4353472 0.7355766 0
vt 0.4524809 0.7321117 0
vt 0.4610685 0.7333519 0
vt 0.4690147 0.7364999 0
vt 0.4760236 0.741263 0
vt 0.481768 0.7474102 0
vt 0.4860093 0.7546691 0
vt 0.4885638 0.7626319 0
vt 0.4893734 0.7709883 0
vt 0.4883421 0.7793049 0
vt 0.4855984 0.7872779 0
vt 0.4812134 0.7944204 0
vt 0.4754552 0.800564 0
vt 0.468421 0.805321 0
vt 0.4604909 0.8085221 0
vt 0.4519427 0.8099625 0
vt 0.443108 0.8094782 0
vt 0.4478619 0.7463999 0
vt 0.4433569 0.7482377 0
vt 0.4528983 0.7458882 0
vt 0.4579715 0.7468069 0
vt 0.4628794 0.7486808 0
vt 0.4671461 0.7518016 0
vt 0.4706828 0.7557674 0
vt 0.4733036 0.7604286 0
vt 0.4748723 0.7655447 0
vt 0.4753236 0.7708837 0
vt 0.4745856 0.7762118 0
vt 0.4727498 0.7812549 0
vt 0.4701413 0.7860056 0
vt 0.4663497 0.7898393 0
vt 0.4620577 0.7930192 0
vt 0.4572005 0.7951484 0
vt 0.4520797 0.796142 0
vt 0.4470192 0.795838 0
vt 0.4510157 0.7601152 0
vt 0.4033753 0.4744115 0
vt 0.4191793 0.4613697 0
vt 0.4231128 0.4681823 0
vt 0.4261808 0.4769752 0
vt 0.429721 0.487095 0
vt 0.4348123 0.4976145 0
vt 0.440551 0.508464 0
vt 0.4488385 0.5182679 0
vt 0.4593109 0.52628 0
vt 0.4713152 0.5319178 0
vt 0.4846545 0.5346133 0
vt 0.4978824 0.5324173 0
vt 0.5101235 0.5273605 0
vt 0.5209492 0.5198376 0
vt 0.5296097 0.5103362 0
vt 0.5372622 0.5006685 0
vt 0.5427675 0.4902975 0
vt 0.5467769 0.4802839 0
vt 0.5502824 0.4716083 0
vt 0.4392543 0.4490653 0
vt 0.4354551 0.4369018 0
vt 0.4408046 0.4619021 0
vt 0.4416968 0.4745988 0
vt 0.4435201 0.4870859 0
vt 0.4477793 0.4986302 0
vt 0.4546999 0.5081695 0
vt 0.4636323 0.5157662 0
vt 0.4736381 0.5219426 0
vt 0.4848006 0.5225757 0
vt 0.4959717 0.5219058 0
vt 0.5065218 0.5167747 0
vt 0.5160226 0.5097559 0
vt 0.5236298 0.5005521 0
vt 0.528618 0.4892141 0
vt 0.531213 0.476863 0
vt 0.5328527 0.4641975 0
vt 0.5351659 0.4514116 0
vt 0.458488 0.4398477 0
vt 0.4621716 0.4254758 0
vt 0.4554567 0.454021 0
vt 0.4549986 0.4671651 0
vt 0.4560629 0.4789512 0
vt 0.459189 0.4890556 0
vt 0.463337 0.4981103 0
vt 0.4689779 0.5056685 0
vt 0.476989 0.5086789 0
vt 0.4853345 0.5104317 0
vt 0.4940416 0.5099603 0
vt 0.5021829 0.5066767 0
vt 0.5082927 0.4994121 0
vt 0.5132819 0.4906812 0
vt 0.5162108 0.4801788 0
vt 0.5180776 0.4685407 0
vt 0.5184887 0.4554118 0
vt 0.5164306 0.4413108 0
vt 0.4737936 0.441335 0
vt 0.4878437 0.4271943 0
vt 0.4696935 0.4539288 0
vt 0.4685864 0.4647643 0
vt 0.4691049 0.4741203 0
vt 0.471564 0.4816453 0
vt 0.4731424 0.4888181 0
vt 0.4761949 0.4941789 0
vt 0.480872 0.4965419 0
vt 0.4858761 0.4987566 0
vt 0.4909458 0.4973763 0
vt 0.4956661 0.4948561 0
vt 0.4992108 0.4896567 0
vt 0.5019415 0.482964 0
vt 0.5028384 0.4745736 0
vt 0.5044936 0.4652501 0
vt 0.5042541 0.454079 0
vt 0.5008435 0.4405164 0
vt 0.487761 0.4367679 0
vt 0.4805855 0.4452458 0
vt 0.4779231 0.4558502 0
vt 0.4770065 0.4647619 0
vt 0.4773752 0.4720201 0
vt 0.4792445 0.4780015 0
vt 0.4797952 0.4835138 0
vt 0.4810517 0.4871896 0
vt 0.4835029 0.4889773 0
vt 0.4862064 0.4900052 0
vt 0.4888203 0.4895884 0
vt 0.4912523 0.4876009 0
vt 0.493053 0.4838999 0
vt 0.4943969 0.4790044 0
vt 0.4946414 0.4723908 0
vt 0.4960197 0.4646986 0
vt 0.4959371 0.4555309 0
vt 0.494132 0.4444962 0
vt 0.8338095 0.8921914 0
vt 0.8338095 0.9200053 0
vt 0.8045018 0.9200053 0
vt 0.8045018 0.8921914 0
vt 0.1647128 0.845389 0
vt 0.1647128 0.8746903 0
vt 0.1354051 0.8746903 0
vt 0.1354051 0.845389 0
vt 0.8338095 0.9474841 0
vt 0.5849806 0.5464768 0
vt 0.8045018 0.8640946 0
vt 0.8045018 0.8359951 0
vt 0.9159511 0.6260791 0
vt 0.8338095 0.8640946 0
vt 0.1647128 0.9036278 0
vt 0.8011866 0.6193957 0
vt 0.1354051 0.8158849 0
vt 0.1354051 0.7862687 0
vt 0.4746497 0.572723 0
vt 0.1647128 0.8158849 0
vt 0.6767378 0.6962086 0
vt 0.5419006 0.6966263 0
vt 0.5402366 0.7104087 0
vt 0.5287964 0.710466 0
vt 0.5402833 0.7240517 0
vt 0.5289947 0.7255985 0
vt 0.5427076 0.7373845 0
vt 0.5318571 0.7408252 0
vt 0.5477405 0.7499043 0
vt 0.5377239 0.7553535 0
vt 0.5552462 0.7612372 0
vt 0.546551 0.7685717 0
vt 0.5650739 0.7706219 0
vt 0.5580787 0.7796211 0
vt 0.5766816 0.7776812 0
vt 0.5717337 0.787951 0
vt 0.5895418 0.7820625 0
vt 0.5868683 0.7931509 0
vt 0.6030463 0.7835955 0
vt 0.6027744 0.7950067 0
vt 0.6165897 0.7822534 0
vt 0.6187307 0.7934555 0
vt 0.6295319 0.7780424 0
vt 0.6339989 0.7885286 0
vt 0.6412682 0.7711107 0
vt 0.647859 0.7804125 0
vt 0.6512623 0.761796 0
vt 0.6596406 0.7694986 0
vt 0.658929 0.7504766 0
vt 0.668747 0.7563109 0
vt 0.6641133 0.7378808 0
vt 0.67488 0.7416865 0
vt 0.6665973 0.7244208 0
vt 0.6779425 0.7262355 0
vt 0.6665433 0.7106627 0
vt 0.6782125 0.7107968 0
vt 0.5545206 0.6993056 0
vt 0.5522004 0.7109341 0
vt 0.5519044 0.7225427 0
vt 0.5537966 0.7337805 0
vt 0.5578929 0.7442801 0
vt 0.5641713 0.7535305 0
vt 0.5721734 0.7612693 0
vt 0.5816462 0.7670689 0
vt 0.5921798 0.770619 0
vt 0.6032376 0.7719642 0
vt 0.6143167 0.7707303 0
vt 0.6248778 0.7672864 0
vt 0.6344299 0.7615688 0
vt 0.6425239 0.7538885 0
vt 0.6489133 0.7446362 0
vt 0.6530708 0.7341254 0
vt 0.6549556 0.7228604 0
vt 0.654525 0.7112595 0
vt 0.5677609 0.7043318 0
vt 0.5650607 0.7129637 0
vt 0.5645558 0.7217883 0
vt 0.5658551 0.7303715 0
vt 0.5689739 0.7383388 0
vt 0.5737678 0.7453229 0
vt 0.5798663 0.7511416 0
vt 0.5870768 0.7555226 0
vt 0.5950097 0.758188 0
vt 0.6033583 0.7591472 0
vt 0.6117069 0.7582456 0
vt 0.6196605 0.7556342 0
vt 0.6269004 0.7513116 0
vt 0.6330549 0.7455638 0
vt 0.6378377 0.7385954 0
vt 0.6409866 0.7306788 0
vt 0.6422402 0.7221331 0
vt 0.6416054 0.7133814 0
vt 0.5805754 0.7123365 0
vt 0.5787962 0.7169327 0
vt 0.5783305 0.7220305 0
vt 0.5793232 0.7271185 0
vt 0.5812498 0.7320869 0
vt 0.5841775 0.7365298 0
vt 0.5882372 0.740089 0
vt 0.5929572 0.7427097 0
vt 0.598001 0.7445604 0
vt 0.6033538 0.7449969 0
vt 0.6086991 0.7446078 0
vt 0.6137466 0.7427993 0
vt 0.618452 0.7402218 0
vt 0.6224808 0.7366968 0
vt 0.6256186 0.7324692 0
vt 0.6274876 0.7275471 0
vt 0.6283988 0.7225226 0
vt 0.6278387 0.7174927 0
vt 0.5924953 0.7200183 0
vt 0.7540123 0.6500766 0
vt 0.7576834 0.6295622 0
vt 0.7645414 0.6328551 0
vt 0.7486319 0.6275836 0
vt 0.7385108 0.6242629 0
vt 0.7278718 0.6196894 0
vt 0.7175084 0.6130859 0
vt 0.707311 0.6053554 0
vt 0.6990805 0.5951403 0
vt 0.6934382 0.5831719 0
vt 0.6910447 0.5699453 0
vt 0.6934051 0.556635 0
vt 0.6975507 0.543848 0
vt 0.7056777 0.5334527 0
vt 0.7145124 0.5241565 0
vt 0.725292 0.5179684 0
vt 0.7355811 0.5124385 0
vt 0.7457874 0.5093678 0
vt 0.7545676 0.5066202 0
vt 0.7762224 0.6134871 0
vt 0.7882278 0.6179702 0
vt 0.7639269 0.6121586 0
vt 0.7512536 0.6112157 0
vt 0.7390158 0.6092803 0
vt 0.7271884 0.6058316 0
vt 0.7164831 0.6001432 0
vt 0.7086629 0.5911712 0
vt 0.7023967 0.5810539 0
vt 0.7020228 0.5694018 0
vt 0.7015345 0.557663 0
vt 0.7083674 0.5480297 0
vt 0.7152257 0.5385397 0
vt 0.726012 0.5329702 0
vt 0.7368921 0.5275187 0
vt 0.7491133 0.5250434 0
vt 0.7616191 0.5233348 0
vt 0.7742101 0.5208467 0
vt 0.7860516 0.5948231 0
vt 0.8005479 0.5919753 0
vt 0.7710805 0.5957205 0
vt 0.7580795 0.5967896 0
vt 0.7462032 0.5965289 0
vt 0.7350343 0.5954801 0
vt 0.7266494 0.5904775 0
vt 0.7178912 0.5861442 0
vt 0.7147719 0.5775508 0
vt 0.7112254 0.5692848 0
vt 0.713033 0.5609216 0
vt 0.7190988 0.5538372 0
vt 0.7256784 0.547097 0
vt 0.7350881 0.5433362 0
vt 0.7455671 0.5404786 0
vt 0.7574865 0.5391741 0
vt 0.7703389 0.5381353 0
vt 0.7846194 0.5391887 0
vt 0.7846025 0.5788253 0
vt 0.799733 0.5665248 0
vt 0.7717663 0.5820651 0
vt 0.7600569 0.5829215 0
vt 0.7499814 0.5833645 0
vt 0.7414218 0.5831986 0
vt 0.7347264 0.5803043 0
vt 0.7293435 0.5773884 0
vt 0.7249892 0.5741575 0
vt 0.7239515 0.5692067 0
vt 0.7266103 0.5649539 0
vt 0.7290376 0.5602415 0
vt 0.735405 0.5579532 0
vt 0.7421024 0.5549796 0
vt 0.750388 0.5526161 0
vt 0.7604422 0.5535657 0
vt 0.7719634 0.5525774 0
vt 0.78598 0.5545579 0
vt 0.7811965 0.5717126 0
vt 0.7913939 0.5657861 0
vt 0.7698263 0.5737464 0
vt 0.7598137 0.5744923 0
vt 0.751111 0.574918 0
vt 0.7444767 0.5754652 0
vt 0.7398883 0.5734238 0
vt 0.7358126 0.5719897 0
vt 0.7327721 0.5711341 0
vt 0.732086 0.5698975 0
vt 0.7343856 0.5678172 0
vt 0.7357562 0.5653249 0
vt 0.7404533 0.5644079 0
vt 0.7460267 0.5624505 0
vt 0.752237 0.5610339 0
vt 0.7607629 0.5619371 0
vt 0.7711028 0.561123 0
vt 0.7820864 0.562073 0
vt 0.07195041 0.8675712 0
vt 0.0425824 0.8676107 0
vt 0.04259049 0.839745 0
vt 0.07195469 0.8397646 0
vt 0.5890344 0.8332955 0
vt 0.5890166 0.8039919 0
vt 0.6183116 0.803955 0
vt 0.6183331 0.8333192 0
vt 0.04259116 0.812275 0
vt 0.8139808 0.5710649 0
vt 0.04259623 0.8956422 0
vt 0.07196043 0.8956628 0
vt 0.07195916 0.9237568 0
vt 0.6632968 0.9043901 0
vt 0.6472448 0.8039861 0
vt 0.6699791 0.7895838 0
vt 0.5595128 0.8039492 0
vt 0.5595344 0.8333134 0
vt 0.5299191 0.8332897 0
vt 0.9243439 0.5448193 0
vt 0.2802714 0.7955732 0
vt 0.2790592 0.78117 0
vt 0.2907201 0.7813835 0
vt 0.2923884 0.7949173 0
vt 0.2794432 0.7660219 0
vt 0.2907497 0.7677454 0
vt 0.2825477 0.750975 0
vt 0.2930852 0.7544077 0
vt 0.2881726 0.7363636 0
vt 0.2981418 0.7417633 0
vt 0.2968548 0.7231057 0
vt 0.3056031 0.7304323 0
vt 0.308247 0.7118102 0
vt 0.3154461 0.7211257 0
vt 0.3222329 0.7038081 0
vt 0.3269539 0.7138064 0
vt 0.3372723 0.6983597 0
vt 0.3398926 0.7094385 0
vt 0.3533102 0.6962087 0
vt 0.3534455 0.7079789 0
vt 0.369347 0.6983381 0
vt 0.3670432 0.7091939 0
vt 0.3847945 0.703082 0
vt 0.3799479 0.7137449 0
vt 0.3983243 0.7117226 0
vt 0.3917245 0.7205798 0
vt 0.4100985 0.7225709 0
vt 0.4016217 0.7301111 0
vt 0.4191955 0.7356928 0
vt 0.4092823 0.7413952 0
vt 0.4254331 0.7503665 0
vt 0.4142869 0.7540375 0
vt 0.4279031 0.7659298 0
vt 0.4168133 0.7674586 0
vt 0.4282206 0.7812162 0
vt 0.4165298 0.7810953 0
vt 0.3026578 0.78079 0
vt 0.3050397 0.7925694 0
vt 0.3023189 0.7690716 0
vt 0.3042274 0.7578844 0
vt 0.3083698 0.7473485 0
vt 0.3145818 0.7381205 0
vt 0.3224853 0.730283 0
vt 0.3319581 0.7244204 0
vt 0.3425386 0.7208637 0
vt 0.3535855 0.7196702 0
vt 0.3646471 0.7207606 0
vt 0.3751799 0.7244135 0
vt 0.384643 0.7301632 0
vt 0.3927974 0.737756 0
vt 0.3990549 0.7470852 0
vt 0.4032426 0.7575343 0
vt 0.4051744 0.7687309 0
vt 0.404712 0.780525 0
vt 0.3154788 0.7786434 0
vt 0.3182681 0.787303 0
vt 0.3149996 0.7699529 0
vt 0.3163371 0.7613393 0
vt 0.3194287 0.7533131 0
vt 0.3241197 0.7462899 0
vt 0.3302402 0.7404143 0
vt 0.3373534 0.73601 0
vt 0.3453238 0.7333702 0
vt 0.3536447 0.7324122 0
vt 0.3619545 0.7332961 0
vt 0.3698633 0.7360173 0
vt 0.3770779 0.7403433 0
vt 0.3832193 0.7460784 0
vt 0.387985 0.75307 0
vt 0.3911247 0.7610127 0
vt 0.3924857 0.7695562 0
vt 0.3918702 0.778332 0
vt 0.3292036 0.7746941 0
vt 0.3309965 0.77924 0
vt 0.3287373 0.7696132 0
vt 0.3296955 0.7644981 0
vt 0.3318545 0.7596211 0
vt 0.3347477 0.7551432 0
vt 0.3385683 0.7513914 0
vt 0.3432536 0.7487819 0
vt 0.3482602 0.7468988 0
vt 0.353586 0.7464551 0
vt 0.3588956 0.7472034 0
vt 0.364016 0.748712 0
vt 0.3687183 0.7513227 0
vt 0.3725176 0.7551006 0
vt 0.3756644 0.7593593 0
vt 0.377743 0.764188 0
vt 0.3786813 0.7692726 0
vt 0.3783212 0.7742856 0
vt 0.3429276 0.7716489 0
vt 0.08469246 0.4260291 0
vt 0.07407584 0.4260292 0
vt 0.07407618 0.4260284 0
vt 0.08469282 0.4260284 0
vt 0.1045822 0.4260292 0
vt 0.09396635 0.4260292 0
vt 0.09396656 0.4260284 0
vt 0.1045824 0.4260284 0
vt 0.3218728 0.3624897 0
vt 0.3111051 0.3624897 0
vt 0.3111056 0.3624891 0
vt 0.3218732 0.3624891 0
vt 0.3218734 0.3713295 0
vt 0.3111059 0.3713295 0
vt 0.3111051 0.3713293 0
vt 0.3218726 0.3713293 0
vt 0.5866857 0.5377604 0
vt 0.5647099 0.5170198 0
vt 0.5866861 0.4857001 0
vt 0.5866861 0.5377598 0
vt 0.404481 0.5199561 0
vt 0.4264569 0.5415349 0
vt 0.4044803 0.5739386 0
vt 0.4044803 0.5199564 0
vt 0.5861206 0.4758074 0
vt 0.5641574 0.45602 0
vt 0.5861209 0.4260284 0
vt 0.5861209 0.4758067 0
vt 0.2823744 0.8045017 0
vt 0.304336 0.8251648 0
vt 0.2823743 0.8560878 0
vt 0.2823743 0.8045025 0
vt 0.5608432 0.4350912 0
vt 0.5608423 0.4254769 0
vt 0.5608432 0.4254759 0
vt 0.4039279 0.507479 0
vt 0.4039278 0.4978555 0
vt 0.4039279 0.4978554 0
vt 0.5879157 0.5776333 0
vt 0.5879156 0.568025 0
vt 0.5879157 0.5680249 0
vt 0.5514504 0.435092 0
vt 0.5514495 0.4254769 0
vt 0.5514504 0.4254759 0
vt 0.8403356 0.5631151 0
vt 0.6023279 0.5593984 0
vt 0.1939717 0.9506265 0
vt 0.6724644 0.621619 0
vt 0.4271335 0.5630257 0
vt 0.3949169 0.5492341 0
vt 0.3553006 0.362489 0
vt 0.003920243 0.6922503 0
vt 0.6660256 0.8483346 0
vt 0.3948916 0.5451655 0
vt 0.2045879 0.6746605 0
vt 0.01453576 0.6921351 0
vt 0.3000548 0.6822289 0
vt 0.6714081 0.8209937 0
vt 0.6023019 0.5553298 0
vt 0.02597565 0.3624891 0
vt 0.68308 0.6217343 0
vt 0.6024793 0.5830787 0
vt 0.3016384 0.6173903 0
vt 0.6406025 0.3799879 0
vt 0.04259116 0.9237968 0
vt 0.6025054 0.5871658 0
vt 0.6025046 0.5868815 0
vt 0.1848492 0.6746605 0
vt 0.6513705 0.3799879 0
vt 0.7021155 0.4862526 0
vt 0.8089219 0.5616861 0
vt 0.4042073 0.5867032 0
vt 0.39509 0.5770015 0
vt 0.6412921 0.6389756 0
vt 0.4143413 0.4254759 0
vt 0.6472627 0.8332897 0
vt 0.3950646 0.5729144 0
vt 0.1740812 0.9506265 0
vt 0.4035733 0.4254759 0
vt 0.5660946 0.5370841 0
vt 0.3890101 0.786726 0
vt 0.394692 0.5131602 0
vt 0.8955775 0.5550306 0
vt 0.323858 0.5066636 0
vt 0.6020973 0.5233245 0
vt 0.5623808 0.564206 0
vt 0.3238397 0.4759434 0
vt 0.3948633 0.540631 0
vt 0.07195917 0.812237 0
vt 0.3338138 0.481349 0
vt 0.6022729 0.5507953 0
vt 0.6633237 0.8762356 0
vt 0.3340146 0.5135386 0
vt 0.4146254 0.7949626 0
vt 0.3946671 0.5091785 0
vt 0.6627746 0.5229367 0
vt 0.867616 0.5577314 0
vt 0.6020718 0.5193429 0
vt 0.6625689 0.4907471 0
vt 0.6021266 0.5279184 0
vt 0.004088261 0.4759928 0
vt 0.3947206 0.5177541 0
vt 0.004075948 0.5067184 0
vt 0.6019174 0.4951764 0
vt 0.5299014 0.8039861 0
vt 0.3238603 0.5978097 0
vt 0.3945163 0.4850121 0
vt 0.8878517 0.6260511 0
vt 0.3238882 0.5676412 0
vt 0.3944911 0.4809703 0
vt 0.6531124 0.8753905 0
vt 0.3344127 0.5773796 0
vt 0.6018916 0.4911347 0
vt 0.6531124 0.9050057 0
vt 0.2309451 0.9116155 0
vt 0.3346091 0.6088758 0
vt 0.6016853 0.4588289 0
vt 0.3238578 0.5372262 0
vt 0.3942894 0.4486645 0
vt 0.3342142 0.5455439 0
vt 0.6017101 0.4627142 0
vt 0.3238121 0.4140698 0
vt 0.3943137 0.4525497 0
vt 0.6793589 0.7946994 0
vt 0.8325971 0.6179668 0
vt 0.2215277 0.6950944 0
vt 0.3238041 0.3829773 0
vt 0.3332058 0.3840317 0
vt 0.3334093 0.4166063 0
vt 0.3238237 0.4450393 0
vt 0.333612 0.4490435 0
vt 0.7612305 0.5028913 0
vt 0.663384 0.6182738 0
vt 0.8947324 0.5448193 0
vt 0.8045018 0.9474841 0
vt 0.6631827 0.5867777 0
vt 0.7453116 0.4884016 0
vt 0.7358201 0.4912861 0
vt 0.7206276 0.49755 0
vt 0.709922 0.5035569 0
vt 0.6950456 0.5154227 0
vt 0.6857584 0.5262655 0
vt 0.6761602 0.5446012 0
vt 0.6724506 0.5595319 0
vt 0.6725299 0.5805835 0
vt 0.6779914 0.5975602 0
vt 0.6874924 0.6128409 0
vt 0.7004745 0.6253992 0
vt 0.7116879 0.633185 0
vt 0.7248954 0.6403024 0
vt 0.7375637 0.6451507 0
vt 0.7498357 0.6484491 0
vt 0.7498474 0.4862526 0
vt 0.004071303 0.5677365 0
vt 0.2834591 0.9066587 0
vt 0.004028876 0.5979039 0
vt 0.004066338 0.5373122 0
vt 0.6629792 0.554942 0
vt 0.1497268 0.7135129 0
vt 0.00390625 0.3830691 0
vt 0.9242242 0.531797 0
vt 0.004052067 0.4141354 0
vt 0.8903122 0.8335109 0
vt 0.6621557 0.4260046 0
vt 0.2738946 0.6902671 0
vt 0.6619479 0.3934299 0
vt 0.9166245 0.6362624 0
vt 0.004089215 0.4450894 0
vt 0.6623626 0.4584417 0
vt 0.6018668 0.4872494 0
vt 0.3944669 0.4770851 0
vt 0.6016539 0.4539107 0
vt 0.3942587 0.4437463 0
vt 0.3941174 0.4211479 0
vt 0.3940866 0.4162271 0
vt 0.3940874 0.4165048 0
vt 0.5923848 0.4166791 0
vt 0.6014784 0.4263915 0
vt 0.6015098 0.4313123 0
vt 0.5042659 0.572723 0
vt 0.3652517 0.5866682 0
vt 0.6313404 0.4167133 0
vt 0.4348501 0.5572752 0
vt 0.01644703 0.3637103 0
vt 0.2818535 0.6746605 0
vt 0.4425724 0.5553171 0
vt 0.2910339 0.6800167 0
vt 0.009564347 0.3674907 0
vt 0.5313892 0.559811 0
vt 0.3078553 0.6766061 0
vt 0.3457646 0.3637847 0
vt 0.2230427 0.6746605 0
vt 0.3388783 0.3677907 0
vt 0.2138623 0.6800167 0
vt 0.3154706 0.6746605 0
vt 0.8576429 0.6334054 0
vt 0.6943333 0.4918987 0
vt 0.3111792 0.6162844 0
vt 0.2230539 0.926625 0
vt 0.6866855 0.4938225 0
vt 0.2138623 0.9210575 0
vt 0.3180922 0.6126622 0
vt 0.475323 0.5625397 0
vt 0.5582147 0.542582 0
vt 0.6508282 0.6377498 0
vt 0.2818423 0.926625 0
vt 0.6577151 0.6339076 0
vt 0.2910339 0.9210575 0
vt 0.5506385 0.5444513 0
vt 0.3347654 0.3745586 0
vt 0.8934411 0.5721069 0
vt 0.322891 0.6765582 0
vt 0.6792427 0.4919211 0
vt 0.9236715 0.5550027 0
vt 0.3222542 0.6065053 0
vt 0.005449921 0.3739441 0
vt 0.4502473 0.5572708 0
vt 0.6618293 0.6274205 0
vt 0.8786706 0.6979389 0
vt 0.5434468 0.5425999 0
vt 0.8771239 0.09127812 0
vt 0.6734937 0.0897782 0
vt 0.6716261 0.08609316 0
vt 0.426552 0.7955732 0
vt 0.8790477 0.08657943 0
vt 0.8366243 0.5533364 0
vt 0.8831243 0.1622534 0
vt 0.8653672 0.5476762 0
vt 0.8837932 0.1593467 0
vt 0.6770031 0.1603795 0
vt 0.6616294 0.8172824 0
vt 0.6740919 0.1542411 0
vt 0.2631864 0.5687068 0
vt 0.06496083 0.5451065 0
vt 0.8754688 0.1257582 0
vt 0.6746197 0.12299 0
vt 0.6726383 0.12047 0
vt 0.8774895 0.1220003 0
vt 0.6733181 0.02072406 0
vt 0.8767038 0.01987106 0
vt 0.8811032 0.022296 0
vt 0.6691165 0.02291264 0
vt 0.6692328 0.05300463 0
vt 0.88129 0.05238006 0
vt 0.8784644 0.05697941 0
vt 0.6722205 0.05645406 0
vt 0.3879202 0.7999955 0
vt 0.3171828 0.8513198 0
vt 0.3172122 0.9024521 0
vt 0.317343 0.9560035 0
vt 0.7951307 0.7994423 0
vt 0.724387 0.8507685 0
vt 0.7244162 0.9018996 0
vt 0.7245449 0.9554503 0
vt 0.7390522 0.7741653 0
vt 0.7967258 0.7850053 0
vt 0.811992 0.7938736 0
vt 0.8278017 0.8005094 0
vt 0.9839229 0.2365154 0
vt 0.6801661 0.2365154 0
vt 0.9839799 0.18402 0
vt 0.6802236 0.1834739 0
vt 0.6801661 0.2806894 0
vt 0.9839229 0.2806894 0
vt 0.6801442 0.2276478 0
vt 0.9839014 0.2276478 0
vt 0.3535212 0.6560883 0
vt 0.3534899 0.6361858 0
vt 0.3534749 0.6265917 0
vt 0.6589133 0.00390625 0
vt 0.9960586 0.2685537 0
vt 0.9960586 0.2486511 0
vt 0.6680661 0.1955878 0
vt 0.6680304 0.2154903 0
vt 0.7120581 0.6481397 0
vt 0.3359683 0.3534753 0
vt 0.9960591 0.2154733 0
vt 0.9960938 0.1961775 0
vt 0.003906268 0.6271409 0
vt 0.9930762 0.1870703 0
vt 0.3624891 0.6481397 0
vt 0.9930246 0.2395494 0
vt 0.9930246 0.2776555 0
vt 0.3624891 0.6872305 0
vt 0.7120581 0.6872305 0
vt 0.6710479 0.2245975 0
vt 0.9930087 0.2246303 0
vt 0.00396597 0.6656824 0
vt 0.3535354 0.6656824 0
vt 0.6710643 0.2776555 0
vt 0.777517 0.2895943 0
vt 0.7861285 0.5159085 0
vt 0.6718981 0.4767896 0
vt 0.9097813 0.2926798 0
vt 0.005144557 0.7298623 0
vt 0.007966795 0.7390985 0
vt 0.0122562 0.7514455 0
vt 0.01870688 0.7647755 0
vt 0.0282304 0.7781196 0
vt 0.04094931 0.78983 0
vt 0.0560687 0.7986454 0
vt 0.07656349 0.8033642 0
vt 0.09093614 0.8032636 0
vt 0.1114151 0.7983033 0
vt 0.1263782 0.7893802 0
vt 0.139072 0.7774254 0
vt 0.147504 0.7666195 0
vt 0.1554284 0.753652 0
vt 0.1611643 0.7387129 0
vt 0.1637815 0.7293578 0
vt 0.1650682 0.7268497 0
vt 0.6857293 0.9232528 0
vt 0.868456 0.5875466 0
vt 0.8250185 0.6846058 0
vt 0.1354884 0.6887298 0
vt 0.8837955 0.3060072 0
vt 0.109928 0.6746605 0
vt 0.8513827 0.6925553 0
vt 0.8661532 0.5774904 0
vt 0.8971449 0.5818854 0
vt 0.847679 0.7023338 0
vt 0.8763678 0.707995 0
vt 0.08125852 0.9237841 0
vt 0.8382472 0.5801923 0
vt 0.8288934 0.6277453 0
vt 0.8100871 0.5802191 0
vt 0.1105663 0.812237 0
vt 0.859885 0.6233504 0
vt 0.9065766 0.7006407 0
vt 0.9248516 0.5735358 0
vt 0.003906299 0.9162764 0
vt 0.9057332 0.710852 0
vt 0.5336313 0.569866 0
vt 0.9353494 0.710852 0
vt 0.03321403 0.7989766 0
vt 0.5900875 0.5558564 0
vt 0.8390906 0.5904036 0
vt 0.7879481 0.2895569 0
vt 0.8062936 0.6100162 0
vt 0.9224537 0.2902781 0
vt 0.896557 0.2979361 0
vt 0.8720667 0.3146021 0
vt 0.8718242 0.3169093 0
vt 0.8711761 0.3188064 0
vt 0.8704409 0.3198307 0
vt 0.8689048 0.3213574 0
vt 0.8662766 0.3232435 0
vt 0.8650228 0.3237361 0
vt 0.8627383 0.3241013 0
vt 0.859355 0.3240605 0
vt 0.8570538 0.3235905 0
vt 0.8558307 0.3229879 0
vt 0.8532307 0.3210456 0
vt 0.8523263 0.3200541 0
vt 0.8512776 0.3181668 0
vt 0.8506423 0.3161993 0
vt 0.8503908 0.3137889 0
vt 0.8720609 0.3138626 0
vt 0.6386928 0.7048616 0
vt 0.6259467 0.7129696 0
vt 0.7895737 0.462969 0
vt 0.7880431 0.4818553 0
vt 0.7942585 0.4864841 0
vt 0.7990581 0.4907979 0
vt 0.8057527 0.4976184 0
vt 0.8134898 0.5050771 0
vt 0.8266875 0.5134369 0
vt 0.8401446 0.5174785 0
vt 0.8592616 0.5148995 0
vt 0.8749145 0.5013724 0
vt 0.8805692 0.4890395 0
vt 0.8838692 0.4750593 0
vt 0.8847473 0.4631678 0
vt 0.8848544 0.4523738 0
vt 0.8842064 0.4409289 0
vt 0.8839588 0.4339776 0
vt 0.8841002 0.4254495 0
vt 0.7868213 0.4813561 0
vt 0.6144221 0.7222463 0
vt 0.6141783 0.7232038 0
vt 0.6133326 0.7257528 0
vt 0.6126002 0.7267533 0
vt 0.6110783 0.7282584 0
vt 0.609189 0.7294837 0
vt 0.6061623 0.730807 0
vt 0.6048432 0.7310196 0
vt 0.6015647 0.7309723 0
vt 0.6002594 0.7306367 0
vt 0.5972449 0.729225 0
vt 0.5953576 0.7278939 0
vt 0.5944419 0.7269038 0
vt 0.5934001 0.7250327 0
vt 0.5925378 0.722369 0
vt 0.5923155 0.7213485 0
vt 0.6142406 0.7209751 0
vt 0.7868213 0.4396769 0
vt 0.7932761 0.4164715 0
vt 0.8408843 0.5399091 0
vt 0.8681686 0.5345258 0
vt 0.8632564 0.8205976 0
vt 0.8359155 0.8152151 0
vt 0.8322041 0.8249938 0
vt 0.8609509 0.8306539 0
vt 0.8659199 0.5244706 0
vt 0.837173 0.5301304 0
vt 0.7150183 0.8116845 0
vt 0.8096212 0.8072643 0
vt 0.5395533 0.4393515 0
vt 0.8911574 0.8232996 0
vt 0.8961263 0.5318249 0
vt 0.8881785 0.6752939 0
vt 0.8094744 0.5384799 0
vt 0.7707983 0.6459903 0
vt 0.8952812 0.5216136 0
vt 0.9199275 0.8335109 0
vt 0.4270575 0.8327234 0
vt 0.5135213 0.4254758 0
vt 0.4265809 0.8446232 0
vt 0.4293287 0.8200378 0
vt 0.4344367 0.8067504 0
vt 0.4424861 0.794066 0
vt 0.4524977 0.759893 0
vt 0.4534647 0.76011 0
vt 0.4560873 0.7609526 0
vt 0.4571144 0.7616395 0
vt 0.4586693 0.7631318 0
vt 0.4599489 0.764976 0
vt 0.4608386 0.7670715 0
vt 0.461275 0.7693095 0
vt 0.4612282 0.7716365 0
vt 0.4606876 0.7738949 0
vt 0.4593422 0.7769127 0
vt 0.4585569 0.7780315 0
vt 0.4561795 0.7801233 0
vt 0.4543386 0.7812788 0
vt 0.4525689 0.7819411 0
vt 0.4510144 0.782183 0
vt 0.4500498 0.7821232 0
vt 0.4055727 0.4793217 0
vt 0.4089577 0.4890531 0
vt 0.4142394 0.5015726 0
vt 0.4195459 0.5120326 0
vt 0.4288879 0.5260195 0
vt 0.4414452 0.5381007 0
vt 0.4565055 0.5473093 0
vt 0.4733888 0.5529563 0
vt 0.4955154 0.5532849 0
vt 0.512179 0.5483525 0
vt 0.5275133 0.5398579 0
vt 0.5405277 0.528304 0
vt 0.5488492 0.5185116 0
vt 0.5575226 0.5055179 0
vt 0.5633366 0.4932363 0
vt 0.5671924 0.4836617 0
vt 0.5696394 0.4788618 0
vt 0.554512 0.4650452 0
vt 0.5586771 0.5544275 0
vt 0.5034225 0.5625118 0
vt 0.8338095 0.8359951 0
vt 0.1354051 0.9036278 0
vt 0.1647128 0.7862687 0
vt 0.8870083 0.6362624 0
vt 0.530029 0.6962086 0
vt 0.6645762 0.6969345 0
vt 0.6518946 0.6997301 0
vt 0.8005479 0.5411408 0
vt 0.6559694 0.8460291 0
vt 0.4019904 0.7921687 0
vt 0.3765033 0.7787802 0
vt 0.3427098 0.770137 0
vt 0.3429209 0.7691347 0
vt 0.3436145 0.7673042 0
vt 0.3451071 0.7646568 0
vt 0.346565 0.7629338 0
vt 0.3476427 0.7621575 0
vt 0.3505579 0.7608117 0
vt 0.3518725 0.760497 0
vt 0.3541813 0.7605413 0
vt 0.3573691 0.7612222 0
vt 0.3595 0.7620872 0
vt 0.3606045 0.7628544 0
vt 0.3626867 0.7652194 0
vt 0.3638108 0.7670006 0
vt 0.3644498 0.7687295 0
vt 0.3646716 0.7702354 0
vt 0.3645963 0.7711711 0
#end 1712 textures vertices 

#begin 837 normals 
vn -0.7237 -0.36 0.5887
vn -0.8343 -0.5301 -0.1512
vn 0.3668 -0.7372 -0.5675
vn 0.666 -0.1706 0.7262
vn 0.159 0.8081 0.5672
vn 0.5483 0.3744 -0.7478
vn -0.7928 0.1562 -0.5892
vn -0.9208 0.3214 0.2211
vn 0.7141 0.0611 0.6973
vn 0.706 0.124 0.6973
vn -0.6866 -0.1202 0.7171
vn -0.6944 -0.0599 0.7171
vn -0.6944 -0.0599 -0.7171
vn -0.6866 -0.1202 -0.7171
vn 0.706 0.124 -0.6973
vn 0.7141 0.0611 -0.6973
vn 0.673 0.2471 0.6972
vn 0.6213 0.3983 0.6748
vn -0.3001 -0.0817 0.9504
vn -0.6548 -0.2383 0.7172
vn 0.6923 0.1861 0.6972
vn -0.6734 -0.1798 0.7171
vn -0.6943 0.0615 0.7171
vn -0.6381 0.0949 0.7641
vn 0.9087 -0.2455 0.3376
vn 0.7138 -0.0653 0.6973
vn -0.697 0.0008 0.717
vn 0.7167 -0.0021 0.6973
vn -0.6548 -0.2383 -0.7172
vn -0.5911 -0.2567 -0.7647
vn 0.8114 0.4765 -0.3385
vn 0.673 0.2471 -0.6972
vn -0.6734 -0.1798 -0.7171
vn 0.6923 0.1861 -0.6972
vn 0.7138 -0.0653 -0.6973
vn 0.7049 -0.2196 -0.6744
vn -0.311 0.0026 -0.9504
vn -0.6943 0.0615 -0.7171
vn 0.7167 -0.0021 -0.6973
vn -0.697 0.0008 -0.717
vn -0.9929 0.1184 0.0122
vn -0.9922 0.1241 -0.0064
vn 0.9849 0.1729 0
vn 0.9964 0.0852 0
vn 0.9964 0.0852 -0
vn -0.985 -0.1724 0
vn -0.9963 -0.0859 -0
vn -0.9963 -0.0859 0
vn -0.985 -0.1724 -0
vn 0.9276 0.3733 -0.0124
vn 0.9657 0.2596 0
vn 0.9657 0.2596 -0
vn 0.9255 0.3788 0.0066
vn 0.9926 -0.1205 0.0121
vn 1 -0.003 0
vn 0.992 -0.1263 -0.0064
vn -0.9284 -0.3714 -0.0125
vn -0.9661 -0.258 -0
vn -0.9661 -0.258 0
vn -0.9262 -0.3769 0.0066
vn -1 0.0012 0
vn -1 0.0012 -0
vn 0.2946 0.4025 0.8667
vn 0.8101 0.5402 -0.2279
vn 0.9225 0.386 -0
vn 0.9222 -0.03 -0.3855
vn 0.9222 -0.03 0.3855
vn 0.2888 -0.2319 -0.9289
vn 0.9263 -0.111 0.3602
vn 0.9849 0.1729 -0
vn 0.5055 0.6299 -0.5897
vn 0.8441 0.4753 -0.2482
vn 0.9226 -0.19 -0.3357
vn 0.9226 -0.19 0.3357
vn 0.8728 0.4071 0.2692
vn 0.8728 0.4071 -0.2692
vn 1 -0.003 -0
vn 0.8959 0.3358 0.291
vn 0.8959 0.3358 -0.291
vn 0.9118 -0.2666 -0.3122
vn 0.9118 -0.2666 0.3122
vn 0.8945 -0.3407 -0.2895
vn 0.8945 -0.3407 0.2895
vn 0.991 -0.1339 -0
vn 0.9128 0.2616 0.3137
vn 0.9128 0.2616 -0.3137
vn -0.0135 -0.8519 0.5236
vn -0.8422 0.114 0.527
vn -0.8863 -0.3982 -0.2363
vn 0.3394 -0.9068 -0.2501
vn -0.8078 -0.272 -0.5229
vn 0.4155 -0.7373 -0.5327
vn -0.7421 -0.1282 -0.6579
vn -0.1713 -0.7738 -0.6099
vn 0.3461 -0.9043 0.2498
vn -0.8893 -0.3918 0.2359
vn 0.4201 -0.7373 0.5291
vn -0.811 -0.2688 0.5196
vn -0.1653 0.8379 -0.5202
vn -0.817 -0.2341 -0.5269
vn -0.9625 0.1475 0.2277
vn 0.0844 0.9669 0.241
vn -0.8569 0.0535 0.5127
vn 0.1973 0.8294 0.5227
vn -0.7843 -0.0495 0.6184
vn -0.2834 0.757 0.5888
vn 0.0917 0.9663 -0.2407
vn -0.9637 0.1402 -0.2273
vn 0.2018 0.8305 -0.5192
vn -0.8591 0.0495 -0.5094
vn -0.6929 -0.0344 0.7202
vn 0.5994 -0.4456 0.665
vn 0.4148 0.6036 0.6809
vn -0.6708 -0.1061 0.734
vn 0.5651 -0.4633 -0.6826
vn -0.6733 -0.0671 -0.7364
vn -0.6813 -0.1438 -0.7177
vn 0.4535 0.5954 -0.6632
vn -0.8728 -0.4071 0.2692
vn -0.8728 -0.4071 -0.2692
vn -0.9226 0.1899 -0.3357
vn -0.9226 0.1899 0.3357
vn -0.7291 -0.6575 0.19
vn -0.6332 -0.2634 0.7278
vn -0.9224 0.0321 -0.3849
vn -0.6332 -0.2634 -0.7278
vn -0.7291 -0.6575 -0.19
vn -0.9224 0.0321 0.3849
vn -0.8445 -0.4745 0.2484
vn -0.8445 -0.4745 -0.2484
vn -0.9263 0.1119 -0.3599
vn -0.9263 0.1119 0.3599
vn -0.895 0.3387 -0.2901
vn -0.895 0.3387 0.2901
vn -0.9124 -0.2636 0.3131
vn -0.9124 -0.2636 -0.3131
vn -0.912 0.2656 -0.3125
vn -0.912 0.2656 0.3125
vn -0.8956 -0.3368 0.2907
vn -0.8956 -0.3368 -0.2907
vn 0.987 -0.1606 -0
vn 0.9391 -0.1528 -0.3079
vn 0.9429 -0.1258 -0.3085
vn 0.9912 -0.1323 -0
vn 0.7914 -0.1287 -0.5976
vn 0.7939 -0.1059 -0.5987
vn 0.5392 -0.0877 -0.8376
vn 0.5397 -0.072 -0.8388
vn 0.1967 -0.032 -0.9799
vn 0.1949 -0.0259 -0.9805
vn -0.1848 0.0301 -0.9823
vn -0.1882 0.0251 -0.9818
vn -0.531 0.0864 -0.843
vn -0.535 0.0714 -0.8418
vn -0.7875 0.1281 -0.6028
vn -0.7917 0.1056 -0.6017
vn -0.9381 0.1526 -0.3109
vn -0.9423 0.1256 -0.3103
vn -0.987 0.1606 -0
vn -0.9912 0.1322 0
vn -0.9381 0.1526 0.3109
vn -0.9423 0.1256 0.3103
vn -0.7875 0.1281 0.6028
vn -0.7917 0.1056 0.6017
vn -0.531 0.0864 0.843
vn -0.5351 0.0714 0.8418
vn -0.1848 0.0301 0.9823
vn -0.1882 0.0251 0.9818
vn 0.1967 -0.032 0.9799
vn 0.1949 -0.0259 0.9805
vn 0.5392 -0.0877 0.8376
vn 0.5397 -0.072 0.8388
vn 0.7914 -0.1287 0.5976
vn 0.7939 -0.1059 0.5987
vn 0.9391 -0.1528 0.3079
vn 0.9429 -0.1258 0.3085
vn 0.9486 -0.071 -0.3083
vn 0.9972 -0.0746 -0
vn 0.7989 -0.0598 -0.5984
vn 0.5433 -0.0406 -0.8386
vn 0.1963 -0.0147 -0.9804
vn -0.1894 0.0142 -0.9818
vn -0.5385 0.0403 -0.8417
vn -0.7967 0.0596 -0.6015
vn -0.9481 0.0709 -0.3101
vn -0.9972 0.0746 -0
vn -0.9481 0.0709 0.3101
vn -0.7967 0.0596 0.6015
vn -0.5385 0.0403 0.8417
vn -0.1894 0.0142 0.9818
vn 0.1963 -0.0147 0.9804
vn 0.5433 -0.0406 0.8386
vn 0.7989 -0.0598 0.5984
vn 0.9486 -0.071 0.3083
vn 0.9503 -0.0432 -0.3082
vn 0.999 -0.0454 0
vn 0.8005 -0.0364 -0.5982
vn 0.5444 -0.0247 -0.8385
vn 0.1966 -0.0089 -0.9804
vn -0.19 0.0086 -0.9817
vn -0.5398 0.0245 -0.8414
vn -0.7983 0.0363 -0.6011
vn -0.9498 0.0432 -0.3098
vn -0.999 0.0454 -0
vn -0.9498 0.0432 0.3098
vn -0.7983 0.0363 0.6011
vn -0.5398 0.0245 0.8414
vn -0.19 0.0086 0.9817
vn 0.1966 -0.0089 0.9804
vn 0.5444 -0.0247 0.8385
vn 0.8005 -0.0364 0.5982
vn 0.9503 -0.0432 0.3082
vn -0.5351 0.0714 -0.8418
vn -0.9912 0.1322 -0
vn 0.9429 -0.1258 0.3086
vn 0.7989 -0.0598 -0.5985
vn 0.8005 -0.0364 -0.5983
vn -0.19 0.0086 0.9818
vn -0.5274 -0.8496 0
vn -0.6776 -0.7354 -0
vn -0.6382 -0.7367 -0.2236
vn -0.4972 -0.8506 -0.171
vn -0.5247 -0.7403 -0.4203
vn -0.4104 -0.8534 -0.3214
vn -0.3509 -0.7458 -0.5662
vn -0.2775 -0.8576 -0.433
vn -0.1376 -0.7526 -0.6439
vn -0.1144 -0.8628 -0.4924
vn 0.0893 -0.7599 -0.6439
vn 0.0592 -0.8684 -0.4924
vn 0.3026 -0.7667 -0.5662
vn 0.2223 -0.8736 -0.433
vn 0.4765 -0.7722 -0.4203
vn 0.3552 -0.8778 -0.3214
vn 0.5899 -0.7759 -0.2236
vn 0.442 -0.8806 -0.171
vn 0.6294 -0.7771 0
vn 0.4721 -0.8815 0
vn 0.5899 -0.7759 0.2236
vn 0.442 -0.8806 0.171
vn 0.4765 -0.7722 0.4203
vn 0.3552 -0.8778 0.3214
vn 0.3026 -0.7667 0.5662
vn 0.2223 -0.8736 0.433
vn 0.0893 -0.7599 0.6439
vn 0.0592 -0.8684 0.4924
vn -0.1376 -0.7527 0.6439
vn -0.1144 -0.8628 0.4924
vn -0.3509 -0.7458 0.5662
vn -0.2775 -0.8576 0.433
vn -0.5247 -0.7403 0.4203
vn -0.4104 -0.8534 0.3214
vn -0.6382 -0.7367 0.2236
vn -0.4972 -0.8506 0.171
vn -0.8859 -0.4638 0
vn -0.8334 -0.4655 -0.2978
vn -0.6823 -0.4703 -0.5597
vn -0.4508 -0.4777 -0.754
vn -0.1668 -0.4868 -0.8574
vn 0.1354 -0.4964 -0.8575
vn 0.4194 -0.5055 -0.754
vn 0.651 -0.5129 -0.5597
vn 0.8021 -0.5177 -0.2978
vn 0.8546 -0.5194 -0
vn 0.8021 -0.5177 0.2978
vn 0.651 -0.5129 0.5597
vn 0.4194 -0.5055 0.754
vn 0.1354 -0.4964 0.8574
vn -0.1668 -0.4868 0.8575
vn -0.4508 -0.4777 0.754
vn -0.6823 -0.4703 0.5597
vn -0.8334 -0.4655 0.2978
vn -0.9501 -0.3119 -0
vn -0.8935 -0.3137 -0.3214
vn -0.7304 -0.3189 -0.604
vn -0.4805 -0.3269 -0.8138
vn -0.174 -0.3366 -0.9254
vn 0.1522 -0.347 -0.9254
vn 0.4587 -0.3568 -0.8138
vn 0.7086 -0.3648 -0.604
vn 0.8717 -0.37 -0.3214
vn 0.9283 -0.3718 -0
vn 0.8717 -0.37 0.3214
vn 0.7086 -0.3648 0.604
vn 0.4587 -0.3568 0.8138
vn 0.1522 -0.347 0.9254
vn -0.174 -0.3366 0.9254
vn -0.4805 -0.3269 0.8138
vn -0.7304 -0.3189 0.604
vn -0.8935 -0.3137 0.3214
vn -0.1185 -0.7303 0.6728
vn -0.1185 -0.7303 -0.6728
vn 0.1185 -0.7303 -0.6728
vn 0.1185 -0.7303 0.6728
vn -0.1186 0.7308 0.6722
vn 0.1185 0.7303 0.6727
vn 0.1173 0.7305 -0.6728
vn -0.1197 0.7296 -0.6734
vn -0.7303 -0.1185 0.6728
vn -0.5554 -0.5554 0.6189
vn -0.7304 0.1186 0.6727
vn 0.7303 -0.1185 0.6728
vn 0.7303 -0.1185 -0.6728
vn 0.7303 0.1186 -0.6727
vn 0.7303 0.1185 0.6728
vn 0.5554 -0.5554 -0.6189
vn -0.7303 -0.1185 -0.6728
vn -0.7302 0.1183 -0.6729
vn -0.5554 -0.5554 -0.6189
vn 0.5554 -0.5554 0.6189
vn 0.5554 0.5554 0.6189
vn 0.555 0.5559 -0.6188
vn -0.5558 0.5544 -0.6195
vn -0.5554 0.5558 0.6185
vn -0.0005 0 1
vn -0.3424 0.0068 0.9395
vn -0.3415 0.0068 0.9399
vn 0.0005 -0 1
vn -0.643 0.0128 0.7658
vn -0.6424 0.0128 0.7663
vn -0.866 0.0173 0.4998
vn -0.8657 0.0173 0.5002
vn -0.9846 0.0196 0.1736
vn -0.9846 0.0196 0.1737
vn -0.9846 0.0196 -0.1736
vn -0.9846 0.0196 -0.1737
vn -0.866 0.0173 -0.4998
vn -0.8657 0.0173 -0.5002
vn -0.643 0.0128 -0.7658
vn -0.6424 0.0128 -0.7663
vn -0.3424 0.0068 -0.9395
vn -0.3415 0.0068 -0.9399
vn -0.0005 0 -1
vn 0.0005 -0 -1
vn 0.3415 -0.0068 -0.9399
vn 0.3424 -0.0068 -0.9395
vn 0.6424 -0.0128 -0.7663
vn 0.643 -0.0128 -0.7658
vn 0.8657 -0.0173 -0.5002
vn 0.866 -0.0173 -0.4998
vn 0.9846 -0.0196 -0.1737
vn 0.9846 -0.0196 -0.1736
vn 0.9846 -0.0196 0.1737
vn 0.9846 -0.0196 0.1736
vn 0.8657 -0.0173 0.5002
vn 0.866 -0.0173 0.4998
vn 0.6424 -0.0128 0.7663
vn 0.643 -0.0128 0.7658
vn 0.3415 -0.0068 0.9399
vn 0.3424 -0.0068 0.9395
vn 0 1 0
vn 0 0.9525 -0.3046
vn -0.1042 0.9525 -0.2863
vn -0.1958 0.9525 -0.2334
vn -0.2638 0.9525 -0.1523
vn -0.3 0.9525 -0.0529
vn -0.3 0.9525 0.0529
vn -0.2638 0.9525 0.1523
vn -0.1958 0.9525 0.2334
vn -0.1042 0.9525 0.2863
vn -0 0.9525 0.3046
vn 0.1042 0.9525 0.2863
vn 0.1958 0.9525 0.2334
vn 0.2638 0.9525 0.1523
vn 0.3 0.9525 0.0529
vn 0.3 0.9525 -0.0529
vn 0.2638 0.9525 -0.1523
vn 0.1958 0.9525 -0.2334
vn 0.1042 0.9525 -0.2863
vn -0.1997 0.8118 -0.5487
vn -0 0.8118 -0.5839
vn -0.3754 0.8118 -0.4473
vn -0.5057 0.8118 -0.292
vn -0.5751 0.8118 -0.1014
vn -0.5751 0.8118 0.1014
vn -0.5057 0.8118 0.292
vn -0.3754 0.8118 0.4473
vn -0.1997 0.8118 0.5487
vn -0 0.8118 0.5839
vn 0.1997 0.8118 0.5487
vn 0.3754 0.8118 0.4473
vn 0.5057 0.8118 0.292
vn 0.5751 0.8118 0.1014
vn 0.5751 0.8118 -0.1014
vn 0.5057 0.8118 -0.292
vn 0.3754 0.8118 -0.4473
vn 0.1997 0.8118 -0.5487
vn -0.2823 0.5647 -0.7756
vn -0 0.5647 -0.8253
vn -0.5305 0.5647 -0.6322
vn -0.7148 0.5647 -0.4127
vn -0.8128 0.5647 -0.1433
vn -0.8128 0.5647 0.1433
vn -0.7148 0.5647 0.4127
vn -0.5305 0.5647 0.6322
vn -0.2823 0.5647 0.7756
vn -0 0.5647 0.8253
vn 0.2823 0.5647 0.7756
vn 0.5305 0.5647 0.6322
vn 0.7148 0.5647 0.4127
vn 0.8128 0.5647 0.1433
vn 0.8128 0.5647 -0.1433
vn 0.7148 0.5647 -0.4127
vn 0.5305 0.5647 -0.6322
vn 0.2823 0.5647 -0.7756
vn -0.3155 -0.3862 -0.8668
vn -0 -0.3862 -0.9224
vn -0.5929 -0.3862 -0.7066
vn -0.7989 -0.3862 -0.4612
vn -0.9084 -0.3862 -0.1602
vn -0.9084 -0.3862 0.1602
vn -0.7989 -0.3862 0.4612
vn -0.5929 -0.3862 0.7066
vn -0.3155 -0.3862 0.8668
vn -0 -0.3862 0.9224
vn 0.3155 -0.3862 0.8668
vn 0.5929 -0.3862 0.7066
vn 0.7989 -0.3862 0.4612
vn 0.9084 -0.3862 0.1602
vn 0.9084 -0.3862 -0.1602
vn 0.7989 -0.3862 -0.4612
vn 0.5929 -0.3862 -0.7066
vn 0.3155 -0.3861 -0.8668
vn -0 -0.9585 -0.2853
vn -0.0976 -0.9585 -0.2681
vn -0.1834 -0.9585 -0.2185
vn -0.247 -0.9585 -0.1426
vn -0.2809 -0.9585 -0.0495
vn -0.2809 -0.9585 0.0495
vn -0.247 -0.9585 0.1426
vn -0.1834 -0.9585 0.2185
vn -0.0976 -0.9585 0.2681
vn -0 -0.9585 0.2853
vn 0.0976 -0.9585 0.2681
vn 0.1834 -0.9585 0.2185
vn 0.247 -0.9585 0.1426
vn 0.2809 -0.9585 0.0495
vn 0.2809 -0.9585 -0.0495
vn 0.247 -0.9585 -0.1426
vn 0.1834 -0.9585 -0.2185
vn 0.0976 -0.9585 -0.2681
vn -0.7182 -0.6865 0.1135
vn -0.7184 -0.6719 0.1802
vn 0.7184 -0.6719 0.1802
vn 0.7182 -0.6865 0.1135
vn 0.6963 0.7081 -0.1171
vn 0.6961 0.6934 -0.186
vn -0.6961 0.6934 -0.186
vn -0.6963 0.7081 -0.1171
vn -0.7488 -0.6309 0.2032
vn 0.7488 -0.6309 0.2032
vn 0.7181 -0.6944 0.0467
vn 0.7207 -0.6931 0.0133
vn -0.7207 -0.6931 0.0133
vn -0.7181 -0.6944 0.0467
vn 0.6565 0.718 -0.2312
vn -0.6565 0.718 -0.2312
vn -0.6964 0.716 -0.0482
vn -0.6927 0.7211 -0.0138
vn 0.6927 0.7211 -0.0138
vn 0.6964 0.716 -0.0482
vn -0 0 -1
vn -0 -0.2033 -0.9791
vn -0.3349 -0.2033 -0.9201
vn -0.342 0 -0.9397
vn -0.6294 -0.2033 -0.75
vn -0.6428 0 -0.766
vn -0.8479 -0.2033 -0.4896
vn -0.866 -0 -0.5
vn -0.9642 -0.2033 -0.17
vn -0.9848 -0 -0.1736
vn -0.9642 -0.2033 0.17
vn -0.9848 -0 0.1736
vn -0.8479 -0.2033 0.4896
vn -0.866 -0 0.5
vn -0.6294 -0.2033 0.75
vn -0.6428 -0 0.766
vn -0.3349 -0.2033 0.9201
vn -0.342 -0 0.9397
vn -0 -0.2033 0.9791
vn 0 0 1
vn 0.3349 -0.2033 0.9201
vn 0.342 -0 0.9397
vn 0.6294 -0.2033 0.75
vn 0.6428 0 0.766
vn 0.8479 -0.2033 0.4896
vn 0.866 0 0.5
vn 0.9642 -0.2033 0.17
vn 0.9848 0 0.1736
vn 0.9642 -0.2033 -0.17
vn 0.9848 -0 -0.1737
vn 0.8479 -0.2033 -0.4895
vn 0.866 0 -0.5
vn 0.6294 -0.2033 -0.75
vn 0.6428 0 -0.7661
vn 0.3349 -0.2033 -0.9201
vn 0.342 0 -0.9397
vn 0 -0.5621 -0.8271
vn -0.2829 -0.5621 -0.7772
vn -0.5316 -0.5621 -0.6336
vn -0.7163 -0.5621 -0.4135
vn -0.8145 -0.5621 -0.1436
vn -0.8145 -0.5621 0.1436
vn -0.7163 -0.5621 0.4135
vn -0.5316 -0.5621 0.6336
vn -0.2829 -0.5621 0.7772
vn -0 -0.5621 0.8271
vn 0.2829 -0.5621 0.7772
vn 0.5316 -0.5621 0.6336
vn 0.7163 -0.5621 0.4135
vn 0.8145 -0.5621 0.1436
vn 0.8145 -0.5621 -0.1436
vn 0.7163 -0.5621 -0.4135
vn 0.5316 -0.5621 -0.6336
vn 0.2829 -0.5621 -0.7772
vn -0 -0.813 -0.5823
vn -0.1992 -0.813 -0.5472
vn -0.3743 -0.813 -0.4461
vn -0.5043 -0.813 -0.2912
vn -0.5735 -0.813 -0.1011
vn -0.5735 -0.813 0.1011
vn -0.5043 -0.813 0.2912
vn -0.3743 -0.813 0.4461
vn -0.1992 -0.813 0.5472
vn -0 -0.813 0.5823
vn 0.1992 -0.813 0.5472
vn 0.3743 -0.813 0.4461
vn 0.5043 -0.813 0.2912
vn 0.5735 -0.813 0.1011
vn 0.5735 -0.813 -0.1011
vn 0.5043 -0.813 -0.2912
vn 0.3743 -0.813 -0.4461
vn 0.1992 -0.813 -0.5472
vn 0 -0.953 -0.303
vn -0.1036 -0.953 -0.2847
vn -0.1947 -0.953 -0.2321
vn -0.2624 -0.953 -0.1515
vn -0.2984 -0.953 -0.0526
vn -0.2984 -0.953 0.0526
vn -0.2624 -0.953 0.1515
vn -0.1947 -0.953 0.2321
vn -0.1036 -0.953 0.2847
vn -0 -0.953 0.303
vn 0.1036 -0.953 0.2847
vn 0.1947 -0.953 0.2321
vn 0.2624 -0.953 0.1515
vn 0.2984 -0.953 0.0526
vn 0.2984 -0.953 -0.0526
vn 0.2624 -0.953 -0.1515
vn 0.1947 -0.953 -0.2321
vn 0.1036 -0.953 -0.2847
vn -0 -1 -0
vn -0 1 -0
vn 0.2923 0.9525 0.086
vn 0.304 0.9525 -0.0191
vn 0.2452 0.9525 0.1808
vn 0.1686 0.9525 0.2537
vn 0.0717 0.9525 0.2961
vn -0.0339 0.9525 0.3027
vn -0.1354 0.9525 0.2729
vn -0.2206 0.9525 0.2101
vn -0.2792 0.9525 0.122
vn -0.304 0.9525 0.0191
vn -0.2923 0.9525 -0.086
vn -0.2452 0.9525 -0.1808
vn -0.1686 0.9525 -0.2537
vn -0.0717 0.9525 -0.2961
vn 0.0339 0.9525 -0.3027
vn 0.1354 0.9525 -0.2729
vn 0.2206 0.9525 -0.2101
vn 0.2792 0.9525 -0.122
vn 0.5602 0.8118 0.1648
vn 0.5828 0.8118 -0.0367
vn 0.47 0.8118 0.3465
vn 0.3232 0.8118 0.4864
vn 0.1373 0.8118 0.5676
vn -0.0651 0.8118 0.5803
vn -0.2596 0.8118 0.5231
vn -0.4228 0.8118 0.4027
vn -0.5351 0.8118 0.2338
vn -0.5828 0.8118 0.0367
vn -0.5602 0.8118 -0.1648
vn -0.47 0.8118 -0.3465
vn -0.3232 0.8118 -0.4864
vn -0.1374 0.8118 -0.5676
vn 0.0651 0.8118 -0.5803
vn 0.2596 0.8118 -0.5231
vn 0.4228 0.8118 -0.4027
vn 0.5351 0.8118 -0.2338
vn 0.7918 0.5647 0.233
vn 0.8237 0.5647 -0.0519
vn 0.6643 0.5647 0.4897
vn 0.4568 0.5647 0.6874
vn 0.1941 0.5647 0.8022
vn -0.0919 0.5647 0.8202
vn -0.3669 0.5647 0.7393
vn -0.5976 0.5647 0.5692
vn -0.7563 0.5647 0.3305
vn -0.8237 0.5647 0.0519
vn -0.7918 0.5647 -0.233
vn -0.6643 0.5647 -0.4897
vn -0.4568 0.5647 -0.6874
vn -0.1941 0.5647 -0.8022
vn 0.0919 0.5647 -0.8202
vn 0.3669 0.5647 -0.7393
vn 0.5976 0.5647 -0.5692
vn 0.7563 0.5647 -0.3305
vn 0.8849 -0.3862 0.2604
vn 0.9206 -0.3862 -0.058
vn 0.7425 -0.3861 0.5473
vn 0.5105 -0.3862 0.7683
vn 0.217 -0.3862 0.8966
vn -0.1028 -0.3862 0.9167
vn -0.4101 -0.3862 0.8263
vn -0.668 -0.3862 0.6362
vn -0.8453 -0.3862 0.3694
vn -0.9206 -0.3862 0.058
vn -0.8849 -0.3862 -0.2604
vn -0.7425 -0.3862 -0.5473
vn -0.5105 -0.3862 -0.7683
vn -0.217 -0.3862 -0.8966
vn 0.1028 -0.3862 -0.9167
vn 0.4101 -0.3862 -0.8263
vn 0.668 -0.3861 -0.6362
vn 0.8453 -0.3862 -0.3694
vn 0.2737 -0.9585 0.0805
vn 0.2847 -0.9585 -0.0179
vn 0.2296 -0.9585 0.1693
vn 0.1579 -0.9585 0.2376
vn 0.0671 -0.9585 0.2773
vn -0.0318 -0.9585 0.2835
vn -0.1268 -0.9585 0.2555
vn -0.2066 -0.9585 0.1967
vn -0.2614 -0.9585 0.1142
vn -0.2847 -0.9585 0.0179
vn -0.2737 -0.9585 -0.0805
vn -0.2296 -0.9585 -0.1693
vn -0.1579 -0.9585 -0.2376
vn -0.0671 -0.9585 -0.2773
vn 0.0318 -0.9585 -0.2835
vn 0.1268 -0.9585 -0.2555
vn 0.2066 -0.9585 -0.1967
vn 0.2614 -0.9585 -0.1142
vn -0.0681 -0.6865 0.7239
vn -0.1584 -0.6865 -0.7097
vn -0.225 -0.6719 -0.7057
vn -0.1346 -0.6718 0.7284
vn 0.0731 0.7081 -0.7023
vn 0.1606 0.7081 0.6876
vn 0.2293 0.6934 0.6831
vn 0.1418 0.6934 -0.7064
vn -0.2498 -0.6309 -0.7346
vn -0.1557 -0.6309 0.7601
vn -0.0918 -0.6944 -0.7137
vn -0.0015 -0.6944 0.7196
vn 0.0321 -0.6931 0.7201
vn -0.0585 -0.6931 -0.7184
vn 0.2721 0.7181 0.6405
vn 0.1895 0.718 -0.6698
vn 0.0919 0.716 0.692
vn 0.0043 0.7159 -0.6981
vn -0.0298 0.7211 -0.6922
vn 0.0573 0.7211 0.6904
vn 0.998 0 -0.0629
vn 0.9593 0 0.2823
vn 0.9393 -0.2033 0.2764
vn 0.9772 -0.2033 -0.0615
vn 0.8049 0 0.5934
vn 0.7881 -0.2033 0.581
vn 0.5534 0 0.8329
vn 0.5419 -0.2033 0.8155
vn 0.2352 0 0.9719
vn 0.2303 -0.2033 0.9516
vn -0.1114 0 0.9938
vn -0.1091 -0.2033 0.973
vn -0.4446 0 0.8957
vn -0.4353 -0.2033 0.877
vn -0.7241 0 0.6897
vn -0.709 -0.2033 0.6753
vn -0.9163 0 0.4004
vn -0.8972 -0.2033 0.392
vn -0.998 0 0.0629
vn -0.9772 -0.2033 0.0615
vn -0.9593 0 -0.2823
vn -0.9393 -0.2033 -0.2764
vn -0.8049 0 -0.5934
vn -0.7881 -0.2033 -0.581
vn -0.5534 -0 -0.8329
vn -0.5419 -0.2033 -0.8155
vn -0.2352 0 -0.9719
vn -0.2303 -0.2033 -0.9516
vn 0.1114 0 -0.9938
vn 0.1091 -0.2033 -0.973
vn 0.4446 0 -0.8957
vn 0.4353 -0.2033 -0.877
vn 0.7241 0 -0.6897
vn 0.709 -0.2033 -0.6753
vn 0.9163 0 -0.4004
vn 0.8972 -0.2033 -0.392
vn 0.7934 -0.5621 0.2335
vn 0.8254 -0.5621 -0.052
vn 0.6657 -0.5621 0.4908
vn 0.4577 -0.5621 0.6889
vn 0.1945 -0.5621 0.8039
vn -0.0921 -0.5621 0.8219
vn -0.3677 -0.5621 0.7409
vn -0.5989 -0.5621 0.5704
vn -0.7579 -0.5621 0.3312
vn -0.8254 -0.5621 0.052
vn -0.7934 -0.5621 -0.2335
vn -0.6657 -0.5621 -0.4908
vn -0.4577 -0.5621 -0.6889
vn -0.1945 -0.5621 -0.8039
vn 0.0921 -0.5621 -0.8219
vn 0.3677 -0.5621 -0.7409
vn 0.5989 -0.5621 -0.5704
vn 0.7579 -0.5621 -0.3312
vn 0.5586 -0.813 0.1644
vn 0.5812 -0.813 -0.0366
vn 0.4687 -0.813 0.3455
vn 0.3223 -0.813 0.485
vn 0.137 -0.813 0.566
vn -0.0649 -0.813 0.5787
vn -0.2589 -0.813 0.5216
vn -0.4217 -0.813 0.4016
vn -0.5336 -0.813 0.2332
vn -0.5812 -0.813 0.0366
vn -0.5586 -0.813 -0.1644
vn -0.4687 -0.813 -0.3455
vn -0.3223 -0.813 -0.485
vn -0.137 -0.813 -0.566
vn 0.0649 -0.813 -0.5787
vn 0.2589 -0.813 -0.5216
vn 0.4217 -0.813 -0.4016
vn 0.5336 -0.813 -0.2332
vn 0.2907 -0.953 0.0855
vn 0.3024 -0.953 -0.019
vn 0.2439 -0.953 0.1798
vn 0.1677 -0.953 0.2523
vn 0.0713 -0.953 0.2945
vn -0.0338 -0.953 0.3011
vn -0.1347 -0.953 0.2714
vn -0.2194 -0.953 0.209
vn -0.2776 -0.953 0.1213
vn -0.3024 -0.953 0.019
vn -0.2906 -0.953 -0.0855
vn -0.2439 -0.953 -0.1798
vn -0.1677 -0.953 -0.2523
vn -0.0713 -0.953 -0.2945
vn 0.0338 -0.953 -0.3011
vn 0.1347 -0.953 -0.2714
vn 0.2194 -0.953 -0.2089
vn 0.2776 -0.953 -0.1213
vn -0 -1 0
vn 0 0.8118 0.5839
vn 0 0.8118 -0.5839
vn 0 0.5647 0.8253
vn 0 0.5647 -0.8253
vn 0 -0.3861 0.9224
vn 0.3155 -0.3862 -0.8668
vn 0 -0.3862 -0.9224
vn -0.3155 -0.3861 -0.8668
vn -0.5929 -0.3861 -0.7066
vn 0 -0.9585 0.2853
vn 0 -0.9585 -0.2853
vn 0.7182 -0.6865 -0.1135
vn 0.7184 -0.6719 -0.1802
vn -0.7184 -0.6719 -0.1802
vn -0.7182 -0.6865 -0.1135
vn -0.6963 0.7081 0.1171
vn -0.6961 0.6934 0.186
vn 0.6961 0.6934 0.186
vn 0.6963 0.7081 0.1171
vn 0.7488 -0.6309 -0.2032
vn -0.7488 -0.6309 -0.2032
vn -0.7181 -0.6944 -0.0467
vn -0.7207 -0.6931 -0.0133
vn 0.7207 -0.6931 -0.0133
vn 0.7181 -0.6944 -0.0467
vn -0.6565 0.718 0.2312
vn 0.6565 0.718 0.2312
vn 0.6964 0.716 0.0482
vn 0.6927 0.7211 0.0138
vn -0.6927 0.7211 0.0138
vn -0.6964 0.716 0.0482
vn 0 -0.2033 0.9791
vn 0.342 0 0.9397
vn 0.866 -0 0.5
vn 0.9848 -0 0.1736
vn 0.9848 0 -0.1736
vn 0.8479 -0.2034 -0.4896
vn 0.342 -0 -0.9397
vn 0 -0.2033 -0.9791
vn 0 0 -1
vn -0.866 0 -0.5
vn -0.9848 0 -0.1736
vn -0.866 0 0.5
vn -0.6428 0 0.766
vn 0 -0.5621 0.8271
vn 0 -0.813 0.5823
vn 0 -0.813 -0.5823
vn 0 -1 0
vn -0.2922 0.9525 -0.086
vn -0.1373 0.8118 -0.5676
vn -0.7425 -0.3861 -0.5473
vn 0.668 -0.3862 -0.6362
vn 0.7425 -0.3862 0.5473
vn -0.668 -0.3861 0.6362
vn 0.0681 -0.6865 -0.7239
vn 0.1584 -0.6865 0.7097
vn 0.225 -0.6718 0.7057
vn 0.1347 -0.6719 -0.7283
vn -0.0731 0.7081 0.7023
vn -0.1606 0.7081 -0.6876
vn -0.2293 0.6934 -0.6831
vn -0.1418 0.6933 0.7065
vn 0.2499 -0.631 0.7345
vn 0.1557 -0.6308 -0.7602
vn 0.0918 -0.6944 0.7137
vn 0.0015 -0.6944 -0.7196
vn -0.0321 -0.6931 -0.7201
vn 0.0585 -0.6931 0.7184
vn -0.2721 0.718 -0.6406
vn -0.1895 0.718 0.6698
vn -0.0919 0.716 -0.692
vn -0.0043 0.7159 0.6981
vn 0.0298 0.7211 0.6922
vn -0.0573 0.7211 -0.6904
vn -0.5535 0 -0.8329
vn 0.9164 -0 -0.4004
vn 0.998 0 -0.0628
vn 0.5534 -0 0.8329
vn -0.2907 -0.953 -0.0855
vn 0.2194 -0.953 -0.209
vn 0.2906 -0.953 0.0855
vn -0.2194 -0.953 0.2089
vn 0 -1 -0
#end 837 normals 

#begin 1155 faces
o 对象002
usemtl Material__24
g 对象002
s 1
f 1/1281/1 2/2/2 3/1273/3 4/4/4 
f 5/1294/5 6/6/6 7/1304/7 8/8/8 
f 9/9/9 10/10/10 11/11/11 12/12/12 
f 13/13/13 14/14/14 15/15/15 16/16/16 
f 17/17/17 18/1341/18 19/19/19 20/20/20 
f 21/21/21 17/17/17 20/20/20 22/22/22 
f 10/10/10 21/21/21 22/22/22 11/11/11 
f 23/23/23 24/1352/24 25/25/25 26/26/26 
f 27/27/27 23/23/23 26/26/26 28/28/28 
f 12/12/12 27/27/27 28/28/28 9/9/9 
f 29/29/29 30/1381/30 31/31/31 32/32/32 
f 33/33/33 29/29/29 32/32/32 34/34/34 
f 14/14/14 33/33/33 34/34/34 15/15/15 
f 35/35/35 36/1391/36 37/37/37 38/38/38 
f 39/39/39 35/35/35 38/38/38 40/40/40 
f 16/16/16 39/39/39 40/40/40 13/13/13 
s 2
f 2/1286/2 1/1/1 41/41/41 42/42/42 
f 43/43/43 10/1319/10 9/1316/9 44/44/44 
f 45/45/45 16/1325/16 15/1322/15 46/46/43 
f 47/47/46 14/1329/14 13/1327/13 48/48/47 
f 49/49/48 12/1313/12 11/1310/11 50/50/49 
f 51/51/50 17/1338/17 21/1346/21 52/52/51 
f 53/53/52 34/1384/34 32/1362/32 54/54/53 
f 52/52/51 21/1346/21 10/1319/10 43/43/43 
f 46/46/43 15/1322/15 34/1384/34 53/53/52 
f 55/55/54 35/1390/35 39/1395/39 56/56/55 
f 57/57/55 28/1357/28 26/1355/26 58/58/56 
f 56/56/55 39/1395/39 16/1325/16 45/45/45 
f 44/44/44 9/1316/9 28/1357/28 57/57/55 
f 59/59/57 29/1380/29 33/1383/33 60/60/58 
f 61/61/59 22/1344/22 20/1335/20 62/62/60 
f 60/60/58 33/1383/33 14/1329/14 47/47/46 
f 50/50/49 11/1310/11 22/1344/22 61/61/59 
f 41/41/41 23/1348/23 27/1356/27 63/63/61 
f 64/64/62 40/1394/40 38/1388/38 42/42/42 
f 63/63/61 27/1356/27 12/1313/12 49/49/48 
f 48/48/47 13/1327/13 40/1394/40 64/64/62 
f 65/65/52 66/66/52 67/67/63 68/68/64 
f 69/69/65 70/70/65 71/71/66 72/72/67 
f 66/66/52 65/65/52 73/73/68 74/74/69 
f 75/75/70 76/76/70 77/77/71 78/78/72 
f 76/76/70 75/75/70 79/79/73 80/80/74 
f 81/81/45 82/82/45 83/83/75 84/84/76 
f 85/85/77 86/86/77 87/87/78 88/88/79 
f 82/82/45 81/81/45 89/89/80 90/90/81 
f 86/86/77 85/85/77 91/91/82 92/92/83 
f 93/93/84 94/94/84 95/95/85 96/96/86 
f 96/1400/86 57/57/55 58/58/56 93/1401/84 
f 92/1398/83 55/55/54 56/56/55 86/1343/77 
f 88/1349/79 44/44/44 57/57/55 85/1345/77 
f 90/1396/81 56/56/55 45/45/45 82/1339/45 
f 84/1333/76 43/43/43 44/44/44 81/1336/45 
f 80/1324/74 45/45/45 46/46/43 76/1311/70 
f 78/1328/72 52/52/51 43/43/43 75/1308/70 
f 74/1317/69 46/46/43 53/53/52 66/1285/52 
f 68/1276/64 51/51/50 52/52/51 65/1280/52 
f 72/1288/67 53/53/52 54/54/53 69/1292/65 
f 70/1298/65 6/1300/6 5/5/5 51/1407/50 
f 94/1403/84 4/1277/4 3/3/3 55/1408/54 
s 1
f 3/1274/87 2/1287/88 97/97/89 98/98/90 
f 98/98/90 97/97/89 99/99/91 100/100/92 
f 1/1282/93 4/1278/94 101/101/95 102/102/96 
f 102/102/96 101/101/95 103/103/97 104/104/98 
f 5/1295/99 8/1290/100 105/105/101 106/106/102 
f 106/106/102 105/105/101 107/107/103 108/108/104 
f 7/1305/105 6/1301/106 109/109/107 110/110/108 
f 110/110/108 109/109/107 111/111/109 112/112/110 
f 25/25/25 24/1352/24 113/113/111 114/114/112 
f 114/114/112 113/113/111 104/1420/98 103/1418/97 
f 19/19/19 18/1341/18 115/115/113 116/116/114 
f 116/116/114 115/115/113 108/1425/104 107/1427/103 
f 37/37/37 36/1391/36 117/117/115 118/118/116 
f 118/118/116 117/117/115 100/1411/92 99/1413/91 
f 31/31/31 30/1381/30 119/119/117 120/120/118 
f 120/120/118 119/119/117 112/1434/110 111/1432/109 
f 2/1227/88 3/1228/87 3/1229/3 2/1230/2 
f 1/1231/1 4/1232/4 4/1233/94 1/1234/93 
f 6/1235/106 7/1236/105 7/1237/7 6/1238/6 
f 5/1239/5 8/1240/8 8/1241/100 5/1242/99 
s 2
f 5/1243/99 18/1244/18 51/1245/50 5/1246/5 
f 54/54/53 120/1444/118 109/1431/107 6/1300/6 
f 3/1247/87 36/1248/36 55/1249/54 3/1250/3 
f 58/58/56 114/1436/112 101/1417/95 4/1277/4 
f 7/1251/105 30/1252/30 59/1253/57 7/1254/7 
f 62/62/60 116/1441/114 105/1424/101 8/1289/8 
f 1/1255/93 24/1256/24 41/1257/41 1/1258/1 
f 42/42/42 118/1442/116 97/1410/89 2/1286/2 
f 121/121/119 122/122/120 50/50/49 47/47/46 
f 122/122/120 123/123/121 49/49/48 50/50/49 
f 123/123/121 124/124/122 48/48/47 49/49/48 
f 124/124/122 121/121/119 47/47/46 48/48/47 
s off
f 122/1448/120 121/1447/119 80/80/74 79/79/73 
f 123/1449/121 122/1448/120 79/79/73 84/84/76 
f 124/1451/122 123/1449/121 84/84/76 83/83/75 
f 121/1447/119 124/1451/122 83/83/75 80/80/74 
s 2
f 125/125/123 7/7/7 59/59/57 126/126/124 
f 127/127/125 61/61/59 62/62/60 128/128/126 
s off
f 129/129/127 125/1455/123 72/72/67 71/71/66 
f 127/1458/125 128/1456/126 71/71/66 68/68/64 
f 130/130/128 127/1458/125 68/68/64 67/67/63 
f 125/1455/123 126/1453/124 67/67/63 72/72/67 
s 2
f 131/131/129 132/132/130 61/61/59 60/60/58 
f 132/132/130 133/133/131 50/50/49 61/61/59 
f 133/133/131 134/134/132 47/47/46 50/50/49 
f 134/134/132 131/131/129 60/60/58 47/47/46 
s off
f 132/1462/130 131/1461/129 74/74/69 73/73/68 
f 133/1463/131 132/1462/130 73/73/68 78/78/72 
f 134/1464/132 133/1463/131 78/78/72 77/77/71 
f 131/1461/129 134/1464/132 77/77/71 74/74/69 
s 2
f 135/135/133 136/136/134 42/42/42 41/41/41 
f 136/136/134 137/137/135 64/64/62 42/42/42 
f 137/137/135 138/138/136 63/63/61 64/64/62 
f 138/138/136 135/135/133 41/41/41 63/63/61 
s off
f 136/1466/134 135/1465/133 96/96/86 95/95/85 
f 137/1467/135 136/1466/134 95/95/85 92/92/83 
f 138/1468/136 137/1467/135 92/92/83 91/91/82 
f 135/1465/133 138/1468/136 91/91/82 96/96/86 
s 2
f 139/139/137 140/140/138 64/64/62 63/63/61 
f 140/140/138 141/141/139 48/48/47 64/64/62 
f 141/141/139 142/142/140 49/49/48 48/48/47 
f 142/142/140 139/139/137 63/63/61 49/49/48 
s off
f 140/1470/138 139/1469/137 88/88/79 87/87/78 
f 141/1471/139 140/1470/138 87/87/78 90/90/81 
f 142/1472/140 141/1471/139 90/90/81 89/89/80 
f 139/1469/137 142/1472/140 89/89/80 88/88/79 
s 8
f 143/143/141 144/144/142 145/145/143 146/146/144 
f 144/144/142 147/147/145 148/148/146 145/145/143 
f 147/147/145 149/149/147 150/150/148 148/148/146 
f 149/149/147 151/1473/149 152/152/150 150/150/148 
f 151/151/149 153/153/151 154/154/152 152/1474/150 
f 153/153/151 155/155/153 156/156/154 154/154/152 
f 155/155/153 157/157/155 158/158/156 156/156/154 
f 157/157/155 159/159/157 160/160/158 158/158/156 
f 159/159/157 161/161/159 162/162/160 160/160/158 
f 161/161/159 163/163/161 164/164/162 162/162/160 
f 163/163/161 165/165/163 166/166/164 164/164/162 
f 165/165/163 167/167/165 168/168/166 166/166/164 
f 167/167/165 169/169/167 170/170/168 168/168/166 
f 169/169/167 171/171/169 172/172/170 170/170/168 
f 171/171/169 173/173/171 174/174/172 172/172/170 
f 173/173/171 175/175/173 176/176/174 174/174/172 
f 175/175/173 177/177/175 178/178/176 176/176/174 
f 177/177/175 143/143/141 146/146/144 178/178/176 
f 146/146/144 145/145/143 179/179/177 180/180/178 
f 145/145/143 148/148/146 181/181/179 179/179/177 
f 148/148/146 150/150/148 182/182/180 181/181/179 
f 150/150/148 152/152/150 183/183/181 182/182/180 
f 152/1474/150 154/154/152 184/184/182 183/1475/181 
f 154/154/152 156/156/154 185/185/183 184/184/182 
f 156/156/154 158/158/156 186/186/184 185/185/183 
f 158/158/156 160/160/158 187/187/185 186/186/184 
f 160/160/158 162/162/160 188/188/186 187/187/185 
f 162/162/160 164/164/162 189/189/187 188/188/186 
f 164/164/162 166/166/164 190/190/188 189/189/187 
f 166/166/164 168/168/166 191/191/189 190/190/188 
f 168/168/166 170/170/168 192/192/190 191/191/189 
f 170/170/168 172/172/170 193/193/191 192/192/190 
f 172/172/170 174/174/172 194/194/192 193/193/191 
f 174/174/172 176/176/174 195/195/193 194/194/192 
f 176/176/174 178/178/176 196/196/194 195/195/193 
f 178/178/176 146/146/144 180/180/178 196/196/194 
f 180/180/178 179/179/177 197/197/195 198/198/196 
f 179/179/177 181/181/179 199/199/197 197/197/195 
f 181/181/179 182/182/180 200/200/198 199/199/197 
f 182/182/180 183/183/181 201/201/199 200/200/198 
f 183/1475/181 184/184/182 202/202/200 201/1476/199 
f 184/184/182 185/185/183 203/203/201 202/202/200 
f 185/185/183 186/186/184 204/204/202 203/203/201 
f 186/186/184 187/187/185 205/205/203 204/204/202 
f 187/187/185 188/188/186 206/206/204 205/205/203 
f 188/188/186 189/189/187 207/207/205 206/206/204 
f 189/189/187 190/190/188 208/208/206 207/207/205 
f 190/190/188 191/191/189 209/209/207 208/208/206 
f 191/191/189 192/192/190 210/210/208 209/209/207 
f 192/192/190 193/193/191 211/211/209 210/210/208 
f 193/193/191 194/194/192 212/212/210 211/211/209 
f 194/194/192 195/195/193 213/213/211 212/212/210 
f 195/195/193 196/196/194 214/214/212 213/213/211 
f 196/196/194 180/180/178 198/198/196 214/214/212 
f 215/215/141 216/216/142 217/217/143 218/218/144 
f 216/216/142 219/219/145 220/220/146 217/217/143 
f 219/219/145 221/221/147 222/222/148 220/220/146 
f 221/221/147 223/1477/149 224/224/150 222/222/148 
f 223/223/149 225/225/151 226/226/152 224/1478/150 
f 225/225/151 227/227/153 228/228/213 226/226/152 
f 227/227/153 229/229/155 230/230/156 228/228/213 
f 229/229/155 231/231/157 232/232/158 230/230/156 
f 231/231/157 233/233/159 234/234/214 232/232/158 
f 233/233/159 235/235/161 236/236/162 234/234/214 
f 235/235/161 237/237/163 238/238/164 236/236/162 
f 237/237/163 239/239/165 240/240/166 238/238/164 
f 239/239/165 241/241/167 242/242/168 240/240/166 
f 241/241/167 243/243/169 244/244/170 242/242/168 
f 243/243/169 245/245/171 246/246/172 244/244/170 
f 245/245/171 247/247/173 248/248/174 246/246/172 
f 247/247/173 249/249/175 250/250/215 248/248/174 
f 249/249/175 215/215/141 218/218/144 250/250/215 
f 218/218/144 217/217/143 251/251/177 252/252/178 
f 217/217/143 220/220/146 253/253/216 251/251/177 
f 220/220/146 222/222/148 254/254/180 253/253/216 
f 222/222/148 224/224/150 255/255/181 254/254/180 
f 224/1478/150 226/226/152 256/256/182 255/1479/181 
f 226/226/152 228/228/213 257/257/183 256/256/182 
f 228/228/213 230/230/156 258/258/184 257/257/183 
f 230/230/156 232/232/158 259/259/185 258/258/184 
f 232/232/158 234/234/214 260/260/186 259/259/185 
f 234/234/214 236/236/162 261/261/187 260/260/186 
f 236/236/162 238/238/164 262/262/188 261/261/187 
f 238/238/164 240/240/166 263/263/189 262/262/188 
f 240/240/166 242/242/168 264/264/190 263/263/189 
f 242/242/168 244/244/170 265/265/191 264/264/190 
f 244/244/170 246/246/172 266/266/192 265/265/191 
f 246/246/172 248/248/174 267/267/193 266/266/192 
f 248/248/174 250/250/215 268/268/194 267/267/193 
f 250/250/215 218/218/144 252/252/178 268/268/194 
f 252/252/178 251/251/177 269/269/195 270/270/196 
f 251/251/177 253/253/216 271/271/217 269/269/195 
f 253/253/216 254/254/180 272/272/198 271/271/217 
f 254/254/180 255/255/181 273/273/199 272/272/198 
f 255/1479/181 256/256/182 274/274/200 273/1480/199 
f 256/256/182 257/257/183 275/275/201 274/274/200 
f 257/257/183 258/258/184 276/276/202 275/275/201 
f 258/258/184 259/259/185 277/277/203 276/276/202 
f 259/259/185 260/260/186 278/278/204 277/277/203 
f 260/260/186 261/261/187 279/279/205 278/278/204 
f 261/261/187 262/262/188 280/280/206 279/279/205 
f 262/262/188 263/263/189 281/281/207 280/280/206 
f 263/263/189 264/264/190 282/282/218 281/281/207 
f 264/264/190 265/265/191 283/283/209 282/282/218 
f 265/265/191 266/266/192 284/284/210 283/283/209 
f 266/266/192 267/267/193 285/285/211 284/284/210 
f 267/267/193 268/268/194 286/286/212 285/285/211 
f 268/268/194 252/252/178 270/270/196 286/286/212 
s 1
f 287/1481/219 288/288/220 289/289/221 290/290/222 
f 290/290/222 289/289/221 291/291/223 292/292/224 
f 292/292/224 291/291/223 293/293/225 294/294/226 
f 294/294/226 293/293/225 295/295/227 296/296/228 
f 296/296/228 295/295/227 297/297/229 298/298/230 
f 298/298/230 297/297/229 299/299/231 300/300/232 
f 300/300/232 299/299/231 301/301/233 302/302/234 
f 302/302/234 301/301/233 303/303/235 304/304/236 
f 304/304/236 303/303/235 305/305/237 306/306/238 
f 306/306/238 305/305/237 307/307/239 308/308/240 
f 308/308/240 307/307/239 309/309/241 310/310/242 
f 310/310/242 309/309/241 311/311/243 312/312/244 
f 312/312/244 311/311/243 313/313/245 314/314/246 
f 314/314/246 313/313/245 315/315/247 316/316/248 
f 316/316/248 315/315/247 317/317/249 318/318/250 
f 318/318/250 317/317/249 319/319/251 320/320/252 
f 320/320/252 319/319/251 321/321/253 322/322/254 
f 322/322/254 321/321/253 288/1482/220 287/287/219 
f 288/288/220 323/323/255 324/324/256 289/289/221 
f 289/289/221 324/324/256 325/325/257 291/291/223 
f 291/291/223 325/325/257 326/326/258 293/293/225 
f 293/293/225 326/326/258 327/327/259 295/295/227 
f 295/295/227 327/327/259 328/328/260 297/297/229 
f 297/297/229 328/328/260 329/329/261 299/299/231 
f 299/299/231 329/329/261 330/330/262 301/301/233 
f 301/301/233 330/330/262 331/331/263 303/303/235 
f 303/303/235 331/331/263 332/332/264 305/305/237 
f 305/305/237 332/332/264 333/333/265 307/307/239 
f 307/307/239 333/333/265 334/334/266 309/309/241 
f 309/309/241 334/334/266 335/335/267 311/311/243 
f 311/311/243 335/335/267 336/336/268 313/313/245 
f 313/313/245 336/336/268 337/337/269 315/315/247 
f 315/315/247 337/337/269 338/338/270 317/317/249 
f 317/317/249 338/338/270 339/339/271 319/319/251 
f 319/319/251 339/339/271 340/340/272 321/321/253 
f 321/321/253 340/340/272 323/1483/255 288/1482/220 
f 323/323/255 341/341/273 342/342/274 324/324/256 
f 324/324/256 342/342/274 343/343/275 325/325/257 
f 325/325/257 343/343/275 344/344/276 326/326/258 
f 326/326/258 344/344/276 345/345/277 327/327/259 
f 327/327/259 345/345/277 346/346/278 328/328/260 
f 328/328/260 346/346/278 347/347/279 329/329/261 
f 329/329/261 347/347/279 348/348/280 330/330/262 
f 330/330/262 348/348/280 349/349/281 331/331/263 
f 331/331/263 349/349/281 350/350/282 332/332/264 
f 332/332/264 350/350/282 351/351/283 333/333/265 
f 333/333/265 351/351/283 352/352/284 334/334/266 
f 334/334/266 352/352/284 353/353/285 335/335/267 
f 335/335/267 353/353/285 354/354/286 336/336/268 
f 336/336/268 354/354/286 355/355/287 337/337/269 
f 337/337/269 355/355/287 356/356/288 338/338/270 
f 338/338/270 356/356/288 357/357/289 339/339/271 
f 339/339/271 357/357/289 358/358/290 340/340/272 
f 340/340/272 358/358/290 341/1484/273 323/1483/255 
f 359/359/291 360/360/292 361/361/293 362/362/294 
f 363/363/295 364/364/296 365/365/297 366/366/298 
s 2
f 367/367/299 368/368/300 362/1485/294 369/369/301 
s 4
f 370/370/302 371/371/303 372/372/304 373/373/305 
s 2
f 371/1499/303 374/374/306 360/1487/292 372/1500/304 
s 4
f 375/375/307 367/1494/299 369/1493/301 376/376/308 
s 1
f 360/360/292 359/359/291 368/1496/300 377/377/309 
f 362/362/294 361/361/293 374/1502/306 378/378/310 
f 365/365/297 364/364/296 379/379/311 380/380/312 
f 363/363/295 366/366/298 381/381/313 382/382/314 
s 4
f 371/371/303 370/370/302 378/1507/310 374/1501/306 
f 373/373/305 372/372/304 380/1511/312 379/1510/311 
f 367/1494/299 375/375/307 377/1505/309 368/1495/300 
f 376/376/308 369/1493/301 382/1515/314 381/1514/313 
s 8
f 383/383/315 384/384/316 385/385/317 386/386/318 
f 384/384/316 387/387/319 388/388/320 385/385/317 
f 387/387/319 389/389/321 390/390/322 388/388/320 
f 389/389/321 391/1517/323 392/392/324 390/390/322 
f 391/391/323 393/393/325 394/394/326 392/1519/324 
f 393/393/325 395/395/327 396/396/328 394/394/326 
f 395/395/327 397/397/329 398/398/330 396/396/328 
f 397/397/329 399/399/331 400/400/332 398/398/330 
f 399/399/331 401/401/333 402/402/334 400/400/332 
f 401/401/333 403/403/335 404/404/336 402/402/334 
f 403/403/335 405/405/337 406/406/338 404/404/336 
f 405/405/337 407/407/339 408/408/340 406/406/338 
f 407/407/339 409/409/341 410/410/342 408/408/340 
f 409/409/341 411/411/343 412/412/344 410/410/342 
f 411/411/343 413/413/345 414/414/346 412/412/344 
f 413/413/345 415/415/347 416/416/348 414/414/346 
f 415/415/347 417/417/349 418/418/350 416/416/348 
f 417/417/349 383/383/315 386/386/318 418/418/350 
s 1
f 419/419/351 420/420/352 421/421/353 
f 419/1521/351 421/421/353 422/422/354 
f 419/1522/351 422/422/354 423/423/355 
f 419/1523/351 423/423/355 424/424/356 
f 419/1524/351 424/424/356 425/425/357 
f 419/1525/351 425/425/357 426/426/358 
f 419/1526/351 426/426/358 427/427/359 
f 419/1527/351 427/427/359 428/428/360 
f 419/1528/351 428/428/360 429/429/361 
f 419/1529/351 429/429/361 430/430/362 
f 419/1530/351 430/430/362 431/431/363 
f 419/1531/351 431/431/363 432/432/364 
f 419/1532/351 432/432/364 433/433/365 
f 419/1533/351 433/433/365 434/434/366 
f 419/1534/351 434/434/366 435/435/367 
f 419/1535/351 435/435/367 436/436/368 
f 419/1536/351 436/436/368 437/437/369 
f 419/1537/351 437/437/369 420/1385/352 
f 438/438/370 421/421/353 420/420/352 439/439/371 
f 440/440/372 422/422/354 421/421/353 438/438/370 
f 441/441/373 423/423/355 422/422/354 440/440/372 
f 442/442/374 424/424/356 423/423/355 441/441/373 
f 443/443/375 425/425/357 424/424/356 442/442/374 
f 444/444/376 426/426/358 425/425/357 443/443/375 
f 445/445/377 427/427/359 426/426/358 444/444/376 
f 446/446/378 428/428/360 427/427/359 445/445/377 
f 447/447/379 429/429/361 428/428/360 446/446/378 
f 448/448/380 430/430/362 429/429/361 447/447/379 
f 449/449/381 431/431/363 430/430/362 448/448/380 
f 450/450/382 432/432/364 431/431/363 449/449/381 
f 451/451/383 433/433/365 432/432/364 450/450/382 
f 452/452/384 434/434/366 433/433/365 451/451/383 
f 453/453/385 435/435/367 434/434/366 452/452/384 
f 454/454/386 436/436/368 435/435/367 453/453/385 
f 455/455/387 437/437/369 436/436/368 454/454/386 
f 439/1541/371 420/1385/352 437/437/369 455/455/387 
f 456/456/388 438/438/370 439/439/371 457/457/389 
f 458/458/390 440/440/372 438/438/370 456/456/388 
f 459/459/391 441/441/373 440/440/372 458/458/390 
f 460/460/392 442/442/374 441/441/373 459/459/391 
f 461/461/393 443/443/375 442/442/374 460/460/392 
f 462/462/394 444/444/376 443/443/375 461/461/393 
f 463/463/395 445/445/377 444/444/376 462/462/394 
f 464/464/396 446/446/378 445/445/377 463/463/395 
f 465/465/397 447/447/379 446/446/378 464/464/396 
f 466/466/398 448/448/380 447/447/379 465/465/397 
f 467/467/399 449/449/381 448/448/380 466/466/398 
f 468/468/400 450/450/382 449/449/381 467/467/399 
f 469/469/401 451/451/383 450/450/382 468/468/400 
f 470/470/402 452/452/384 451/451/383 469/469/401 
f 471/471/403 453/453/385 452/452/384 470/470/402 
f 472/472/404 454/454/386 453/453/385 471/471/403 
f 473/473/405 455/455/387 454/454/386 472/472/404 
f 457/1543/389 439/1541/371 455/455/387 473/473/405 
f 474/474/406 456/456/388 457/457/389 475/475/407 
f 476/476/408 458/458/390 456/456/388 474/474/406 
f 477/477/409 459/459/391 458/458/390 476/476/408 
f 478/478/410 460/460/392 459/459/391 477/477/409 
f 479/479/411 461/461/393 460/460/392 478/478/410 
f 480/480/412 462/462/394 461/461/393 479/479/411 
f 481/481/413 463/463/395 462/462/394 480/480/412 
f 482/482/414 464/464/396 463/463/395 481/481/413 
f 483/483/415 465/465/397 464/464/396 482/482/414 
f 484/484/416 466/466/398 465/465/397 483/483/415 
f 485/485/417 467/467/399 466/466/398 484/484/416 
f 486/486/418 468/468/400 467/467/399 485/485/417 
f 487/487/419 469/469/401 468/468/400 486/486/418 
f 488/488/420 470/470/402 469/469/401 487/487/419 
f 489/489/421 471/471/403 470/470/402 488/488/420 
f 490/490/422 472/472/404 471/471/403 489/489/421 
f 491/491/423 473/473/405 472/472/404 490/490/422 
f 475/475/407 457/1543/389 473/473/405 491/491/423 
s 2
f 474/474/406 475/475/407 492/492/424 493/493/425 
f 476/476/408 474/474/406 493/493/425 494/494/426 
f 477/477/409 476/476/408 494/494/426 495/495/427 
f 478/478/410 477/477/409 495/495/427 496/496/428 
f 479/479/411 478/478/410 496/496/428 497/497/429 
f 480/480/412 479/479/411 497/497/429 498/498/430 
f 481/481/413 480/480/412 498/498/430 499/499/431 
f 482/482/414 481/481/413 499/499/431 500/500/432 
f 483/483/415 482/482/414 500/500/432 501/501/433 
f 484/484/416 483/483/415 501/501/433 502/502/434 
f 485/485/417 484/484/416 502/502/434 503/503/435 
f 486/486/418 485/485/417 503/503/435 504/504/436 
f 487/487/419 486/486/418 504/504/436 505/505/437 
f 488/488/420 487/487/419 505/505/437 506/506/438 
f 489/489/421 488/488/420 506/506/438 507/507/439 
f 490/490/422 489/489/421 507/507/439 508/508/440 
f 491/491/423 490/490/422 508/508/440 509/509/441 
f 475/475/407 491/491/423 509/509/441 492/492/424 
f 510/510/442 511/511/443 512/512/444 513/513/445 
s 4
f 514/514/446 515/515/447 516/516/448 517/517/449 
s 16
f 513/1545/445 512/1437/444 515/1546/447 514/1539/446 
s 64
f 511/1544/443 510/1445/442 517/1548/449 516/1547/448 
s 2
f 511/511/443 518/518/450 519/1549/451 512/512/444 
f 520/520/452 521/521/453 522/1553/454 523/523/455 
f 513/513/445 520/520/452 523/523/455 510/510/442 
s 4
f 515/515/447 524/524/456 525/1557/457 516/516/448 
f 526/526/458 527/527/459 528/1561/460 529/529/461 
f 517/517/449 526/526/458 529/529/461 514/514/446 
s 16
f 512/1437/444 519/519/451 524/1556/456 515/1546/447 
f 529/1563/461 528/528/460 521/1552/453 520/1550/452 
f 514/1539/446 529/1563/461 520/1550/452 513/1545/445 
s 64
f 523/1555/455 522/522/454 527/1560/459 526/1558/458 
f 510/1445/442 523/1555/455 526/1558/458 517/1548/449 
f 516/1547/448 525/525/457 518/1540/450 511/1544/443 
s 1
f 530/1564/462 531/531/463 532/532/464 533/533/465 
f 533/533/465 532/532/464 534/534/466 535/535/467 
f 535/535/467 534/534/466 536/536/468 537/537/469 
f 537/537/469 536/536/468 538/538/470 539/539/471 
f 539/539/471 538/538/470 540/540/472 541/541/473 
f 541/541/473 540/540/472 542/542/474 543/543/475 
f 543/543/475 542/542/474 544/544/476 545/545/477 
f 545/545/477 544/544/476 546/546/478 547/547/479 
f 547/547/479 546/546/478 548/548/480 549/549/481 
f 549/549/481 548/548/480 550/550/482 551/551/483 
f 551/551/483 550/550/482 552/552/484 553/553/485 
f 553/553/485 552/552/484 554/554/486 555/555/487 
f 555/555/487 554/554/486 556/556/488 557/557/489 
f 557/557/489 556/556/488 558/558/490 559/559/491 
f 559/559/491 558/558/490 560/560/492 561/561/493 
f 561/561/493 560/560/492 562/562/494 563/563/495 
f 563/563/495 562/562/494 564/564/496 565/565/497 
f 565/565/497 564/564/496 531/1566/463 530/530/462 
f 531/531/463 566/566/498 567/567/499 532/532/464 
f 532/532/464 567/567/499 568/568/500 534/534/466 
f 534/534/466 568/568/500 569/569/501 536/536/468 
f 536/536/468 569/569/501 570/570/502 538/538/470 
f 538/538/470 570/570/502 571/571/503 540/540/472 
f 540/540/472 571/571/503 572/572/504 542/542/474 
f 542/542/474 572/572/504 573/573/505 544/544/476 
f 544/544/476 573/573/505 574/574/506 546/546/478 
f 546/546/478 574/574/506 575/575/507 548/548/480 
f 548/548/480 575/575/507 576/576/508 550/550/482 
f 550/550/482 576/576/508 577/577/509 552/552/484 
f 552/552/484 577/577/509 578/578/510 554/554/486 
f 554/554/486 578/578/510 579/579/511 556/556/488 
f 556/556/488 579/579/511 580/580/512 558/558/490 
f 558/558/490 580/580/512 581/581/513 560/560/492 
f 560/560/492 581/581/513 582/582/514 562/562/494 
f 562/562/494 582/582/514 583/583/515 564/564/496 
f 564/564/496 583/583/515 566/1520/498 531/1566/463 
f 566/566/498 584/584/516 585/585/517 567/567/499 
f 567/567/499 585/585/517 586/586/518 568/568/500 
f 568/568/500 586/586/518 587/587/519 569/569/501 
f 569/569/501 587/587/519 588/588/520 570/570/502 
f 570/570/502 588/588/520 589/589/521 571/571/503 
f 571/571/503 589/589/521 590/590/522 572/572/504 
f 572/572/504 590/590/522 591/591/523 573/573/505 
f 573/573/505 591/591/523 592/592/524 574/574/506 
f 574/574/506 592/592/524 593/593/525 575/575/507 
f 575/575/507 593/593/525 594/594/526 576/576/508 
f 576/576/508 594/594/526 595/595/527 577/577/509 
f 577/577/509 595/595/527 596/596/528 578/578/510 
f 578/578/510 596/596/528 597/597/529 579/579/511 
f 579/579/511 597/597/529 598/598/530 580/580/512 
f 580/580/512 598/598/530 599/599/531 581/581/513 
f 581/581/513 599/599/531 600/600/532 582/582/514 
f 582/582/514 600/600/532 601/601/533 583/583/515 
f 583/583/515 601/601/533 584/1567/516 566/1520/498 
f 584/584/516 602/602/534 603/603/535 585/585/517 
f 585/585/517 603/603/535 604/604/536 586/586/518 
f 586/586/518 604/604/536 605/605/537 587/587/519 
f 587/587/519 605/605/537 606/606/538 588/588/520 
f 588/588/520 606/606/538 607/607/539 589/589/521 
f 589/589/521 607/607/539 608/608/540 590/590/522 
f 590/590/522 608/608/540 609/609/541 591/591/523 
f 591/591/523 609/609/541 610/610/542 592/592/524 
f 592/592/524 610/610/542 611/611/543 593/593/525 
f 593/593/525 611/611/543 612/612/544 594/594/526 
f 594/594/526 612/612/544 613/613/545 595/595/527 
f 595/595/527 613/613/545 614/614/546 596/596/528 
f 596/596/528 614/614/546 615/615/547 597/597/529 
f 597/597/529 615/615/547 616/616/548 598/598/530 
f 598/598/530 616/616/548 617/617/549 599/599/531 
f 599/599/531 617/617/549 618/618/550 600/600/532 
f 600/600/532 618/618/550 619/619/551 601/601/533 
f 601/601/533 619/619/551 602/1542/534 584/1567/516 
f 620/620/552 603/603/535 602/602/534 
f 620/1583/552 604/604/536 603/603/535 
f 620/1582/552 605/605/537 604/604/536 
f 620/1581/552 606/606/538 605/605/537 
f 620/1580/552 607/607/539 606/606/538 
f 620/1579/552 608/608/540 607/607/539 
f 620/1578/552 609/609/541 608/608/540 
f 620/1577/552 610/610/542 609/609/541 
f 620/1576/552 611/611/543 610/610/542 
f 620/1575/552 612/612/544 611/611/543 
f 620/1574/552 613/613/545 612/612/544 
f 620/1573/552 614/614/546 613/613/545 
f 620/1572/552 615/615/547 614/614/546 
f 620/1571/552 616/616/548 615/615/547 
f 620/1570/552 617/617/549 616/616/548 
f 620/1569/552 618/618/550 617/617/549 
f 620/1568/552 619/619/551 618/618/550 
f 620/1584/552 602/1542/534 619/619/551 
f 621/621/553 622/622/554 623/623/555 
f 621/1603/553 624/624/556 622/622/554 
f 621/1602/553 625/625/557 624/624/556 
f 621/1601/553 626/626/558 625/625/557 
f 621/1600/553 627/627/559 626/626/558 
f 621/1599/553 628/628/560 627/627/559 
f 621/1598/553 629/629/561 628/628/560 
f 621/1597/553 630/630/562 629/629/561 
f 621/1596/553 631/631/563 630/630/562 
f 621/1595/553 632/632/564 631/631/563 
f 621/1594/553 633/633/565 632/632/564 
f 621/1593/553 634/634/566 633/633/565 
f 621/1592/553 635/635/567 634/634/566 
f 621/1591/553 636/636/568 635/635/567 
f 621/1590/553 637/637/569 636/636/568 
f 621/1589/553 638/638/570 637/637/569 
f 621/1588/553 639/639/571 638/638/570 
f 621/1604/553 623/1587/555 639/639/571 
f 640/640/572 641/641/573 623/623/555 622/622/554 
f 642/642/574 640/640/572 622/622/554 624/624/556 
f 643/643/575 642/642/574 624/624/556 625/625/557 
f 644/644/576 643/643/575 625/625/557 626/626/558 
f 645/645/577 644/644/576 626/626/558 627/627/559 
f 646/646/578 645/645/577 627/627/559 628/628/560 
f 647/647/579 646/646/578 628/628/560 629/629/561 
f 648/648/580 647/647/579 629/629/561 630/630/562 
f 649/649/581 648/648/580 630/630/562 631/631/563 
f 650/650/582 649/649/581 631/631/563 632/632/564 
f 651/651/583 650/650/582 632/632/564 633/633/565 
f 652/652/584 651/651/583 633/633/565 634/634/566 
f 653/653/585 652/652/584 634/634/566 635/635/567 
f 654/654/586 653/653/585 635/635/567 636/636/568 
f 655/655/587 654/654/586 636/636/568 637/637/569 
f 656/656/588 655/655/587 637/637/569 638/638/570 
f 657/657/589 656/656/588 638/638/570 639/639/571 
f 641/1622/573 657/657/589 639/639/571 623/1587/555 
f 658/658/590 659/659/591 641/641/573 640/640/572 
f 660/660/592 658/658/590 640/640/572 642/642/574 
f 661/661/593 660/660/592 642/642/574 643/643/575 
f 662/662/594 661/661/593 643/643/575 644/644/576 
f 663/663/595 662/662/594 644/644/576 645/645/577 
f 664/664/596 663/663/595 645/645/577 646/646/578 
f 665/665/597 664/664/596 646/646/578 647/647/579 
f 666/666/598 665/665/597 647/647/579 648/648/580 
f 667/667/599 666/666/598 648/648/580 649/649/581 
f 668/668/600 667/667/599 649/649/581 650/650/582 
f 669/669/601 668/668/600 650/650/582 651/651/583 
f 670/670/602 669/669/601 651/651/583 652/652/584 
f 671/671/603 670/670/602 652/652/584 653/653/585 
f 672/672/604 671/671/603 653/653/585 654/654/586 
f 673/673/605 672/672/604 654/654/586 655/655/587 
f 674/674/606 673/673/605 655/655/587 656/656/588 
f 675/675/607 674/674/606 656/656/588 657/657/589 
f 659/1623/591 675/675/607 657/657/589 641/1622/573 
f 676/676/608 677/677/609 659/659/591 658/658/590 
f 678/678/610 676/676/608 658/658/590 660/660/592 
f 679/679/611 678/678/610 660/660/592 661/661/593 
f 680/680/612 679/679/611 661/661/593 662/662/594 
f 681/681/613 680/680/612 662/662/594 663/663/595 
f 682/682/614 681/681/613 663/663/595 664/664/596 
f 683/683/615 682/682/614 664/664/596 665/665/597 
f 684/684/616 683/683/615 665/665/597 666/666/598 
f 685/685/617 684/684/616 666/666/598 667/667/599 
f 686/686/618 685/685/617 667/667/599 668/668/600 
f 687/687/619 686/686/618 668/668/600 669/669/601 
f 688/688/620 687/687/619 669/669/601 670/670/602 
f 689/689/621 688/688/620 670/670/602 671/671/603 
f 690/690/622 689/689/621 671/671/603 672/672/604 
f 691/691/623 690/690/622 672/672/604 673/673/605 
f 692/692/624 691/691/623 673/673/605 674/674/606 
f 693/693/625 692/692/624 674/674/606 675/675/607 
f 677/677/609 693/693/625 675/675/607 659/1623/591 
s 2
f 676/676/608 694/694/626 695/695/627 677/677/609 
f 678/678/610 696/696/628 694/694/626 676/676/608 
f 679/679/611 697/697/629 696/696/628 678/678/610 
f 680/680/612 698/698/630 697/697/629 679/679/611 
f 681/681/613 699/699/631 698/698/630 680/680/612 
f 682/682/614 700/700/632 699/699/631 681/681/613 
f 683/683/615 701/701/633 700/700/632 682/682/614 
f 684/684/616 702/702/634 701/701/633 683/683/615 
f 685/685/617 703/703/635 702/702/634 684/684/616 
f 686/686/618 704/704/636 703/703/635 685/685/617 
f 687/687/619 705/705/637 704/704/636 686/686/618 
f 688/688/620 706/706/638 705/705/637 687/687/619 
f 689/689/621 707/707/639 706/706/638 688/688/620 
f 690/690/622 708/708/640 707/707/639 689/689/621 
f 691/691/623 709/709/641 708/708/640 690/690/622 
f 692/692/624 710/710/642 709/709/641 691/691/623 
f 693/693/625 711/711/643 710/710/642 692/692/624 
f 677/677/609 695/695/627 711/711/643 693/693/625 
f 712/712/644 713/713/645 714/714/646 715/715/647 
s 4
f 716/716/648 717/717/649 718/718/650 719/719/651 
s 16
f 713/1626/645 716/1629/648 719/1628/651 714/1627/646 
s 64
f 715/1624/647 718/1631/650 717/1630/649 712/1625/644 
s 2
f 715/715/647 714/714/646 720/720/652 721/1632/653 
f 722/722/654 723/723/655 724/724/656 725/1538/657 
f 713/713/645 712/712/644 723/723/655 722/722/654 
s 4
f 719/719/651 718/718/650 726/726/658 727/1637/659 
f 728/728/660 729/729/661 730/730/662 731/1639/663 
f 717/717/649 716/716/648 729/729/661 728/728/660 
s 16
f 714/1627/646 719/1628/651 727/727/659 720/1633/652 
f 729/1389/661 722/1635/654 725/725/657 730/1641/662 
f 716/1629/648 713/1626/645 722/1635/654 729/1389/661 
s 64
f 723/1636/655 728/1640/660 731/731/663 724/1387/656 
f 712/1625/644 717/1630/649 728/1640/660 723/1636/655 
f 718/1631/650 715/1624/647 721/721/653 726/1638/658 
s 1
f 732/732/664 733/733/665 734/734/666 735/735/667 
f 733/733/665 736/736/668 737/737/669 734/734/666 
f 736/736/668 738/738/670 739/739/671 737/737/669 
f 738/738/670 740/740/672 741/741/673 739/739/671 
f 740/740/672 742/742/674 743/743/675 741/741/673 
f 742/742/674 744/744/676 745/745/677 743/743/675 
f 744/744/676 746/746/678 747/747/679 745/745/677 
f 746/746/678 748/748/680 749/749/681 747/747/679 
f 748/748/680 750/750/682 751/751/683 749/749/681 
f 750/750/682 752/752/684 753/753/685 751/751/683 
f 752/752/684 754/754/686 755/755/687 753/753/685 
f 754/754/686 756/756/688 757/757/689 755/755/687 
f 756/756/688 758/758/690 759/759/691 757/757/689 
f 758/758/690 760/760/692 761/761/693 759/759/691 
f 760/760/692 762/762/694 763/763/695 761/761/693 
f 762/762/694 764/764/696 765/765/697 763/763/695 
f 764/764/696 766/766/698 767/767/699 765/765/697 
f 766/766/698 732/1644/664 735/1642/667 767/767/699 
f 735/735/667 734/734/666 768/768/700 769/769/701 
f 734/734/666 737/737/669 770/770/702 768/768/700 
f 737/737/669 739/739/671 771/771/703 770/770/702 
f 739/739/671 741/741/673 772/772/704 771/771/703 
f 741/741/673 743/743/675 773/773/705 772/772/704 
f 743/743/675 745/745/677 774/774/706 773/773/705 
f 745/745/677 747/747/679 775/775/707 774/774/706 
f 747/747/679 749/749/681 776/776/708 775/775/707 
f 749/749/681 751/751/683 777/777/709 776/776/708 
f 751/751/683 753/753/685 778/778/710 777/777/709 
f 753/753/685 755/755/687 779/779/711 778/778/710 
f 755/755/687 757/757/689 780/780/712 779/779/711 
f 757/757/689 759/759/691 781/781/713 780/780/712 
f 759/759/691 761/761/693 782/782/714 781/781/713 
f 761/761/693 763/763/695 783/783/715 782/782/714 
f 763/763/695 765/765/697 784/784/716 783/783/715 
f 765/765/697 767/767/699 785/785/717 784/784/716 
f 767/767/699 735/1642/667 769/1645/701 785/785/717 
f 769/769/701 768/768/700 786/786/718 787/787/719 
f 768/768/700 770/770/702 788/788/720 786/786/718 
f 770/770/702 771/771/703 789/789/721 788/788/720 
f 771/771/703 772/772/704 790/790/722 789/789/721 
f 772/772/704 773/773/705 791/791/723 790/790/722 
f 773/773/705 774/774/706 792/792/724 791/791/723 
f 774/774/706 775/775/707 793/793/725 792/792/724 
f 775/775/707 776/776/708 794/794/726 793/793/725 
f 776/776/708 777/777/709 795/795/727 794/794/726 
f 777/777/709 778/778/710 796/796/728 795/795/727 
f 778/778/710 779/779/711 797/797/729 796/796/728 
f 779/779/711 780/780/712 798/798/730 797/797/729 
f 780/780/712 781/781/713 799/799/731 798/798/730 
f 781/781/713 782/782/714 800/800/732 799/799/731 
f 782/782/714 783/783/715 801/801/733 800/800/732 
f 783/783/715 784/784/716 802/802/734 801/801/733 
f 784/784/716 785/785/717 803/803/735 802/802/734 
f 785/785/717 769/1645/701 787/1646/719 803/803/735 
f 787/787/719 786/786/718 804/804/736 805/805/737 
f 786/786/718 788/788/720 806/806/738 804/804/736 
f 788/788/720 789/789/721 807/807/739 806/806/738 
f 789/789/721 790/790/722 808/808/740 807/807/739 
f 790/790/722 791/791/723 809/809/741 808/808/740 
f 791/791/723 792/792/724 810/810/742 809/809/741 
f 792/792/724 793/793/725 811/811/743 810/810/742 
f 793/793/725 794/794/726 812/812/744 811/811/743 
f 794/794/726 795/795/727 813/813/745 812/812/744 
f 795/795/727 796/796/728 814/814/746 813/813/745 
f 796/796/728 797/797/729 815/815/747 814/814/746 
f 797/797/729 798/798/730 816/816/748 815/815/747 
f 798/798/730 799/799/731 817/817/749 816/816/748 
f 799/799/731 800/800/732 818/818/750 817/817/749 
f 800/800/732 801/801/733 819/819/751 818/818/750 
f 801/801/733 802/802/734 820/820/752 819/819/751 
f 802/802/734 803/803/735 821/821/753 820/820/752 
f 803/803/735 787/1646/719 805/1647/737 821/821/753 
f 822/822/754 805/805/737 804/804/736 
f 822/1648/754 804/804/736 806/806/738 
f 822/1649/754 806/806/738 807/807/739 
f 822/1650/754 807/807/739 808/808/740 
f 822/1651/754 808/808/740 809/809/741 
f 822/1652/754 809/809/741 810/810/742 
f 822/1653/754 810/810/742 811/811/743 
f 822/1654/754 811/811/743 812/812/744 
f 822/1655/754 812/812/744 813/813/745 
f 822/1656/754 813/813/745 814/814/746 
f 822/1657/754 814/814/746 815/815/747 
f 822/1658/754 815/815/747 816/816/748 
f 822/1659/754 816/816/748 817/817/749 
f 822/1660/754 817/817/749 818/818/750 
f 822/1661/754 818/818/750 819/819/751 
f 822/1662/754 819/819/751 820/820/752 
f 822/1663/754 820/820/752 821/821/753 
f 822/1664/754 821/821/753 805/1647/737 
f 823/823/553 824/824/361 825/825/362 
f 823/1665/553 825/825/362 826/826/363 
f 823/1666/553 826/826/363 827/827/364 
f 823/1667/553 827/827/364 828/828/365 
f 823/1668/553 828/828/365 829/829/366 
f 823/1669/553 829/829/366 830/830/367 
f 823/1670/553 830/830/367 831/831/368 
f 823/1671/553 831/831/368 832/832/369 
f 823/1672/553 832/832/369 833/833/352 
f 823/1673/553 833/833/352 834/834/353 
f 823/1674/553 834/834/353 835/835/354 
f 823/1675/553 835/835/354 836/836/355 
f 823/1676/553 836/836/355 837/837/356 
f 823/1677/553 837/837/356 838/838/357 
f 823/1678/553 838/838/357 839/839/358 
f 823/1679/553 839/839/358 840/840/359 
f 823/1680/553 840/840/359 841/841/360 
f 823/1681/553 841/841/360 824/1682/361 
f 842/842/380 825/825/362 824/824/361 843/843/755 
f 844/844/381 826/826/363 825/825/362 842/842/380 
f 845/845/382 827/827/364 826/826/363 844/844/381 
f 846/846/383 828/828/365 827/827/364 845/845/382 
f 847/847/384 829/829/366 828/828/365 846/846/383 
f 848/848/385 830/830/367 829/829/366 847/847/384 
f 849/849/386 831/831/368 830/830/367 848/848/385 
f 850/850/387 832/832/369 831/831/368 849/849/386 
f 851/851/756 833/833/352 832/832/369 850/850/387 
f 852/852/370 834/834/353 833/833/352 851/851/756 
f 853/853/372 835/835/354 834/834/353 852/852/370 
f 854/854/373 836/836/355 835/835/354 853/853/372 
f 855/855/374 837/837/356 836/836/355 854/854/373 
f 856/856/375 838/838/357 837/837/356 855/855/374 
f 857/857/376 839/839/358 838/838/357 856/856/375 
f 858/858/377 840/840/359 839/839/358 857/857/376 
f 859/859/378 841/841/360 840/840/359 858/858/377 
f 843/1634/755 824/1682/361 841/841/360 859/859/378 
f 860/860/398 842/842/380 843/843/755 861/861/757 
f 862/862/399 844/844/381 842/842/380 860/860/398 
f 863/863/400 845/845/382 844/844/381 862/862/399 
f 864/864/401 846/846/383 845/845/382 863/863/400 
f 865/865/402 847/847/384 846/846/383 864/864/401 
f 866/866/403 848/848/385 847/847/384 865/865/402 
f 867/867/404 849/849/386 848/848/385 866/866/403 
f 868/868/405 850/850/387 849/849/386 867/867/404 
f 869/869/758 851/851/756 850/850/387 868/868/405 
f 870/870/388 852/852/370 851/851/756 869/869/758 
f 871/871/390 853/853/372 852/852/370 870/870/388 
f 872/872/391 854/854/373 853/853/372 871/871/390 
f 873/873/392 855/855/374 854/854/373 872/872/391 
f 874/874/393 856/856/375 855/855/374 873/873/392 
f 875/875/394 857/857/376 856/856/375 874/874/393 
f 876/876/395 858/858/377 857/857/376 875/875/394 
f 877/877/396 859/859/378 858/858/377 876/876/395 
f 861/1643/757 843/1634/755 859/859/378 877/877/396 
f 878/878/416 860/860/398 861/861/757 879/879/759 
f 880/880/417 862/862/399 860/860/398 878/878/416 
f 881/881/418 863/863/400 862/862/399 880/880/417 
f 882/882/419 864/864/401 863/863/400 881/881/418 
f 883/883/420 865/865/402 864/864/401 882/882/419 
f 884/884/421 866/866/403 865/865/402 883/883/420 
f 885/885/422 867/867/404 866/866/403 884/884/421 
f 886/886/760 868/868/405 867/867/404 885/885/422 
f 887/887/761 869/869/758 868/868/405 886/886/760 
f 888/888/762 870/870/388 869/869/758 887/887/761 
f 889/889/763 871/871/390 870/870/388 888/888/762 
f 890/890/409 872/872/391 871/871/390 889/889/763 
f 891/891/410 873/873/392 872/872/391 890/890/409 
f 892/892/411 874/874/393 873/873/392 891/891/410 
f 893/893/412 875/875/394 874/874/393 892/892/411 
f 894/894/413 876/876/395 875/875/394 893/893/412 
f 895/895/414 877/877/396 876/876/395 894/894/413 
f 879/879/759 861/1643/757 877/877/396 895/895/414 
s 2
f 878/878/416 879/879/759 896/896/764 897/897/434 
f 880/880/417 878/878/416 897/897/434 898/898/435 
f 881/881/418 880/880/417 898/898/435 899/899/436 
f 882/882/419 881/881/418 899/899/436 900/900/437 
f 883/883/420 882/882/419 900/900/437 901/901/438 
f 884/884/421 883/883/420 901/901/438 902/902/439 
f 885/885/422 884/884/421 902/902/439 903/903/440 
f 886/886/760 885/885/422 903/903/440 904/904/441 
f 887/887/761 886/886/760 904/904/441 905/905/765 
f 888/888/762 887/887/761 905/905/765 906/906/425 
f 889/889/763 888/888/762 906/906/425 907/907/426 
f 890/890/409 889/889/763 907/907/426 908/908/427 
f 891/891/410 890/890/409 908/908/427 909/909/428 
f 892/892/411 891/891/410 909/909/428 910/910/429 
f 893/893/412 892/892/411 910/910/429 911/911/430 
f 894/894/413 893/893/412 911/911/430 912/912/431 
f 895/895/414 894/894/413 912/912/431 913/913/432 
f 879/879/759 895/895/414 913/913/432 896/896/764 
f 914/914/766 915/915/767 916/916/768 917/917/769 
s 4
f 918/918/770 919/919/771 920/920/772 921/921/773 
s 16
f 917/1415/769 916/1683/768 919/1312/771 918/1559/770 
s 64
f 915/1351/767 914/1554/766 921/1422/773 920/1551/772 
s 2
f 915/915/767 922/922/774 923/1361/775 916/916/768 
f 924/924/776 925/925/777 926/1685/778 927/927/779 
f 917/917/769 924/924/776 927/927/779 914/914/766 
s 4
f 919/919/771 928/928/780 929/1686/781 920/920/772 
f 930/930/782 931/931/783 932/1687/784 933/933/785 
f 921/921/773 930/930/782 933/933/785 918/918/770 
s 16
f 916/1683/768 923/923/775 928/1562/780 919/1312/771 
f 933/1406/785 932/932/784 925/1429/777 924/1684/776 
f 918/1559/770 933/1406/785 924/1684/776 917/1415/769 
s 64
f 927/1334/779 926/926/778 931/1393/783 930/1688/782 
f 914/1554/766 927/1334/779 930/1688/782 921/1422/773 
f 920/1551/772 929/929/781 922/1565/774 915/1351/767 
s 1
f 934/1689/481 935/935/786 936/936/482 937/937/787 
f 937/937/787 936/936/482 938/938/484 939/939/485 
f 939/939/485 938/938/484 940/940/486 941/941/788 
f 941/941/788 940/940/486 942/942/488 943/943/789 
f 943/943/789 942/942/488 944/944/490 945/945/790 
f 945/945/790 944/944/490 946/946/791 947/947/493 
f 947/947/493 946/946/791 948/948/494 949/949/495 
f 949/949/495 948/948/494 950/950/496 951/951/792 
f 951/951/792 950/950/496 952/952/793 953/953/794 
f 953/953/794 952/952/793 954/954/464 955/955/465 
f 955/955/465 954/954/464 956/956/466 957/957/467 
f 957/957/467 956/956/466 958/958/468 959/959/795 
f 959/959/795 958/958/468 960/960/470 961/961/796 
f 961/961/796 960/960/470 962/962/472 963/963/473 
f 963/963/473 962/962/472 964/964/474 965/965/797 
f 965/965/797 964/964/474 966/966/476 967/967/798 
f 967/967/798 966/966/476 968/968/478 969/969/479 
f 969/969/479 968/968/478 935/1690/786 934/934/481 
f 935/935/786 970/970/799 971/971/508 936/936/482 
f 936/936/482 971/971/508 972/972/509 938/938/484 
f 938/938/484 972/972/509 973/973/510 940/940/486 
f 940/940/486 973/973/510 974/974/511 942/942/488 
f 942/942/488 974/974/511 975/975/512 944/944/490 
f 944/944/490 975/975/512 976/976/513 946/946/791 
f 946/946/791 976/976/513 977/977/514 948/948/494 
f 948/948/494 977/977/514 978/978/515 950/950/496 
f 950/950/496 978/978/515 979/979/498 952/952/793 
f 952/952/793 979/979/498 980/980/499 954/954/464 
f 954/954/464 980/980/499 981/981/500 956/956/466 
f 956/956/466 981/981/500 982/982/501 958/958/468 
f 958/958/468 982/982/501 983/983/502 960/960/470 
f 960/960/470 983/983/502 984/984/503 962/962/472 
f 962/962/472 984/984/503 985/985/504 964/964/474 
f 964/964/474 985/985/504 986/986/505 966/966/476 
f 966/966/476 986/986/505 987/987/506 968/968/478 
f 968/968/478 987/987/506 970/1691/799 935/1690/786 
f 970/970/799 988/988/800 989/989/526 971/971/508 
f 971/971/508 989/989/526 990/990/527 972/972/509 
f 972/972/509 990/990/527 991/991/528 973/973/510 
f 973/973/510 991/991/528 992/992/529 974/974/511 
f 974/974/511 992/992/529 993/993/530 975/975/512 
f 975/975/512 993/993/530 994/994/531 976/976/513 
f 976/976/513 994/994/531 995/995/532 977/977/514 
f 977/977/514 995/995/532 996/996/533 978/978/515 
f 978/978/515 996/996/533 997/997/801 979/979/498 
f 979/979/498 997/997/801 998/998/517 980/980/499 
f 980/980/499 998/998/517 999/999/518 981/981/500 
f 981/981/500 999/999/518 1000/1000/519 982/982/501 
f 982/982/501 1000/1000/519 1001/1001/520 983/983/502 
f 983/983/502 1001/1001/520 1002/1002/521 984/984/503 
f 984/984/503 1002/1002/521 1003/1003/522 985/985/504 
f 985/985/504 1003/1003/522 1004/1004/523 986/986/505 
f 986/986/505 1004/1004/523 1005/1005/524 987/987/506 
f 987/987/506 1005/1005/524 988/1585/800 970/1691/799 
f 988/988/800 1006/1006/543 1007/1007/544 989/989/526 
f 989/989/526 1007/1007/544 1008/1008/545 990/990/527 
f 990/990/527 1008/1008/545 1009/1009/546 991/991/528 
f 991/991/528 1009/1009/546 1010/1010/547 992/992/529 
f 992/992/529 1010/1010/547 1011/1011/548 993/993/530 
f 993/993/530 1011/1011/548 1012/1012/549 994/994/531 
f 994/994/531 1012/1012/549 1013/1013/550 995/995/532 
f 995/995/532 1013/1013/550 1014/1014/551 996/996/533 
f 996/996/533 1014/1014/551 1015/1015/534 997/997/801 
f 997/997/801 1015/1015/534 1016/1016/535 998/998/517 
f 998/998/517 1016/1016/535 1017/1017/536 999/999/518 
f 999/999/518 1017/1017/536 1018/1018/537 1000/1000/519 
f 1000/1000/519 1018/1018/537 1019/1019/538 1001/1001/520 
f 1001/1001/520 1019/1019/538 1020/1020/539 1002/1002/521 
f 1002/1002/521 1020/1020/539 1021/1021/540 1003/1003/522 
f 1003/1003/522 1021/1021/540 1022/1022/541 1004/1004/523 
f 1004/1004/523 1022/1022/541 1023/1023/542 1005/1005/524 
f 1005/1005/524 1023/1023/542 1006/1586/543 988/1585/800 
f 1024/1024/802 1007/1007/544 1006/1006/543 
f 1024/1620/802 1008/1008/545 1007/1007/544 
f 1024/1619/802 1009/1009/546 1008/1008/545 
f 1024/1618/802 1010/1010/547 1009/1009/546 
f 1024/1617/802 1011/1011/548 1010/1010/547 
f 1024/1616/802 1012/1012/549 1011/1011/548 
f 1024/1615/802 1013/1013/550 1012/1012/549 
f 1024/1614/802 1014/1014/551 1013/1013/550 
f 1024/1613/802 1015/1015/534 1014/1014/551 
f 1024/1612/802 1016/1016/535 1015/1015/534 
f 1024/1611/802 1017/1017/536 1016/1016/535 
f 1024/1610/802 1018/1018/537 1017/1017/536 
f 1024/1609/802 1019/1019/538 1018/1018/537 
f 1024/1608/802 1020/1020/539 1019/1019/538 
f 1024/1607/802 1021/1021/540 1020/1020/539 
f 1024/1606/802 1022/1022/541 1021/1021/540 
f 1024/1605/802 1023/1023/542 1022/1022/541 
f 1024/1621/802 1006/1586/543 1023/1023/542 
f 1025/1025/351 1026/1026/803 1027/1027/563 
f 1025/1378/351 1028/1028/565 1026/1026/803 
f 1025/1377/351 1029/1029/566 1028/1028/565 
f 1025/1376/351 1030/1030/567 1029/1029/566 
f 1025/1375/351 1031/1031/568 1030/1030/567 
f 1025/1374/351 1032/1032/569 1031/1031/568 
f 1025/1373/351 1033/1033/570 1032/1032/569 
f 1025/1372/351 1034/1034/571 1033/1033/570 
f 1025/1371/351 1035/1035/555 1034/1034/571 
f 1025/1370/351 1036/1036/554 1035/1035/555 
f 1025/1369/351 1037/1037/556 1036/1036/554 
f 1025/1368/351 1038/1038/557 1037/1037/556 
f 1025/1367/351 1039/1039/558 1038/1038/557 
f 1025/1366/351 1040/1040/559 1039/1039/558 
f 1025/1365/351 1041/1041/560 1040/1040/559 
f 1025/1364/351 1042/1042/561 1041/1041/560 
f 1025/1363/351 1043/1043/562 1042/1042/561 
f 1025/1379/351 1027/1358/563 1043/1043/562 
f 1044/1044/582 1045/1045/581 1027/1027/563 1026/1026/803 
f 1046/1046/583 1044/1044/582 1026/1026/803 1028/1028/565 
f 1047/1047/584 1046/1046/583 1028/1028/565 1029/1029/566 
f 1048/1048/804 1047/1047/584 1029/1029/566 1030/1030/567 
f 1049/1049/586 1048/1048/804 1030/1030/567 1031/1031/568 
f 1050/1050/587 1049/1049/586 1031/1031/568 1032/1032/569 
f 1051/1051/588 1050/1050/587 1032/1032/569 1033/1033/570 
f 1052/1052/589 1051/1051/588 1033/1033/570 1034/1034/571 
f 1053/1053/573 1052/1052/589 1034/1034/571 1035/1035/555 
f 1054/1054/572 1053/1053/573 1035/1035/555 1036/1036/554 
f 1055/1055/574 1054/1054/572 1036/1036/554 1037/1037/556 
f 1056/1056/575 1055/1055/574 1037/1037/556 1038/1038/557 
f 1057/1057/576 1056/1056/575 1038/1038/557 1039/1039/558 
f 1058/1058/577 1057/1057/576 1039/1039/558 1040/1040/559 
f 1059/1059/578 1058/1058/577 1040/1040/559 1041/1041/560 
f 1060/1060/579 1059/1059/578 1041/1041/560 1042/1042/561 
f 1061/1061/580 1060/1060/579 1042/1042/561 1043/1043/562 
f 1045/1518/581 1061/1061/580 1043/1043/562 1027/1358/563 
f 1062/1062/600 1063/1063/599 1045/1045/581 1044/1044/582 
f 1064/1064/601 1062/1062/600 1044/1044/582 1046/1046/583 
f 1065/1065/602 1064/1064/601 1046/1046/583 1047/1047/584 
f 1066/1066/603 1065/1065/602 1047/1047/584 1048/1048/804 
f 1067/1067/604 1066/1066/603 1048/1048/804 1049/1049/586 
f 1068/1068/605 1067/1067/604 1049/1049/586 1050/1050/587 
f 1069/1069/606 1068/1068/605 1050/1050/587 1051/1051/588 
f 1070/1070/607 1069/1069/606 1051/1051/588 1052/1052/589 
f 1071/1071/591 1070/1070/607 1052/1052/589 1053/1053/573 
f 1072/1072/590 1071/1071/591 1053/1053/573 1054/1054/572 
f 1073/1073/592 1072/1072/590 1054/1054/572 1055/1055/574 
f 1074/1074/593 1073/1073/592 1055/1055/574 1056/1056/575 
f 1075/1075/594 1074/1074/593 1056/1056/575 1057/1057/576 
f 1076/1076/595 1075/1075/594 1057/1057/576 1058/1058/577 
f 1077/1077/596 1076/1076/595 1058/1058/577 1059/1059/578 
f 1078/1078/597 1077/1077/596 1059/1059/578 1060/1060/579 
f 1079/1079/598 1078/1078/597 1060/1060/579 1061/1061/580 
f 1063/1692/599 1079/1079/598 1061/1061/580 1045/1518/581 
f 1080/1080/618 1081/1081/617 1063/1063/599 1062/1062/600 
f 1082/1082/805 1080/1080/618 1062/1062/600 1064/1064/601 
f 1083/1083/620 1082/1082/805 1064/1064/601 1065/1065/602 
f 1084/1084/621 1083/1083/620 1065/1065/602 1066/1066/603 
f 1085/1085/622 1084/1084/621 1066/1066/603 1067/1067/604 
f 1086/1086/623 1085/1085/622 1067/1067/604 1068/1068/605 
f 1087/1087/806 1086/1086/623 1068/1068/605 1069/1069/606 
f 1088/1088/625 1087/1087/806 1069/1069/606 1070/1070/607 
f 1089/1089/609 1088/1088/625 1070/1070/607 1071/1071/591 
f 1090/1090/608 1089/1089/609 1071/1071/591 1072/1072/590 
f 1091/1091/807 1090/1090/608 1072/1072/590 1073/1073/592 
f 1092/1092/611 1091/1091/807 1073/1073/592 1074/1074/593 
f 1093/1093/612 1092/1092/611 1074/1074/593 1075/1075/594 
f 1094/1094/613 1093/1093/612 1075/1075/594 1076/1076/595 
f 1095/1095/614 1094/1094/613 1076/1076/595 1077/1077/596 
f 1096/1096/808 1095/1095/614 1077/1077/596 1078/1078/597 
f 1097/1097/616 1096/1096/808 1078/1078/597 1079/1079/598 
f 1081/1081/617 1097/1097/616 1079/1079/598 1063/1692/599 
s 2
f 1080/1080/618 1098/1098/636 1099/1099/635 1081/1081/617 
f 1082/1082/805 1100/1100/637 1098/1098/636 1080/1080/618 
f 1083/1083/620 1101/1101/638 1100/1100/637 1082/1082/805 
f 1084/1084/621 1102/1102/639 1101/1101/638 1083/1083/620 
f 1085/1085/622 1103/1103/640 1102/1102/639 1084/1084/621 
f 1086/1086/623 1104/1104/641 1103/1103/640 1085/1085/622 
f 1087/1087/806 1105/1105/642 1104/1104/641 1086/1086/623 
f 1088/1088/625 1106/1106/643 1105/1105/642 1087/1087/806 
f 1089/1089/609 1107/1107/627 1106/1106/643 1088/1088/625 
f 1090/1090/608 1108/1108/626 1107/1107/627 1089/1089/609 
f 1091/1091/807 1109/1109/628 1108/1108/626 1090/1090/608 
f 1092/1092/611 1110/1110/629 1109/1109/628 1091/1091/807 
f 1093/1093/612 1111/1111/630 1110/1110/629 1092/1092/611 
f 1094/1094/613 1112/1112/631 1111/1111/630 1093/1093/612 
f 1095/1095/614 1113/1113/632 1112/1112/631 1094/1094/613 
f 1096/1096/808 1114/1114/633 1113/1113/632 1095/1095/614 
f 1097/1097/616 1115/1115/634 1114/1114/633 1096/1096/808 
f 1081/1081/617 1099/1099/635 1115/1115/634 1097/1097/616 
f 1116/1116/809 1117/1117/810 1118/1118/811 1119/1119/812 
s 4
f 1120/1120/813 1121/1121/814 1122/1122/815 1123/1123/816 
s 16
f 1117/1279/810 1120/1693/813 1123/1457/816 1118/1284/811 
s 64
f 1119/1271/812 1122/1452/815 1121/1454/814 1116/1323/809 
s 2
f 1119/1119/812 1118/1118/811 1124/1124/817 1125/1315/818 
f 1126/1126/819 1127/1127/820 1128/1128/821 1129/1291/822 
f 1117/1117/810 1116/1116/809 1127/1127/820 1126/1126/819 
s 4
f 1123/1123/816 1122/1122/815 1130/1130/823 1131/1302/824 
f 1132/1132/825 1133/1133/826 1134/1134/827 1135/1331/828 
f 1121/1121/814 1120/1120/813 1133/1133/826 1132/1132/825 
s 16
f 1118/1284/811 1123/1457/816 1131/1131/824 1124/1350/817 
f 1133/1337/826 1126/1318/819 1129/1129/822 1134/1340/827 
f 1120/1693/813 1117/1279/810 1126/1318/819 1133/1337/826 
s 64
f 1127/1309/820 1132/1360/825 1135/1135/828 1128/1440/821 
f 1116/1323/809 1121/1454/814 1132/1360/825 1127/1309/820 
f 1122/1452/815 1119/1271/812 1125/1125/818 1130/1297/823 
s 1
f 1136/1136/682 1137/1137/684 1138/1138/685 1139/1139/683 
f 1137/1137/684 1140/1140/686 1141/1141/687 1138/1138/685 
f 1140/1140/686 1142/1142/829 1143/1143/689 1141/1141/687 
f 1142/1142/829 1144/1144/690 1145/1145/691 1143/1143/689 
f 1144/1144/690 1146/1146/692 1147/1147/693 1145/1145/691 
f 1146/1146/692 1148/1148/694 1149/1149/695 1147/1147/693 
f 1148/1148/694 1150/1150/696 1151/1151/697 1149/1149/695 
f 1150/1150/696 1152/1152/830 1153/1153/699 1151/1151/697 
f 1152/1152/830 1154/1154/831 1155/1155/667 1153/1153/699 
f 1154/1154/831 1156/1156/665 1157/1157/666 1155/1155/667 
f 1156/1156/665 1158/1158/668 1159/1159/669 1157/1157/666 
f 1158/1158/668 1160/1160/832 1161/1161/671 1159/1159/669 
f 1160/1160/832 1162/1162/672 1163/1163/673 1161/1161/671 
f 1162/1162/672 1164/1164/674 1165/1165/675 1163/1163/673 
f 1164/1164/674 1166/1166/676 1167/1167/677 1165/1165/675 
f 1166/1166/676 1168/1168/678 1169/1169/679 1167/1167/677 
f 1168/1168/678 1170/1170/680 1171/1171/681 1169/1169/679 
f 1170/1170/680 1136/1450/682 1139/1320/683 1171/1171/681 
f 1139/1139/683 1138/1138/685 1172/1172/710 1173/1173/709 
f 1138/1138/685 1141/1141/687 1174/1174/711 1172/1172/710 
f 1141/1141/687 1143/1143/689 1175/1175/712 1174/1174/711 
f 1143/1143/689 1145/1145/691 1176/1176/713 1175/1175/712 
f 1145/1145/691 1147/1147/693 1177/1177/714 1176/1176/713 
f 1147/1147/693 1149/1149/695 1178/1178/715 1177/1177/714 
f 1149/1149/695 1151/1151/697 1179/1179/716 1178/1178/715 
f 1151/1151/697 1153/1153/699 1180/1180/717 1179/1179/716 
f 1153/1153/699 1155/1155/667 1181/1181/701 1180/1180/717 
f 1155/1155/667 1157/1157/666 1182/1182/700 1181/1181/701 
f 1157/1157/666 1159/1159/669 1183/1183/702 1182/1182/700 
f 1159/1159/669 1161/1161/671 1184/1184/703 1183/1183/702 
f 1161/1161/671 1163/1163/673 1185/1185/704 1184/1184/703 
f 1163/1163/673 1165/1165/675 1186/1186/705 1185/1185/704 
f 1165/1165/675 1167/1167/677 1187/1187/706 1186/1186/705 
f 1167/1167/677 1169/1169/679 1188/1188/707 1187/1187/706 
f 1169/1169/679 1171/1171/681 1189/1189/708 1188/1188/707 
f 1171/1171/681 1139/1320/683 1173/1694/709 1189/1189/708 
f 1173/1173/709 1172/1172/710 1190/1190/728 1191/1191/727 
f 1172/1172/710 1174/1174/711 1192/1192/729 1190/1190/728 
f 1174/1174/711 1175/1175/712 1193/1193/730 1192/1192/729 
f 1175/1175/712 1176/1176/713 1194/1194/731 1193/1193/730 
f 1176/1176/713 1177/1177/714 1195/1195/732 1194/1194/731 
f 1177/1177/714 1178/1178/715 1196/1196/733 1195/1195/732 
f 1178/1178/715 1179/1179/716 1197/1197/734 1196/1196/733 
f 1179/1179/716 1180/1180/717 1198/1198/735 1197/1197/734 
f 1180/1180/717 1181/1181/701 1199/1199/719 1198/1198/735 
f 1181/1181/701 1182/1182/700 1200/1200/718 1199/1199/719 
f 1182/1182/700 1183/1183/702 1201/1201/720 1200/1200/718 
f 1183/1183/702 1184/1184/703 1202/1202/721 1201/1201/720 
f 1184/1184/703 1185/1185/704 1203/1203/722 1202/1202/721 
f 1185/1185/704 1186/1186/705 1204/1204/723 1203/1203/722 
f 1186/1186/705 1187/1187/706 1205/1205/724 1204/1204/723 
f 1187/1187/706 1188/1188/707 1206/1206/725 1205/1205/724 
f 1188/1188/707 1189/1189/708 1207/1207/726 1206/1206/725 
f 1189/1189/708 1173/1694/709 1191/1307/727 1207/1207/726 
f 1191/1191/727 1190/1190/728 1208/1208/833 1209/1209/745 
f 1190/1190/728 1192/1192/729 1210/1210/747 1208/1208/833 
f 1192/1192/729 1193/1193/730 1211/1211/748 1210/1210/747 
f 1193/1193/730 1194/1194/731 1212/1212/749 1211/1211/748 
f 1194/1194/731 1195/1195/732 1213/1213/750 1212/1212/749 
f 1195/1195/732 1196/1196/733 1214/1214/751 1213/1213/750 
f 1196/1196/733 1197/1197/734 1215/1215/834 1214/1214/751 
f 1197/1197/734 1198/1198/735 1216/1216/753 1215/1215/834 
f 1198/1198/735 1199/1199/719 1217/1217/737 1216/1216/753 
f 1199/1199/719 1200/1200/718 1218/1218/835 1217/1217/737 
f 1200/1200/718 1201/1201/720 1219/1219/738 1218/1218/835 
f 1201/1201/720 1202/1202/721 1220/1220/739 1219/1219/738 
f 1202/1202/721 1203/1203/722 1221/1221/740 1220/1220/739 
f 1203/1203/722 1204/1204/723 1222/1222/741 1221/1221/740 
f 1204/1204/723 1205/1205/724 1223/1223/742 1222/1222/741 
f 1205/1205/724 1206/1206/725 1224/1224/836 1223/1223/742 
f 1206/1206/725 1207/1207/726 1225/1225/744 1224/1224/836 
f 1207/1207/726 1191/1307/727 1209/1695/745 1225/1225/744 
f 1226/1226/837 1209/1209/745 1208/1208/833 
f 1226/1696/837 1208/1208/833 1210/1210/747 
f 1226/1697/837 1210/1210/747 1211/1211/748 
f 1226/1698/837 1211/1211/748 1212/1212/749 
f 1226/1699/837 1212/1212/749 1213/1213/750 
f 1226/1700/837 1213/1213/750 1214/1214/751 
f 1226/1701/837 1214/1214/751 1215/1215/834 
f 1226/1702/837 1215/1215/834 1216/1216/753 
f 1226/1703/837 1216/1216/753 1217/1217/737 
f 1226/1704/837 1217/1217/737 1218/1218/835 
f 1226/1705/837 1218/1218/835 1219/1219/738 
f 1226/1706/837 1219/1219/738 1220/1220/739 
f 1226/1707/837 1220/1220/739 1221/1221/740 
f 1226/1708/837 1221/1221/740 1222/1222/741 
f 1226/1709/837 1222/1222/741 1223/1223/742 
f 1226/1710/837 1223/1223/742 1224/1224/836 
f 1226/1711/837 1224/1224/836 1225/1225/744 
f 1226/1712/837 1225/1225/744 1209/1695/745 
s 2
f 96/1400/86 91/1399/82 85/1345/77 57/57/55 
f 92/1398/83 95/1405/85 94/1404/84 55/55/54 
f 88/1349/79 89/1397/80 81/1336/45 44/44/44 
f 90/1396/81 87/1347/78 86/1343/77 56/56/55 
f 84/1333/76 79/1321/73 75/1308/70 43/43/43 
f 80/1324/74 83/1330/75 82/1339/45 45/45/45 
f 78/1328/72 73/1314/68 65/1280/52 52/52/51 
f 74/1317/69 77/1326/71 76/1311/70 46/46/43 
f 68/1276/64 71/1303/66 70/1299/65 51/51/50 
f 72/1288/67 67/1272/63 66/1285/52 53/53/52 
f 70/1298/65 69/1293/65 54/54/53 6/1300/6 
f 94/1403/84 93/1402/84 58/58/56 4/1277/4 
f 5/1296/99 106/1423/102 108/1426/104 
f 5/1296/99 108/1426/104 115/1439/113 18/18/18 
f 18/1342/18 17/1338/17 51/51/50 
f 54/54/53 32/1362/32 31/1359/31 120/1444/118 
f 120/1444/118 111/1433/109 109/1431/107 
f 109/1259/107 6/1260/106 6/1261/6 
f 3/1275/87 98/1409/90 100/1412/92 
f 3/1275/87 100/1412/92 117/1443/115 36/36/36 
f 36/1392/36 35/1390/35 55/55/54 
f 58/58/56 26/1355/26 25/1354/25 114/1436/112 
f 114/1436/112 103/1419/97 101/1417/95 
f 101/1262/95 4/1263/94 4/1264/4 
f 7/1306/105 110/1430/108 112/1435/110 
f 7/1306/105 112/1435/110 119/1446/117 30/30/30 
f 30/1382/30 29/1380/29 59/59/57 
f 62/62/60 20/1335/20 19/1332/19 116/1441/114 
f 116/1441/114 107/1428/103 105/1424/101 
f 105/1265/101 8/1266/100 8/1267/8 
f 1/1283/93 102/1416/96 104/1421/98 
f 1/1283/93 104/1421/98 113/1438/111 24/24/24 
f 24/1353/24 23/1348/23 41/41/41 
f 42/42/42 38/1388/38 37/1386/37 118/1442/116 
f 118/1442/116 99/1414/91 97/1410/89 
f 97/1268/89 2/1269/88 2/1270/2 
f 129/1459/127 128/128/126 62/62/60 8/1289/8 
f 125/125/123 129/1459/127 8/1289/8 7/7/7 
f 130/1460/128 126/126/124 59/59/57 60/60/58 
f 127/127/125 130/1460/128 60/60/58 61/61/59 
s off
f 128/1456/126 129/129/127 71/71/66 
f 126/1453/124 130/130/128 67/67/63 
s 2
f 368/368/300 359/1486/291 362/1485/294 
f 362/1485/294 363/1489/295 382/1516/314 369/369/301 
f 374/374/306 361/1488/293 360/1487/292 
f 360/1487/292 365/1491/297 380/1512/312 372/1500/304 
f 362/1485/294 379/1509/311 364/1490/296 363/1489/295 
f 360/1487/292 381/1513/313 366/1492/298 365/1491/297 
f 362/1485/294 370/1498/302 373/1497/305 379/1509/311 
f 360/1487/292 375/1504/307 376/1503/308 381/1513/313 
f 362/1485/294 378/1508/310 370/1498/302 
f 360/1487/292 377/1506/309 375/1504/307 
#end 1155 faces

#ZOMPROPERTIES_04{
#ZOMPROPERTIES_04 table {Mesh table {SymPlane table {Point vector3d 0 0 0 Normal vector3d 1 0 0 Threshold double 0.01 
#ZOMPROPERTIES_04 Enabled bool false EdgeID int -1 SymEdgeID int -1 UPos double 0.5 LocalMode bool false } RootGroup C
#ZOMPROPERTIES_04 SubMeshGroup {Children table {Tile_0_0 CSubMeshGroup {Children table {} BBoxUV box3d 0 0 0 0 0 0 BBo
#ZOMPROPERTIES_04 x3D box3d 0 0 0 0 0 0 Area3D double 0 AreaUV double 0 IsRoot bool false Properties table {Selected b
#ZOMPROPERTIES_04 ool false Box box3d 0 1 0 1 0 1 U int 0 V int 0 NU int 0 NV int 0 Pack table {BoxFrameEdit bool fals
#ZOMPROPERTIES_04 e Behavior string "Free" Locked bool false Scaling table {Optimization string "Fill" } } Hotspot tab
#ZOMPROPERTIES_04 le {} } IsTile bool true PolyIDs ints { 1126 1132 78 1138 1120 77 75 76 1127 1128 1133 1134 1115 111
#ZOMPROPERTIES_04 6 1121 1122 61 62 59 60 63 64 65 66 83 85 79 81 1000 1012 1011 1010 608 620 619 618 803 811 813 812 
#ZOMPROPERTIES_04 804 816 815 814 412 423 422 424 411 421 420 419 999 1007 1009 1008 607 615 617 616 2 6 5 4 69 70 9 8
#ZOMPROPERTIES_04  7 67 68 3 15 14 13 71 72 12 11 10 73 74 0 1 801 805 807 806 409 413 415 414 605 609 611 610 997 100
#ZOMPROPERTIES_04 3 1002 1001 410 416 418 417 606 614 613 612 802 808 810 809 998 1006 1005 1004 1013 1014 1015 1016 1
#ZOMPROPERTIES_04 034 1033 1051 1069 1070 1088 1071 1089 1072 1090 1073 1091 1074 1056 1057 1075 1076 1094 1077 1095 1
#ZOMPROPERTIES_04 078 1096 1079 1097 1080 1098 1081 1063 1064 1065 1083 1101 1084 1066 1102 1082 1100 1048 1030 1029 1
#ZOMPROPERTIES_04 028 1027 1045 1026 1044 1043 1025 1024 1023 1041 1040 1058 1059 1022 1021 1039 1038 1020 1019 1018 1
#ZOMPROPERTIES_04 036 1035 1053 1017 1054 1037 1055 1042 1060 1061 1062 1046 1047 1099 1093 1092 1052 1068 1086 1050 1
#ZOMPROPERTIES_04 049 1031 1067 1085 1087 1032 621 622 640 658 657 675 693 676 694 677 678 696 679 680 698 681 699 682
#ZOMPROPERTIES_04  683 701 684 702 685 686 668 669 670 688 689 707 690 672 673 691 709 692 710 674 656 638 637 636 654
#ZOMPROPERTIES_04  655 635 634 652 651 633 632 631 649 648 666 667 630 629 628 627 626 644 643 661 625 624 623 642 641
#ZOMPROPERTIES_04  660 662 645 663 646 664 647 665 650 653 671 708 706 687 705 704 703 700 697 659 695 639 817 818 819
#ZOMPROPERTIES_04  820 821 822 823 824 825 826 827 828 829 830 831 832 833 834 852 851 869 887 888 906 886 904 885 903
#ZOMPROPERTIES_04  884 902 883 901 882 900 881 863 862 861 879 878 877 895 876 894 875 893 874 892 873 891 872 890 871
#ZOMPROPERTIES_04  889 853 854 836 835 855 837 856 838 857 839 840 858 859 841 860 842 896 897 843 844 880 898 845 864
#ZOMPROPERTIES_04  846 899 865 847 848 866 867 849 868 905 850 870 425 426 427 428 429 430 431 432 433 434 435 436 437
#ZOMPROPERTIES_04  438 439 440 441 442 460 478 496 495 513 494 512 493 511 492 510 491 509 490 508 489 507 488 487 469
#ZOMPROPERTIES_04  468 486 504 485 503 484 502 483 501 482 500 481 499 480 498 479 497 461 443 462 444 463 445 464 446
#ZOMPROPERTIES_04  465 447 466 448 467 449 450 451 452 470 505 471 453 506 472 454 473 455 474 456 457 475 476 458 477
#ZOMPROPERTIES_04  459 514 233 251 252 234 235 236 254 253 271 270 269 272 273 274 275 257 256 238 239 240 241 242 260
#ZOMPROPERTIES_04  261 279 278 280 262 244 243 245 263 264 246 247 248 266 265 283 282 281 284 285 286 268 267 249 250
#ZOMPROPERTIES_04  277 276 259 258 237 255 125 143 161 178 160 159 141 140 139 138 137 136 135 134 133 151 150 168 167
#ZOMPROPERTIES_04  149 131 132 130 148 147 165 166 129 169 170 171 172 173 174 175 176 158 177 157 156 155 154 153 152
#ZOMPROPERTIES_04  142 162 163 164 146 128 127 145 126 144 179 197 215 232 214 213 195 194 193 192 191 190 189 188 187
#ZOMPROPERTIES_04  205 204 222 223 224 225 226 227 228 229 230 212 231 211 210 209 208 207 206 221 220 202 203 185 186
#ZOMPROPERTIES_04  184 183 201 219 196 216 217 218 200 182 181 180 199 198 319 337 338 320 339 321 340 341 323 342 324
#ZOMPROPERTIES_04  343 325 344 326 345 327 346 347 329 348 330 349 367 366 384 383 382 381 399 398 397 379 361 378 360
#ZOMPROPERTIES_04  359 377 395 394 376 375 393 392 391 408 407 406 388 387 405 404 403 402 385 386 368 350 332 351 352
#ZOMPROPERTIES_04  334 353 335 354 336 372 390 371 370 369 333 389 373 355 374 356 357 396 358 380 362 363 364 400 401
#ZOMPROPERTIES_04  365 331 328 322 711 729 730 748 749 731 713 732 750 751 733 715 734 735 717 736 718 737 719 738 720
#ZOMPROPERTIES_04  739 757 758 740 722 741 723 742 724 743 725 744 726 745 746 728 764 763 781 782 800 799 798 780 779
#ZOMPROPERTIES_04  797 796 795 794 793 792 791 773 755 754 774 756 772 771 789 790 788 787 786 785 784 766 765 747 767
#ZOMPROPERTIES_04  783 768 769 770 752 753 775 776 777 759 778 760 761 762 727 721 716 714 712 907 925 943 944 962 961
#ZOMPROPERTIES_04  979 996 995 994 976 975 993 992 974 973 955 937 938 939 957 956 958 959 977 978 960 942 924 941 923
#ZOMPROPERTIES_04  940 922 921 920 936 918 935 917 934 916 933 915 932 914 931 949 948 930 912 929 911 928 910 927 909
#ZOMPROPERTIES_04  945 946 964 982 981 983 965 984 966 985 986 987 988 989 990 991 972 971 953 970 952 969 951 950 968
#ZOMPROPERTIES_04  967 947 963 913 954 919 980 926 908 515 533 551 569 587 604 586 568 567 549 531 548 566 565 547 529
#ZOMPROPERTIES_04  546 545 544 526 543 525 542 524 541 523 540 539 538 537 519 536 518 535 534 553 554 572 590 591 573
#ZOMPROPERTIES_04  574 592 593 594 576 577 595 596 578 579 597 598 599 581 582 600 601 583 602 603 584 585 563 580 562
#ZOMPROPERTIES_04  561 560 559 558 557 575 556 589 571 570 552 588 555 517 520 521 522 527 564 528 530 550 532 516 292
#ZOMPROPERTIES_04  300 299 290 297 298 291 1148 1150 1152 1154 1147 289 1146 1149 1151 1153 1145 301 318 317 316 315 3
#ZOMPROPERTIES_04 14 313 312 311 310 309 308 307 306 305 302 303 304 18 24 22 1118 80 1119 1113 57 56 1112 54 1110 52 
#ZOMPROPERTIES_04 27 25 1123 48 1104 1106 50 1108 17 28 26 1124 82 1125 1114 58 47 1103 49 1105 51 23 21 1117 55 1111 
#ZOMPROPERTIES_04 1109 53 1107 37 39 105 108 107 106 40 41 91 94 93 42 44 123 122 121 43 45 115 114 113 46 116 124 92 
#ZOMPROPERTIES_04 99 98 1143 97 38 100 1144 16 86 1136 34 36 19 31 29 1129 1141 95 1140 1139 96 30 1130 32 20 35 33 11
#ZOMPROPERTIES_04 35 112 111 117 120 119 118 89 88 87 90 103 102 101 104 1142 84 1131 110 109 1137 287 294 293 288 295
#ZOMPROPERTIES_04  296 } } } BBoxUV box3d 0 0 0 0 0 0 BBox3D box3d 0 0 0 0 0 0 Area3D double 0 AreaUV double 2.75128e-
#ZOMPROPERTIES_04 08 IsRoot bool true Properties table {Selected bool false Box box3d 0 1 0 1 0 1 U int 0 V int 0 NU i
#ZOMPROPERTIES_04 nt 1 NV int 1 Pack table {Rotate table {Initial string "Automatic" Min double 0 Max double 90 Step d
#ZOMPROPERTIES_04 ouble 0 } ResolutionDivisor int 0 MapResolution int 2048 UsePixelUnit bool true PaddingSize double 0
#ZOMPROPERTIES_04 .0078125 MarginSize double 0.00390625 PaddingSizePx int 16 MarginSizePx int 8 Scaling table {TexelDe
#ZOMPROPERTIES_04 nsity double 1024 Mode int 2 Optimization string "Fill" } MaxMutations int 1 Strategy string "Effici
#ZOMPROPERTIES_04 ent" Sides string "Closed" } Hotspot table {} Tiling vector3d 1 1 1 TileRatioMode string "1:1" } IsT
#ZOMPROPERTIES_04 ile bool false PolyIDs ints { } } Maps table {Pin CDataMap {PrimType string "Vertex" Size int 1 Defa
#ZOMPROPERTIES_04 ultValue double 0 ScaleType string "Normalized" MergeMode string "Max" MinValue double 0 MaxValue do
#ZOMPROPERTIES_04 uble 1 Data doubles { r 1712 0 } } Density CDataMap {PrimType string "Polygon" Size int 1 DefaultVal
#ZOMPROPERTIES_04 ue double 1 ScaleType string "Log" MergeMode string "Average" MinValue double 0.1 MaxValue double 4 
#ZOMPROPERTIES_04 Data doubles { r 1155 1 } } Protect CDataMap {PrimType string "Vertex" Size int 1 DefaultValue doubl
#ZOMPROPERTIES_04 e 0 ScaleType string "Normalized" MergeMode string "Average" MinValue double -1 MaxValue double 1 Da
#ZOMPROPERTIES_04 ta doubles { r 1712 0 } } } } }
#ZOMPROPERTIES_04}


#ZOMSCENE_01{
#ZOMSCENE_01 CScene {Settings table {AxisSystem table {UpVector string "y" } Unit string "cm" TexelDensityDisplay
#ZOMSCENE_01 Unit string "tx/cm" } Root CXForm {对象002 CPrim {PolyRange table {Low int 0 High int 1154 } } } }
#ZOMSCENE_01}

#begin 0 fatal error vertex (that RizomUV cannot handle)
#end 0 fatal error vertex (that RizomUV cannot handle)

#begin 0 error vertex
#end 0 error vertex
